@ NAME             %03s "IBS"
@ TYPE             %03s "IBS"
@ TITLE            %08s "no-title"
@ ORIGIN           %18s "5.09.03 Windows 64"
@ DATE             %08s "27/01/26"
@ TIME             %08s "16.10.05"
* NAME                                S               DELS                TLI                TXI                TYI               BETX               ALFX                 DX                DPX               BETY               ALFY                 DY                DPY 
$ %s                                %le                %le                %le                %le                %le                %le                %le                %le                %le                %le                %le                %le                %le 
 "C_SPD"                          2.625               5.25     -0.05150825389      0.02939195655      0.03158114904        23.68615934       -4.397814957     -0.01034352915    -0.004286599965        23.69257801       -4.399388384     -0.04209464709    -0.001584055167
 "HQFF"                            5.25                  0      -0.2456330316       0.2704770184       0.2746312728        46.77468787       -8.790284229     -0.02159585406    -0.004286599965        46.78936703       -8.805510388      -0.0462527919    -0.001584055167
 "QFF6W"                          5.725               0.95      -0.2640387354       0.6763234066       0.1205016208        68.66378141       -25.95397389     -0.02593564897    -0.009430666425         45.8324243       0.8731822778     -0.04260342092     0.007432214396
 "HQFF"                             6.2                  0      -0.2686785093        1.084375019      0.03261408369        90.55287496       -43.11766355     -0.03027544387     -0.01457473289        44.87548158        10.55187494     -0.03895404994      0.01644848396
 "OO1"                           6.3575              0.315      -0.2662884845        1.411485205     -0.03472873969        105.1540766       -46.35302117      -0.0325709643     -0.01457473289        41.67584177        10.15758669     -0.03636341372      0.01644848396
 "HQFF"                           6.515                  0      -0.2624640946        1.757908288     -0.08729281315        119.7552783       -49.58837878     -0.03486648473     -0.01457473289        38.47620196        9.763298439     -0.03377277749      0.01644848396
 "QFF5W"                          7.225               1.42      -0.2632623964        1.922392617     -0.08149573059        132.5662247       -6.238266165     -0.03672414899    -0.002423817384        40.59727701       -1.903904429     -0.02822336401     0.008375004487
 "HQFF"                           7.935                  0      -0.2640080918        2.077280194     -0.07788979752        145.3771712        37.11184645     -0.03858181324     0.009727098117        42.71835205        -13.5711073     -0.02267395054    0.0003015250165
 "OO2"                           8.3025              0.735       -0.273362643        1.420375633      0.06047492705        120.6608415        33.62765937     -0.03500710468     0.009727098117        53.86399604       -15.16414149     -0.02256314009    0.0003015250165
 "HQFF"                            8.67                  0      -0.2787988021       0.8839486218        0.255625318        95.94451189        30.14347229     -0.03143239612     0.009727098117        65.00964004       -16.75717568     -0.02245232965    0.0003015250165
 "QFF4W"                           9.01               0.68       -0.279967595       0.6788895522       0.3644812208        85.18399645        16.86392516     -0.02960959954     0.005450092213        69.81350721       -6.587853233     -0.02125075563     0.003475030472
 "HQFF"                            9.35                  0      -0.2799004962       0.4882193418       0.4951292912        74.42348101        3.584378036     -0.02778680296     0.001173086309        74.61737438        3.581469211     -0.02004918162     0.006648535927
 "OQ2"                              9.4                0.1      -0.2798164397       0.4857204972       0.4926563615        74.06597354        3.575074678     -0.02772814865     0.001173086309        74.26015398        3.572203995     -0.01971675482     0.006648535927
 "KX2W"                             9.6                0.3      -0.2794316753       0.4757295982       0.4827693275         72.6471077        3.537861245     -0.02749353138     0.001173086309        72.84239064        3.535143131     -0.01838704763     0.006648535927
 "IPU2W"                           9.75                  0      -0.2790876465       0.4681777455       0.4752964138        71.58574933        3.509951171     -0.02731756844     0.001173086309         71.7818477        3.507347483     -0.01738976724     0.006648535927
 "MC2WQ"                           9.75                  0      -0.2794776581       0.4770144061       0.4841778211        72.83281014        3.587595124     -0.02731756844     0.001166904877        73.03232464        3.552010064     -0.01738976724     0.006638825521
 "MC2WS"                           9.75                  0      -0.2798016248       0.4857590462       0.4929663344        74.07987094        3.665239078     -0.02731756844     0.001160723444        74.28280158        3.596672646     -0.01738976724     0.006629115115
 "MC2WO"                           9.75                  0      -0.2798016248       0.4857590462       0.4929663344        74.07987094        3.665239078     -0.02731756844     0.001160723444        74.28280158        3.596672646     -0.01738976724     0.006629115115
 "OQ0"                             9.85                0.2      -0.2796163938       0.4805484515        0.488084761           73.35072        3.645754733     -0.02720149609     0.001160723444        73.56721922        3.577911837     -0.01672685573     0.006629115115
 "H_BV1"                           9.95                  0       -0.279409597       0.4753056306       0.4831744314        72.62156905        3.626270388     -0.02708542375     0.001160723444        72.85163685        3.559151029     -0.01606394422     0.006629115115
 "BV4W"                           10.64               1.38       -0.273541275       0.4402682657       0.4655968901        67.80284585        3.491828409     -0.02628452457     0.001160723449        68.06284445        3.468194445      -0.0256285797     -0.01385984836
 "H_BV1"                          11.33                  0      -0.2490686874       0.4041277186       0.5200137006        62.98412264         3.35738643     -0.02548362539     0.001160723453        63.27405205        3.377237862     -0.03519321517     -0.03434881183
 "OBV12"                     12.5915074         2.52301481      -0.2357095331       0.3421647758       0.4677148401        55.13353505        3.111589977     -0.02401936416     0.001160723453        55.37726235        3.129902235     -0.07852449565     -0.03434881183
 "H_BV2"                    13.85301481                  0      -0.2136719388       0.2751321079       0.4116402392        47.28294745        2.865793524     -0.02255510293     0.001160723453        47.48047266        2.882566609      -0.1218557761     -0.03434881183
 "BV3W2"                    14.54301481               1.38      -0.2256397796       0.2394704191        0.278818221        43.51368232        2.731351545     -0.02175420375     0.001160723449        43.65368343        2.771481416        -0.13135441     -0.01376420732
 "H_BV2"                    15.23301481                  0      -0.2187072253       0.2030025924        0.205596704        39.74441719        2.596909566     -0.02095330457     0.001160723444         39.8268942        2.660396223      -0.1408530439     0.006820397201
 "OQ1"                      15.28301481                0.1      -0.2173768977       0.2005133874       0.2029341434        39.48570045        2.587167393      -0.0208952684     0.001160723444        39.56186868        2.650255201      -0.1405120241     0.006820397201
 "KX1W2"                    15.48301481                0.3      -0.2118504342       0.1905926516       0.1923229555         38.4625241        2.548198704     -0.02066312371     0.001160723444        38.51393583        2.609691113      -0.1391479446     0.006820397201
 "IPU1W2"                   15.63301481                  0      -0.2074275313       0.1831010274       0.1843064707        37.69806449        2.518972187     -0.02048901519     0.001160723444         37.7310285        2.579268048      -0.1381248851     0.006820397201
 "MC1W2Q"                   15.63301481                  0      -0.2033064578       0.1762182891       0.1774319903        37.01824631        2.456825966     -0.02048901519     0.001264293962        37.05061587        2.550099646      -0.1381248851     0.006835760529
 "MC1W2S"                   15.63301481                  0      -0.1989623139       0.1692793379       0.1705006577        36.33842813        2.394679746     -0.02048901519      0.00136786448        36.37020324        2.520931244      -0.1381248851     0.006851123857
 "MC1W2O"                   15.63301481                  0      -0.1989623139       0.1692793379       0.1705006577        36.33842813        2.394679746     -0.02048901519      0.00136786448        36.37020324        2.520931244      -0.1381248851     0.006851123857
 "OQ3"                      15.72532241       0.1846151933      -0.1959639786       0.1649967188       0.1655321393         35.8994921        2.377572658     -0.02036275091      0.00136786448        35.90824729         2.50226401      -0.1374924743     0.006851123857
 "OSW1"                       17.810005            3.98475      -0.1119491451      0.07820437805      0.06588486202        27.52602331        1.991224732     -0.01751118763      0.00136786448        27.15529525        2.080681621      -0.1232100556     0.006851123857
 "ARF3W21"                     20.84488              2.085       0.1751345272     -0.04935206217      -0.0821210473        16.61248318        1.428780518     -0.01335988992      0.00136786448        15.80572263        1.466943178      -0.1024177511     0.006851123857
 "OSW1"                       23.879755            3.98475       0.6739027892       -0.133038131      -0.1721241901        10.18134221       0.8663363042    -0.009208592208      0.00136786448        9.347338535       0.8532047349     -0.08162544658     0.006851123857
 "OQ1"                         25.92213                0.1        1.350373646      -0.1765151304      -0.2152669852        6.680425714       0.4878291167    -0.006414899991      0.00136786448        5.903513153       0.4401781513     -0.06763288249     0.006851123857
 "OMC"                         26.12213                0.3        1.402737455      -0.1789583108       -0.216723284        6.496413686        0.450763721    -0.006141327095      0.00136786448        5.739575607       0.3997324365     -0.06626265772     0.006851123857
 "OQ4"                         27.04213               1.54        1.571855071      -0.1877181296      -0.2191949574        5.929579703       0.2802629008    -0.004882891774      0.00136786448        5.290585367       0.2136821486     -0.05995962378     0.006851123857
 "OSW2"                        31.86213                8.1       0.5539374306      -0.1546668508      -0.1199330099        10.46338123      -0.6130131352     0.001710215017      0.00136786448        11.12609744      -0.7610595776     -0.02693720679     0.006851123857
 "HQ"                          35.91213                  0       0.1691762072       -0.100542446     -0.02101246348        15.42878763       -1.363587398      0.00725006616      0.00136786448        17.29068002       -1.580085302    0.0008098448333     0.006851123857
 "Q1W2"                        36.18213               0.54       0.1333844529     -0.04002011617     -0.06379459915        17.49126289       -4.009269565     0.007905191328      0.00245677017        16.85067756       0.7734910181      0.00258344264      0.00648621825
 "HQ"                          36.45213                  0       0.1048522859      0.02505172642     -0.09858469914        19.55373816       -6.654951732     0.008560316496     0.003545675861        16.41067511        3.127067338     0.004357040446     0.006121312643
 "OQ1"                         36.50213                0.1       0.1000842327      0.05036390875      -0.1125705944        20.23081382       -6.770756654     0.008737600289     0.003545675861        16.10125238        3.094227281     0.004663106078     0.006121312643
 "KX2W2"                       36.70213                0.3      0.08370383304       0.1630712105      -0.1609079621        23.07808239       -7.233976343     0.009446735462     0.003545675861        14.90296953        2.962867053     0.005887368607     0.006121312643
 "IPU2W2"                      36.85213                  0      0.07607482065       0.2571670248      -0.1899721467        25.24827529        -7.58139111     0.009978586841     0.003545675861        14.01410942        2.864346882     0.006805565503     0.006121312643
 "MC2W2Q"                      36.85213                  0      0.06668584068       0.2634961498      -0.1879644297        25.63770656       -7.686045963     0.009978586841     0.003553284592        14.23026408        2.896551142     0.006805565503     0.006132468862
 "MC2W2S"                      36.85213                  0      0.05760771585       0.2697869323      -0.1859555594        26.02713782       -7.790700815     0.009978586841     0.003560893322        14.44641874        2.928755402     0.006805565503     0.006143625081
 "MC2W2O"                      36.85213                  0      0.05760771585       0.2697869323      -0.1859555594        26.02713782       -7.790700815     0.009978586841     0.003560893322        14.44641874        2.928755402     0.006805565503     0.006143625081
 "OQ1"                         36.90213                0.1      0.05524642715       0.3044148443      -0.1945993765        26.81805996       -7.909221376      0.01015663151     0.003560893322        14.15685807        2.895606674     0.007112746757     0.006143625081
 "HQ"                          36.95213                  0      0.05332380417       0.3399165908      -0.2026769264         27.6089821       -8.027741936      0.01033467617     0.003560893322         13.8672974        2.862457946     0.007419928011     0.006143625081
 "Q2W2"                        37.23963              0.575       0.0421249575       0.4333870605      -0.2177375333         29.8825048       -3.728179845      0.01089835547     0.001932874627        13.38715588       0.8816445464     0.009555114931     0.007531257224
 "HQ"                          37.52713                  0       0.0332931126       0.5305523875      -0.2306071422         32.1560275       0.5713822464      0.01146203477    0.0003048559309        12.90701435       -1.099168853      0.01169030185     0.008918889368
 "OQ5"                         37.73363              0.413       0.0247685889       0.5030854256      -0.2238176375        31.92356473       0.5628638547      0.01152498752    0.0003048559309        13.37556183       -1.134497515      0.01353205251     0.008918889368
 "HQ"                          37.94013                  0      0.01675437138       0.4768422956      -0.2166798915        31.69110196       0.5543454629      0.01158794027    0.0003048559309         13.8441093       -1.169826178      0.01537380316     0.008918889368
 "Q3W2"                        38.22763              0.575     0.002171064577       0.3186397114      -0.1741091803        28.86461884         4.63331045       0.0111866433    -0.001375946771        15.87321568        -3.72699866      0.01867539455      0.01164633717
 "HQ"                          38.51513                  0    -0.004483920764       0.1838859705      -0.1199266119        26.03813573        8.712275438      0.01078534633    -0.003056749473        17.90232207       -6.284171143      0.02197698595      0.01437378497
 "OQ1"                         38.56513                0.1    -0.005375160115        0.146513692      -0.1004255977        25.18167571        8.564600228      0.01063250886    -0.003056749473          18.542048       -6.397259285       0.0226956752      0.01437378497
 "KX3W2"                       38.76513                0.3    -0.005657440099      0.01652860915    -0.007392274586        21.93304587        7.973899387      0.01002115896    -0.003056749473        21.23665748       -6.849611855      0.02557043219      0.01437378497
 "IPU3W2"                      38.91513                  0    0.0007145074571      -0.0641987884      0.07883588387        19.54087605        7.530873757      0.00956264654    -0.003056749473        23.29154104       -7.188876282      0.02772649994      0.01437378497
 "MC3W2Q"                      38.91513                  0       0.0103482807     -0.06821003674      0.07326527765        19.19454578        7.385440757      0.00956264654    -0.003088730358        22.87873632       -7.049336627      0.02772649994      0.01436275502
 "MC3W2S"                      38.91513                  0      0.02038578984     -0.07223705429      0.06766174951        18.84821551        7.240007758      0.00956264654    -0.003120711244        22.46593161       -6.909796971      0.02772649994      0.01435172507
 "MC3W2O"                      38.91513                  0      0.02038578984     -0.07223705429      0.06766174951        18.84821551        7.240007758      0.00956264654    -0.003120711244        22.46593161       -6.909796971      0.02772649994      0.01435172507
 "OQ1"                         38.96513                0.1      0.02277536858     -0.09480076321       0.0994275483        18.13838523        7.098302798     0.009406610978    -0.003120711244        23.16776002       -7.018284113      0.02844408619      0.01435172507
 "HQ"                          39.01513                  0      0.02595153921      -0.1160606077       0.1330331112        17.42855495        6.956597839     0.009250575416    -0.003120711244        23.86958843       -7.126771255      0.02916167245      0.01435172507
 "Q4W2"                        39.35363              0.677      0.05079844106      -0.1798781205       0.2547497699        14.85353876        4.095627557     0.008704158702    -0.001645574947        25.85522731       -2.700648636      0.03216010757     0.008684653628
 "HQ"                          39.69213                  0      0.08919301964      -0.2299106884       0.4083962536        12.27852256        1.234657276     0.008157741989    -0.000170438649        27.84086619        1.725473982      0.03515854269     0.003017582183
 "OSW3"                        41.97588             4.5675       0.3128212549      -0.2594229855       0.3227479869        8.783772076       0.7651342066     0.007768502724    -0.000170438649        21.44990836        1.399224486        0.042049946     0.003017582183
 "ARF3W22"                     45.22588             1.9325       0.8971780404      -0.2765224509       0.1652816542        5.101652422      0.09695687725     0.007214577115    -0.000170438649        13.25217996       0.9349394875       0.0518570881     0.003017582183
 "ARF3W22"                     47.15838             1.9325        1.046505764      -0.2616993229     -0.01067045273        5.494712806      -0.3003516424     0.006885204426    -0.000170438649        10.17214605       0.6588684848      0.05768856566     0.003017582183
 "OSW3"                        50.40838             4.5675       0.7532592058     -0.09091807168      -0.2116318416        10.49889843      -0.9685289718     0.006331278817    -0.000170438649        8.010122629       0.1945834868      0.06749570776     0.003017582183
 "HQ"                          52.69213                  0       0.6050376134       0.1233640254       -0.259736814        14.92265451       -1.438052041     0.005942039552    -0.000170438649        7.121362553      -0.1316660099      0.07438711107     0.003017582183
 "Q5W2"                        53.03063              0.677       0.5564336075      0.04622902257      -0.2390435407        14.15449836        1.043248372     0.005540295727    -0.001163222605        8.176749907       -1.680572611       0.0799601869      0.01678901211
 "HQ"                          53.36913                  0       0.5200868888     -0.01783717286      -0.2118754078        13.38634222        3.524548785     0.005138551903     -0.00215600656        9.232137261       -3.229479213      0.08553326273      0.03056044204
 "OQ1"                         53.41913                0.1        0.515336284      -0.0394882896      -0.2011276315        13.03890082        3.474413939     0.005030751575     -0.00215600656        9.561275264       -3.291380026      0.08706128483      0.03056044204
 "KX4W2"                       53.61913                0.3       0.5000105429      -0.1145597382      -0.1487008887        11.70929706        3.273874555     0.004599550263     -0.00215600656        10.95210825       -3.538983276      0.09317337324      0.03056044204
 "IPU4W2"                      53.76913                  0       0.4973437487      -0.1602285771     -0.09980236324        10.72713469        3.123470017     0.004276149279     -0.00215600656        12.01380323       -3.724685714      0.09775743954      0.03056044204
 "MC4W2Q"                      53.76913                  0       0.4783112053      -0.1578361524     -0.09667283817        10.91898051        3.232441804     0.004276149279    -0.001645443827        12.22866004       -3.843872718      0.09775743954       0.0305827753
 "MC4W2S"                      53.76913                  0       0.4599476359      -0.1554142816     -0.09352699709        11.11082633        3.341413592     0.004276149279    -0.001134881094        12.44351684       -3.963059722      0.09775743954      0.03060510856
 "MC4W2O"                      53.76913                  0       0.4599476359      -0.1554142816     -0.09352699709        11.11082633        3.341413592     0.004276149279    -0.001134881094        12.44351684       -3.963059722      0.09775743954      0.03060510856
 "OQ6"                        53.837065            0.13587       0.4586222011      -0.1741304665     -0.06653444335        10.66693458        3.267032776     0.004199051131    -0.001134881094        12.99436979       -4.054264758      0.09983659759      0.03060510856
 "HQ"                            53.905                  0       0.4591420367      -0.1911773699     -0.03752795746        10.22304284        3.192651961     0.004121952984    -0.001134881094        13.54522275       -4.145469794       0.1019157556      0.03060510856
 "Q6W2"                          54.295               0.78       0.4679725673      -0.2201978219      0.02484683598        9.332828437        1.258772468     0.003989176299   -0.0003493494175        14.58828007       -1.193701041       0.1054118896     0.008727721624
 "HQ"                            54.685                  0       0.4843721552       -0.243556005      0.09677172893        8.442614034      -0.6751070263     0.003856399615    0.0004361822593        15.63133739        1.758067712       0.1089080235     -0.01314966531
 "OQLBMD"                       54.7925              0.215       0.4878882917      -0.2389345398       0.0761382033        8.591747359       -0.693643373     0.003903289208    0.0004361822593        15.25940149        1.729934404       0.1074944345     -0.01314966531
 "MB2L"                            54.9                  0       0.4919005059      -0.2339847702      0.05602285865        8.740880684      -0.7121797197       0.0039501788    0.0004361822593         14.8874656        1.701801097       0.1060808454     -0.01314966531
 "HD"                              54.9                  0       0.4919005059      -0.2339847702      0.05602285865        8.740880684      -0.7121797197       0.0039501788    0.0004361822593         14.8874656        1.701801097       0.1060808454     -0.01314966531
 "BH"                             55.87               1.94       0.5299562704      -0.1107930786      -0.0911407369        10.44490361      -0.8792660155       0.0424450749      0.03972628926        12.04408772        1.461303674      0.09316806699     -0.01329236504
 "HD"                             56.84                  0       0.6603324949        0.230045514      -0.1914615692        12.14892654       -1.046352311      0.08093997099      0.07901639627        9.200709843        1.220806252      0.08025528853     -0.01343506477
 "MB2L"                           56.84                  0       0.6603324949        0.230045514      -0.1914615692        12.14892654       -1.046352311      0.08093997099      0.07901639627        9.200709843        1.220806252      0.08025528853     -0.01343506477
 "OBMBM"                          56.99                0.3        0.667280831       0.2540321198      -0.2030952535        12.47059164       -1.072216981      0.09279243043      0.07901639627        8.846648175         1.18020556      0.07824002882     -0.01343506477
 "MB2L"                           57.14                  0       0.6755262375         0.27930645       -0.213865403        12.79225673       -1.098081651       0.1046448899      0.07901639627        8.492586507        1.139604868       0.0762247691     -0.01343506477
 "HD"                             57.14                  0       0.6755262375         0.27930645       -0.213865403        12.79225673       -1.098081651       0.1046448899      0.07901639627        8.492586507        1.139604868       0.0762247691     -0.01343506477
 "BH"                             58.11               1.94       0.7982074984       0.9194358644      -0.2458328494        15.24415997       -1.265167947       0.2192842543       0.1183065033         6.77247431       0.8840211829      0.06307951001     -0.01353167972
 "HD"                             59.08                  0         1.00355548        2.016076707      -0.2482565932        17.69606321       -1.432254243       0.3339236187       0.1575966103        5.052362113        0.628437498      0.04993425091     -0.01362829468
 "MB2L"                           59.08                  0         1.00355548        2.016076707      -0.2482565932        17.69606321       -1.432254243       0.3339236187       0.1575966103        5.052362113        0.628437498      0.04993425091     -0.01362829468
 "OBMMC"                        59.2245              0.289         1.00669994        2.060389872      -0.2488422989         18.1171855       -1.457170541       0.3566963288       0.1575966103        4.882273556       0.5885417199      0.04796496233     -0.01362829468
 "KX7W2"                         59.519                0.3         1.01240761        2.150753895      -0.2489576845        18.99069324        -1.50795151       0.4031085306       0.1575966103        4.560015507       0.5072316391      0.04395142955     -0.01362829468
 "IPU7W2"                        59.669                  0        1.014923819        2.196652455      -0.2485319653        19.44307869        -1.53381618       0.4267480221       0.1575966103        4.407846016       0.4658173365      0.04190718535     -0.01362829468
 "MC7W2Q"                        59.669                  0        1.014923819        2.196652455      -0.2485319653        19.44307869        -1.53381618       0.4267480221       0.1575966103        4.407846016       0.4658173365      0.04190718535     -0.01362829468
 "MC7W2S"                        59.669                  0        1.014923819        2.196652455      -0.2485319653        19.44307869        -1.53381618       0.4267480221       0.1575966103        4.407846016       0.4658173365      0.04190718535     -0.01362829468
 "MC7W2O"                        59.669                  0        1.014923819        2.196652455      -0.2485319653        19.44307869        -1.53381618       0.4267480221       0.1575966103        4.407846016       0.4658173365      0.04190718535     -0.01362829468
 "OMCQL"                         59.707              0.076        1.015090697         2.20783032      -0.2483883455         19.5601467       -1.540368563       0.4327366933       0.1575966103        4.373241261       0.4553257132      0.04138931015     -0.01362829468
 "HQ"                            59.745                  0        1.015310826        2.219057233      -0.2482271917        19.67721471       -1.546920946       0.4387253645       0.1575966103        4.338636507       0.4448340899      0.04087143495     -0.01362829468
 "Q7W2"                         59.9325              0.375        1.010849408        2.145594015       -0.249110318        19.54319406       0.3486836934       0.4599907292       0.1127272018        4.345107928     -0.01767338826      0.03903254632    -0.009866762342
 "HQ"                             60.12                  0        1.023462982        2.195719392      -0.2482963689        19.40917342        2.244288332        0.481256094      0.06785779333        4.351579349      -0.4801808664      0.03719365769    -0.006105230002
 "OMISS1"                       62.7345              5.229        0.803113022        1.052035333      -0.1340942992        11.92594585        1.431101083       0.6586702946      0.06785779333        10.72849983       -1.219529638      0.02123153385    -0.006105230002
 "KX8W2"                         65.499                0.3        1.076148063       0.7001944776       0.3387053856         4.27134048       0.5712593728       0.8462631643      0.06785779333        17.70580928       -2.001296583     0.004353625506    -0.006105230002
 "IPU8W2"                        65.649                  0        1.071677934       0.6799754245        0.375277079        4.099962669       0.5246049121       0.8564418333      0.06785779333        18.30619825       -2.043714757     0.003437841005    -0.006105230002
 "MC8W2Q"                        65.649                  0        1.071677934       0.6799754245        0.375277079        4.099962669       0.5246049121       0.8564418333      0.06785779333        18.30619825       -2.043714757     0.003437841005    -0.006105230002
 "MC8W2S"                        65.649                  0        1.071677934       0.6799754245        0.375277079        4.099962669       0.5246049121       0.8564418333      0.06785779333        18.30619825       -2.043714757     0.003437841005    -0.006105230002
 "MC8W2O"                        65.649                  0        1.071677934       0.6799754245        0.375277079        4.099962669       0.5246049121       0.8564418333      0.06785779333        18.30619825       -2.043714757     0.003437841005    -0.006105230002
 "OMCQL"                         65.687              0.076        1.069932067       0.6743290085       0.3845227944        4.060990949       0.5127857821       0.8590204294      0.06785779333        18.46233727       -2.054460695     0.003205842265    -0.006105230002
 "HQ"                            65.725                  0        1.068287148        0.668944201       0.3938124557         4.02201923        0.500966652       0.8615990256      0.06785779333        18.61847628       -2.065206632     0.002973843525    -0.006105230002
 "Q8W2"                           65.96               0.47        1.063422945        0.662624231       0.3772178142        4.036540932     -0.03203480482       0.9020335612       0.1736543451        18.55081448        0.138581726     0.001483613269    -0.006282495379
 "HQ"                            66.195                  0        1.050266547       0.6096723917       0.3609001569        4.051062634      -0.5650362617       0.9424680969       0.2794508969        18.48315268        2.342370084   -6.616987738e-06    -0.006459760756
 "OMISS2"                        68.772              5.154       0.7622210938       0.4751624511      -0.1825480824         11.2886193       -1.404260122        1.662613058       0.2794508969        11.07187061        1.437967029     -0.01665342046    -0.006459760756
 "KX9W2"                         71.499                0.3        1.061838461        1.166634863      -0.2449079711        19.21387583       -2.292332868        2.424675654       0.2794508969        3.516312182       0.4809211889     -0.03426918804    -0.006459760756
 "IPU9W2"                        71.649                  0        1.061583733        1.218222319       -0.240839424        19.90157569       -2.341181754        2.466593288       0.2794508969        3.372035825       0.4282784034     -0.03523815215    -0.006459760756
 "MC9W2Q"                        71.649                  0        1.061583733        1.218222319       -0.240839424        19.90157569       -2.341181754        2.466593288       0.2794508969        3.372035825       0.4282784034     -0.03523815215    -0.006459760756
 "MC9W2S"                        71.649                  0        1.061583733        1.218222319       -0.240839424        19.90157569       -2.341181754        2.466593288       0.2794508969        3.372035825       0.4282784034     -0.03523815215    -0.006459760756
 "MC9W2O"                        71.649                  0        1.061583733        1.218222319       -0.240839424        19.90157569       -2.341181754        2.466593288       0.2794508969        3.372035825       0.4282784034     -0.03523815215    -0.006459760756
 "OMCQL"                         71.687              0.076         1.06075871        1.230481367      -0.2398721697        20.08044601       -2.353556805        2.477212422       0.2794508969        3.340500215       0.4149422311     -0.03548362306    -0.006459760756
 "HQ"                            71.725                  0        1.060035184        1.242988576      -0.2388873813        20.25931633       -2.365931857        2.487831557       0.2794508969        3.308964606       0.4016060588     -0.03572909397    -0.006459760756
 "Q9W2"                           71.95               0.45        1.056306894        1.238219647      -0.2394296102         20.2595653   -0.0005338405552         2.48509986     -0.01203481803         3.33141053     -0.05160765295     -0.03815089068     -0.01085723739
 "HQ"                            72.175                  0        1.052794781        1.235547213      -0.2400653389        20.25981428        2.364864175        2.482368163      -0.3035205329        3.353856454      -0.5048213647     -0.04057268738     -0.01525471402
 "OQLBM"                        72.5075              0.665        1.039166608        1.109996471       -0.250736587        18.75913003        2.256668035        2.381447586      -0.3035205329        3.772291851      -0.6292261622     -0.04564487979     -0.01525471402
 "MB2L"                           72.84                  0        1.035615028        1.004324304      -0.2588876026        17.25844579        2.148471895        2.280527009      -0.3035205329        4.190727249      -0.7536309597     -0.05071707221     -0.01525471402
 "HD"                             72.84                  0        1.035615028        1.004324304      -0.2588876026        17.25844579        2.148471895        2.280527009      -0.3035205329        4.190727249      -0.7536309597     -0.05071707221     -0.01525471402
 "BH"                             73.81               1.94       0.9415754501       0.6410463926      -0.2681642001        13.70577738        1.833156432        2.024486916      -0.2642304259        6.340068327        -1.10461576     -0.06543879503     -0.01515448549
 "HD"                             74.78                  0       0.9682199847        0.585775434      -0.2281710633        10.15310898        1.517840969        1.768446823      -0.2249403189        8.489409404        -1.45560056     -0.08016051786     -0.01505425697
 "MB2L"                           74.78                  0       0.9682199847        0.585775434      -0.2281710633        10.15310898        1.517840969        1.768446823      -0.2249403189        8.489409404        -1.45560056     -0.08016051786     -0.01505425697
 "OBMBM"                          74.93                0.3       0.9632257154       0.5597269126      -0.2166856547        9.712399772         1.46903068        1.734705776      -0.2249403189        8.942621321        -1.51070639      -0.0824186564     -0.01505425697
 "MB2L"                           75.08                  0       0.9610822773        0.540121885      -0.2035646285        9.271690568        1.420220391        1.700964728      -0.2249403189        9.395833238        -1.56581222     -0.08467679495     -0.01505425697
 "HD"                             75.08                  0       0.9610822773        0.540121885      -0.2035646285        9.271690568        1.420220391        1.700964728      -0.2249403189        9.395833238        -1.56581222     -0.08467679495     -0.01505425697
 "BH"                             76.05               1.94       0.9230760085       0.5038569206     -0.07042876575        7.130378042        1.104904928        1.521069103      -0.1856502119        13.08792678       -1.897486051     -0.09915362086     -0.01490238954
 "HD"                             77.02                  0       0.9819398384       0.6390645404       0.1396781049        4.989065516       0.7895894651        1.341173479      -0.1463601049        16.78002032       -2.229159882      -0.1136304468     -0.01475052211
 "MB2L"                           77.02                  0       0.9819398384       0.6390645404       0.1396781049        4.989065516       0.7895894651        1.341173479      -0.1463601049        16.78002032       -2.229159882      -0.1136304468     -0.01475052211
 "OBMMC"                        77.1645              0.289       0.9796854412       0.6310424454        0.176918961        4.774463107       0.7425688869        1.320024444      -0.1463601049        17.43910298       -2.280562843      -0.1157618972     -0.01475052211
 "KX10W2"                        77.459                0.3        0.976933155       0.6237779075       0.2581231256        4.365839293         0.64673802        1.276921393      -0.1463601049        18.81378323       -2.385325278       -0.120105926     -0.01475052211
 "IPU10W2"                       77.609                  0       0.9765222496       0.6249478465       0.3021709807        4.171817887       0.5979277312        1.254967377      -0.1463601049        19.52938081       -2.438684752      -0.1223185043     -0.01475052211
 "MC10W2Q"                       77.609                  0       0.9765222496       0.6249478465       0.3021709807        4.171817887       0.5979277312        1.254967377      -0.1463601049        19.52938081       -2.438684752      -0.1223185043     -0.01475052211
 "MC10W2S"                       77.609                  0       0.9765222496       0.6249478465       0.3021709807        4.171817887       0.5979277312        1.254967377      -0.1463601049        19.52938081       -2.438684752      -0.1223185043     -0.01475052211
 "MC10W2O"                       77.609                  0       0.9765222496       0.6249478465       0.3021709807        4.171817887       0.5979277312        1.254967377      -0.1463601049        19.52938081       -2.438684752      -0.1223185043     -0.01475052211
 "OMCQL"                         77.647              0.076       0.9759244858       0.6244003011       0.3135745044         4.12731514       0.5855624581        1.249405693      -0.1463601049         19.7157482       -2.452202486      -0.1228790241     -0.01475052211
 "HQ"                            77.685                  0       0.9754772219       0.6243162878       0.3250940858        4.082812393       0.5731971849        1.243844009      -0.1463601049        19.90211559       -2.465720219       -0.123439544     -0.01475052211
 "Q10W2"                          77.92               0.47       0.9748342231       0.6182152242       0.3278309342        4.065967532      0.03715968214        1.243730606   -0.0004870297236        19.94799553     -0.09396914822      -0.1234399347   -1.647167645e-06
 "HQ"                            78.155                  0       0.9757615465       0.6221389962       0.3306577585        4.049122671      -0.4988778206        1.243617204       0.1453860455        19.99387548        2.277781923      -0.1234403254      0.01474722778
 "OQLBM"                        78.4875              0.665       0.9735791824       0.6091331331       0.2397192776        4.449074596      -0.6014314669        1.291958064       0.1453860455        18.54758687        2.174870079      -0.1185368722      0.01474722778
 "MB2L"                           78.82                  0       0.9817553869       0.6280682405       0.1567353123        4.849026522      -0.7039851131        1.340298924       0.1453860455        17.10129827        2.071958236      -0.1136334189      0.01474722778
 "HD"                             78.82                  0       0.9817553869       0.6280682405       0.1567353123        4.849026522      -0.7039851131        1.340298924       0.1453860455        17.10129827        2.071958236      -0.1136334189      0.01474722778
 "BH"                             79.79               1.94       0.9261425678       0.5087849992     -0.04753262814        6.792568927       -1.002856685        1.519250682       0.1846761525        13.62533873        1.786407809     -0.09915978411      0.01489910465
 "HD"                             80.76                  0       0.9531037719       0.5375545416      -0.1827039083        8.736111332       -1.301728257         1.69820244       0.2239662595         10.1493792        1.500857383     -0.08468614929      0.01505098151
 "MB2L"                           80.76                  0       0.9531037719       0.5375545416      -0.1827039083        8.736111332       -1.301728257         1.69820244       0.2239662595         10.1493792        1.500857383     -0.08468614929      0.01505098151
 "OBMBM"                          80.91                0.3       0.9529863041       0.5510854319        -0.19719691         9.14050925        -1.34799306        1.731797379       0.2239662595        9.713543138        1.452786863     -0.08242850206      0.01505098151
 "MB2L"                           81.06                  0       0.9553004847       0.5702697324      -0.2101866921        9.544907168       -1.394257863        1.765392318       0.2239662595        9.277707079        1.404716343     -0.08017085483      0.01505098151
 "HD"                             81.06                  0       0.9553004847       0.5702697324      -0.2101866921        9.544907168       -1.394257863        1.765392318       0.2239662595        9.277707079        1.404716343     -0.08017085483      0.01505098151
 "BH"                             82.03               1.94       0.9208994189       0.6069818573      -0.2614198525        12.82620239       -1.693129435        2.020488544       0.2632563665        7.136188903        1.100595318     -0.06545229384      0.01515123071
 "HD"                                83                  0       0.9869066432        0.901171004      -0.2663754347        16.10749762       -1.992001006        2.275584771       0.3025464735        4.994670727       0.7964742934     -0.05073373285      0.01525147992
 "MB2L"                              83                  0       0.9869066432        0.901171004      -0.2663754347        16.10749762       -1.992001006        2.275584771       0.3025464735        4.994670727       0.7964742934     -0.05073373285      0.01525147992
 "OBMMC"                        83.1445              0.289       0.9886273264       0.9379223191      -0.2645509928        16.69606619       -2.036569433        2.319302736       0.3025464735        4.778154654       0.7491905652       -0.048529894      0.01525147992
 "KX11W2"                        83.439                0.3       0.9929489831        1.018840957      -0.2593862596        17.92285555       -2.127402663        2.408402672       0.3025464735        4.365791566       0.6528233822     -0.04403833317      0.01525147992
 "IPU11W2"                       83.589                  0       0.9955390308         1.06311524      -0.2561238488        18.56107635       -2.173667466        2.453784643       0.3025464735        4.169944551       0.6037399274     -0.04175061118      0.01525147992
 "MC11W2Q"                       83.589                  0       0.9955390308         1.06311524      -0.2561238488        18.56107635       -2.173667466        2.453784643       0.3025464735        4.169944551       0.6037399274     -0.04175061118      0.01525147992
 "MC11W2S"                       83.589                  0       0.9955390308         1.06311524      -0.2561238488        18.56107635       -2.173667466        2.453784643       0.3025464735        4.169944551       0.6037399274     -0.04175061118      0.01525147992
 "MC11W2O"                       83.589                  0       0.9955390308         1.06311524      -0.2561238488        18.56107635       -2.173667466        2.453784643       0.3025464735        4.169944551       0.6037399274     -0.04175061118      0.01525147992
 "OMCQL"                         83.627              0.076       0.9956993227        1.074081846       -0.255285292        18.72716583       -2.185387882        2.465281409       0.3025464735        4.125005337       0.5913054522     -0.04117105494      0.01525147992
 "HQ"                            83.665                  0       0.9959643884         1.08526198      -0.2544191677        18.89325531       -2.197108299        2.476778175       0.3025464735        4.080066122        0.578870977     -0.04059149871      0.01525147992
 "Q11W2"                           83.9               0.47       0.9991301994        1.083288735      -0.2541244389        18.84793182      0.09274923855        2.476781966    1.597605645e-05        4.065365138      0.03245554654     -0.03810415085      0.01068458142
 "HQ"                            84.135                  0        1.002697945        1.085260441      -0.2539483018        18.80260833        2.382606776        2.476785756      -0.3025145214        4.050664153      -0.5139598839     -0.03561680299     0.006117682914
 "OQLBM"                        84.4675              0.665        1.002717715       0.9814446099      -0.2608673597        17.29669198         2.26453587        2.376199678      -0.3025145214        4.461453547      -0.6177284124     -0.03358267342     0.006117682914
 "MB2L"                            84.8                  0        1.012152683        0.900323911      -0.2652651076        15.79077562        2.146464964        2.275613599      -0.3025145214        4.872242942      -0.7214969408     -0.03154854385     0.006117682914
 "HD"                              84.8                  0        1.012152683        0.900323911      -0.2652651076        15.79077562        2.146464964        2.275613599      -0.3025145214        4.872242942      -0.7214969408     -0.03154854385     0.006117682914
 "BH"                             85.77               1.94       0.9836311238       0.7333120469      -0.2591637469        12.29776857         1.80237152        2.020548335      -0.2632244144        6.840615253        -1.01161007     -0.02556752011     0.006156843093
 "HD"                             86.74                  0        1.062844267       0.8404872946      -0.2064260369        8.804761509        1.458278076         1.76548307      -0.2239343074        8.808987565       -1.301723199     -0.01958649638     0.006196003271
 "MB2L"                           86.74                  0        1.062844267       0.8404872946      -0.2064260369        8.804761509        1.458278076         1.76548307      -0.2239343074        8.808987565       -1.301723199     -0.01958649638     0.006196003271
 "OBMBM"                          86.89                0.3        1.063687779       0.8189310023      -0.1938293165        8.383257608        1.405013006        1.731892924      -0.2239343074        9.213269075       -1.347605031     -0.01865709589     0.006196003271
 "MB2L"                           87.04                  0        1.067436709       0.8058868082      -0.1796457316        7.961753706        1.351747935        1.698302778      -0.2239343074        9.617550584       -1.393486864     -0.01772769539     0.006196003271
 "HD"                             87.04                  0        1.067436709       0.8058868082      -0.1796457316        7.961753706        1.351747935        1.698302778      -0.2239343074        9.617550584       -1.393486864     -0.01772769539     0.006196003271
 "BH"                             88.01               1.94        1.054919814       0.7960949151     -0.04754822955        6.008913123        1.007654491        1.519381982      -0.1846442004        12.85995035       -1.666373906     -0.01169123439     0.006213910007
 "HD"                             88.98                  0        1.138723525        1.011652603       0.1570249567         4.05607254       0.6635610475        1.340461186      -0.1453540933        16.10235013       -1.939260949    -0.005654773379     0.006231816742
 "MB2L"                           88.98                  0        1.138723525        1.011652603       0.1570249567         4.05607254       0.6635610475        1.340461186      -0.1453540933        16.10235013       -1.939260949    -0.005654773379     0.006231816742
 "OBMMC"                        89.1245              0.289        1.137272345        1.003449733       0.1914807606         3.87913257       0.6122490296        1.319457519      -0.1453540933        16.67514322       -1.981983031     -0.00475427586     0.006231816742
 "KX12W2"                        89.419                0.3        1.135400517       0.9984827712       0.2659421236        3.549891018       0.5076719413        1.276650739      -0.1453540933        17.86865231       -2.069053295    -0.002919005829     0.006231816742
 "IPU12W2"                       89.569                  0        1.135055006        1.002421277       0.3059521972        3.397589436       0.4544068709        1.254847625      -0.1453540933        18.48936829       -2.113401477    -0.001984233318     0.006231816742
 "MC12W2Q"                       89.569                  0        1.135055006        1.002421277       0.3059521972        3.397589436       0.4544068709        1.254847625      -0.1453540933        18.48936829       -2.113401477    -0.001984233318     0.006231816742
 "MC12W2S"                       89.569                  0        1.135055006        1.002421277       0.3059521972        3.397589436       0.4544068709        1.254847625      -0.1453540933        18.48936829       -2.113401477    -0.001984233318     0.006231816742
 "MC12W2O"                       89.569                  0        1.135055006        1.002421277       0.3059521972        3.397589436       0.4544068709        1.254847625      -0.1453540933        18.48936829       -2.113401477    -0.001984233318     0.006231816742
 "OMCQL"                         89.607              0.076        1.134301366        1.001885409       0.3162103644        3.364080044        0.440913053        1.249324169      -0.1453540933        18.65084066       -2.124636349    -0.001747424282     0.006231816742
 "HQ"                            89.645                  0        1.133704571        1.002046261       0.3265644275        3.330570652       0.4274192352        1.243800714      -0.1453540933        18.81231302       -2.135871222    -0.001510615245     0.006231816742
 "Q12W2"                          89.88               0.47        1.132319024        0.993678328       0.3234236278        3.347415513     -0.03715968214        1.243926917    0.0005420064505        18.76643333      0.09396863396   -3.151301256e-05     0.006235581986
 "HQ"                            90.115                  0        1.133388129         1.00462858       0.3208034544        3.364260374      -0.5017385995         1.24405312       0.1464381062        18.72055363         2.32380849      0.00144758922      0.00623934723
 "OQLBM"                        90.4475              0.665        1.128960546        0.985204321       0.2253854182        3.780185954      -0.6254519995        1.292743791       0.1464381062        17.25081378        2.210135112     0.003522172174      0.00623934723
 "MB2L"                           90.78                  0        1.138970172        1.024679838       0.1394135641        4.196111533      -0.7491653995        1.341434461       0.1464381062        15.78107393        2.096461735     0.005596755128      0.00623934723
 "HD"                             90.78                  0        1.138970172        1.024679838       0.1394135641        4.196111533      -0.7491653995        1.341434461       0.1464381062        15.78107393        2.096461735     0.005596755128      0.00623934723
 "BH"                             91.75               1.94        1.052827419       0.7936837379     -0.07072626661        6.346722238       -1.109702735        1.521405669       0.1857282133        12.32254134         1.77745154      0.01164060691     0.006221518038
 "HD"                             92.72                  0        1.078274827       0.8146341907      -0.2004345306        8.497332942        -1.47024007        1.701376877       0.2250183203        8.864008749        1.458441345      0.01768445868     0.006203688845
 "MB2L"                           92.72                  0        1.078274827       0.8146341907      -0.2004345306        8.497332942        -1.47024007        1.701376877       0.2250183203        8.864008749        1.458441345      0.01768445868     0.006203688845
 "OBMBM"                          92.87                0.3        1.076990236       0.8345513442      -0.2131533147         8.95514813       -1.526050626        1.735129625       0.2250183203        8.442351477        1.405524241      0.01861501201     0.006203688845
 "MB2L"                           93.02                  0        1.079051116       0.8638615585        -0.22416554        9.412963317       -1.581861182        1.768882373       0.2250183203        8.020694204        1.352607137      0.01954556534     0.006203688845
 "HD"                             93.02                  0        1.079051116       0.8638615585        -0.22416554        9.412963317       -1.581861182        1.768882373       0.2250183203        8.020694204        1.352607137      0.01954556534     0.006203688845
 "BH"                             93.99               1.94        1.007746965       0.7743014112          -0.265127        13.17734355       -1.942398517         2.02499805       0.2643084273        6.044499034        1.015630489      0.02553410489     0.006164579847
 "HD"                             94.96                  0        1.063708709        1.005773093      -0.2570582847        16.94172379       -2.302935853        2.281113726       0.3035985343        4.068303864       0.6786538416      0.03152264445     0.006125470848
 "MB2L"                           94.96                  0        1.063708709        1.005773093      -0.2570582847        16.94172379       -2.302935853        2.281113726       0.3035985343        4.068303864       0.6786538416      0.03152264445     0.006125470848
 "OBMMC"                        95.1045              0.289        1.063246762          1.0524202      -0.2536650935         17.6228101       -2.356700022        2.324983714       0.3035985343        3.887165436       0.6267765674      0.03240777499     0.006125470848
 "KX13W2"                        95.399                0.3        1.062432195        1.154082533      -0.2458286282        19.04377883       -2.466274748        2.414393483       0.3035985343        3.549712772       0.5210474516      0.03421172615     0.006125470848
 "IPU13W2"                       95.549                  0        1.061975366        1.209014018      -0.2414904678        19.78366125       -2.522085304        2.459933263       0.3035985343        3.393398537         0.46719561      0.03513054678     0.006125470848
 "MC13W2Q"                       95.549                  0        1.061975366        1.209014018      -0.2414904678        19.78366125       -2.522085304        2.459933263       0.3035985343        3.393398537         0.46719561      0.03513054678     0.006125470848
 "MC13W2S"                       95.549                  0        1.061975366        1.209014018      -0.2414904678        19.78366125       -2.522085304        2.459933263       0.3035985343        3.393398537         0.46719561      0.03513054678     0.006125470848
 "MC13W2O"                       95.549                  0        1.061975366        1.209014018      -0.2414904678        19.78366125       -2.522085304        2.459933263       0.3035985343        3.393398537         0.46719561      0.03513054678     0.006125470848
 "OMCQL"                         95.587              0.076        1.061100373        1.222176127      -0.2404469877        19.97641428       -2.536223978        2.471470007       0.3035985343        3.358928498       0.4535531434      0.03536331467     0.006125470848
 "HQ"                            95.625                  0        1.060344699        1.235627928       -0.239382615         20.1691673       -2.550362653        2.483006751       0.3035985343        3.324458459       0.4399106769      0.03559608256     0.006125470848
 "Q13W2"                          95.86               0.47        1.056317903        1.233061792      -0.2396799842        20.21449079     -0.09274923855        2.483077698    0.0002990345354        3.339160288     -0.03245741121      0.03808470075       0.0106900382
 "HQ"                            96.095                  0        1.052662636        1.234176815      -0.2400719012        20.25981428        2.364864175        2.483148645      -0.3030004652        3.353862117      -0.5048254993      0.04057331893      0.01525460554
 "OQLBM"                        96.4275              0.665        1.039008692         1.10842354      -0.2507471792        18.75913003        2.256668035         2.38240099      -0.3030004652          3.7723004      -0.6292305005      0.04564547528      0.01525460554
 "MB2L"                           96.76                  0        1.035443902        1.002689767      -0.2589020317        17.25844579        2.148471895        2.281653336      -0.3030004652        4.190738683      -0.7536355018      0.05071763162      0.01525460554
 "HD"                             96.76                  0        1.035443902        1.002689767      -0.2589020317        17.25844579        2.148471895        2.281653336      -0.3030004652        4.190738683      -0.7536355018      0.05071763162      0.01525460554
 "BH"                             97.73               1.94       0.9418303081       0.6427708785      -0.2681424798        13.70577738        1.833156432         2.02611719      -0.2637103582        6.340089665        -1.10462085      0.06543924839      0.01515437632
 "HD"                              98.7                  0       0.9689025212       0.5906951461      -0.2281308051        10.15310898        1.517840969        1.770581044      -0.2244202512        8.489440648       -1.455606199      0.08016086516       0.0150541471
 "MB2L"                            98.7                  0       0.9689025212       0.5906951461      -0.2281308051        10.15310898        1.517840969        1.770581044      -0.2244202512        8.489440648       -1.455606199      0.08016086516       0.0150541471
 "OBMBM"                          98.85                0.3       0.9638951663       0.5645062816      -0.2166634696        9.712399772         1.46903068        1.736918007      -0.2244202512        8.942654282       -1.510712116      0.08241898723       0.0150541471
 "MB2L"                              99                  0       0.9617398313       0.5447982604      -0.2035626929        9.271690568        1.420220391        1.703254969      -0.2244202512        9.395867917       -1.565818033      0.08467710929       0.0150541471
 "HD"                                99                  0       0.9617398313       0.5447982604      -0.2035626929        9.271690568        1.420220391        1.703254969      -0.2244202512        9.395867917       -1.565818033      0.08467710929       0.0150541471
 "BH"                             99.97               1.94       0.9238884234       0.5095912634      -0.0706018434        7.130378042        1.104904928        1.523863292      -0.1851301442        13.08797369       -1.897492339      0.09915382816      0.01490227936
 "HD"                            100.94                  0        0.982763597       0.6463390945       0.1390958438        4.989065516       0.7895894651        1.344471614      -0.1458400372        16.78007947       -2.229166646        0.113630547      0.01475041161
 "MB2L"                          100.94                  0        0.982763597       0.6463390945       0.1390958438        4.989065516       0.7895894651        1.344471614      -0.1458400372        16.78007947       -2.229166646        0.113630547      0.01475041161
 "OBMMC"                       101.0845              0.289       0.9804676547       0.6381410896       0.1762448116        4.774463107       0.7425688869        1.323397729      -0.1458400372        17.43916411       -2.280569685       0.1157619815      0.01475041161
 "KX14W2"                       101.379                0.3       0.9776270779       0.6305632784       0.2572414897        4.365839293         0.64673802        1.280447838      -0.1458400372        18.81384843        -2.38533228       0.1201059777      0.01475041161
 "IPU14W2"                      101.529                  0       0.9771697669       0.6316018746       0.3011728075        4.171817887       0.5979277312        1.258571832      -0.1458400372        19.52944812       -2.438691836       0.1223185395      0.01475041161
 "MC14W2Q"                      101.529                  0       0.9771697669       0.6316018746       0.3011728075        4.171817887       0.5979277312        1.258571832      -0.1458400372        19.52944812       -2.438691836       0.1223185395      0.01475041161
 "MC14W2S"                      101.529                  0       0.9771697669       0.6316018746       0.3011728075        4.171817887       0.5979277312        1.258571832      -0.1458400372        19.52944812       -2.438691836       0.1223185395      0.01475041161
 "MC14W2O"                      101.529                  0       0.9771697669       0.6316018746       0.3011728075        4.171817887       0.5979277312        1.258571832      -0.1458400372        19.52944812       -2.438691836       0.1223185395      0.01475041161
 "OMCQL"                        101.567              0.076       0.9765603059       0.6310133804       0.3125459221         4.12731514        0.585562458        1.253029911      -0.1458400372        19.71581605        -2.45220959       0.1228790551      0.01475041161
 "HQ"                           101.605                  0       0.9761012881       0.6308917982       0.3240345812        4.082812393       0.5731971849         1.24748799      -0.1458400372        19.90218398       -2.465727344       0.1234395708      0.01475041161
 "Q14W2"                         101.84               0.47        0.975404051       0.6245912872       0.3266930649        4.065967532      0.03715968213        1.247601392    0.0004870297236        19.94806342     -0.09396811968       0.1234399352    1.536598993e-06
 "HQ"                           102.075                  0       0.9762693482       0.6283174976       0.3294413526        4.049122671      -0.4988778206        1.247714794       0.1468140966        19.99394286        2.277791105       0.1234402997     -0.01474733841
 "OQLBM"                       102.4075              0.665       0.9740505863       0.6150363987       0.2385866609        4.449074596      -0.6014314669        1.296530482       0.1468140966        18.54764838        2.174878912       0.1185368097     -0.01474733841
 "MB2L"                          102.74                  0       0.9821828499       0.6338124388       0.1556969673        4.849026522      -0.7039851132        1.345346169       0.1468140966        17.10135391         2.07196672       0.1136333197     -0.01474733841
 "HD"                            102.74                  0       0.9821828499       0.6338124388       0.1556969673        4.849026522      -0.7039851132        1.345346169       0.1468140966        17.10135391         2.07196672       0.1136333197     -0.01474733841
 "BH"                            103.71               1.94       0.9268194864       0.5146372452     -0.04819554897        6.792568927       -1.002856685        1.525681713       0.1861042036        13.62537977        1.786415314       0.0991595777     -0.01489921496
 "HD"                            104.68                  0       0.9539581213       0.5443099726      -0.1830140847        8.736111332       -1.301728257        1.706017257       0.2253943106        10.14940563        1.500863907      0.08468583571     -0.01505109151
 "MB2L"                          104.68                  0       0.9539581213       0.5443099726      -0.1830140847        8.736111332       -1.301728257        1.706017257       0.2253943106        10.14940563        1.500863907      0.08468583571     -0.01505109151
 "OBMBM"                         104.83                0.3       0.9538410416       0.5577637918      -0.1974626556         9.14050925        -1.34799306        1.739826403       0.2253943106        9.713567661        1.452793223      0.08242817198     -0.01505109151
 "MB2L"                          104.98                  0       0.9561521765       0.5768926619      -0.2104097581        9.544907168       -1.394257863         1.77363555       0.2253943106        9.277729694        1.404722539      0.08017050825     -0.01505109151
 "HD"                            104.98                  0       0.9561521765       0.5768926619      -0.2104097581        9.544907168       -1.394257863         1.77363555       0.2253943106        9.277729694        1.404722539      0.08017050825     -0.01505109151
 "BH"                            105.95               1.94        0.921908328       0.6136271577       -0.261419505        12.82620239       -1.693129435        2.030115562       0.2646844176        7.136201528        1.100600453      0.06545184107     -0.01515134002
 "HD"                            106.92                  0       0.9878239132       0.9080837474      -0.2662320115        16.10749762       -1.992001006        2.286595574       0.3039745246        4.994673361       0.7964783666      0.05073317389     -0.01525158853
 "MB2L"                          106.92                  0       0.9878239132       0.9080837474      -0.2662320115        16.10749762       -1.992001006        2.286595574       0.3039745246        4.994673361       0.7964783666      0.05073317389     -0.01525158853
 "OBMMC"                       107.0645              0.289       0.9895298509        0.944736969       -0.264396725        16.69606619       -2.036569433        2.330519893       0.3039745246        4.778156157       0.7491944756      0.04852931935     -0.01525158853
 "KX15W2"                       107.359                0.3       0.9938192917        1.025454218      -0.2592138892        17.92285555       -2.127402663         2.42004039       0.3039745246        4.365790866       0.6528269609      0.04403772653     -0.01525158853
 "IPU15W2"                      107.509                  0       0.9963919124        1.069625514      -0.2559441039        18.56107635       -2.173667466        2.465636569       0.3039745246        4.169942777       0.6037433371      0.04174998825     -0.01525158853
 "MC15W2Q"                      107.509                  0       0.9963919124        1.069625514      -0.2559441039        18.56107635       -2.173667466        2.465636569       0.3039745246        4.169942777       0.6037433371      0.04174998825     -0.01525158853
 "MC15W2S"                      107.509                  0       0.9963919124        1.069625514      -0.2559441039        18.56107635       -2.173667466        2.465636569       0.3039745246        4.169942777       0.6037433371      0.04174998825     -0.01525158853
 "MC15W2O"                      107.509                  0       0.9963919124        1.069625514      -0.2559441039        18.56107635       -2.173667466        2.465636569       0.3039745246        4.169942777       0.6037433371      0.04174998825     -0.01525158853
 "OMCQL"                        107.547              0.076       0.9965483528        1.080562403      -0.2551039827        18.72716583       -2.185387882        2.477187601       0.3039745246        4.125003307       0.5913088191      0.04117042788     -0.01525158853
 "HQ"                           107.585                  0       0.9968094186        1.091713439      -0.2542363377        18.89325531       -2.197108299        2.488738633       0.3039745246        4.080063837       0.5788743011      0.04059086752     -0.01525158853
 "Q15W2"                         107.82               0.47       0.9999700676        1.089747124      -0.2539414461        18.84793182      0.09274923855        2.488734843   -1.597605644e-05        4.065361163      0.03245927587      0.03810347553     -0.01068477097
 "HQ"                           108.055                  0        1.003532864        1.091746234      -0.2537648429        18.80260833        2.382606776        2.488731052      -0.3040064768        4.050658489      -0.5139557493      0.03561608355    -0.006117953407
 "OQLBM"                       108.3875              0.665        1.003580996       0.9881635669       -0.260700389        17.29669198         2.26453587        2.387648899      -0.3040064768        4.461444999       -0.617724074      0.03358186404    -0.006117953407
 "MB2L"                          108.72                  0        1.013031757       0.9073666582      -0.2651184234        15.79077562        2.146464964        2.286566745      -0.3040064768        4.872231508      -0.7214923987      0.03154764453    -0.006117953407
 "HD"                            108.72                  0        1.013031757       0.9073666582      -0.2651184234        15.79077562        2.146464964        2.286566745      -0.3040064768        4.872231508      -0.7214923987      0.03154764453    -0.006117953407
 "BH"                            109.69               1.94        0.984484287          0.7401945      -0.2591603773        12.29776857         1.80237152        2.030055771      -0.2647163697        6.840593915       -1.011604979      0.02556635975    -0.006157111808
 "HD"                            110.66                  0         1.06343211       0.8478509514      -0.2066450031        8.804761509        1.458278076        1.773544797      -0.2254262627        8.808956322        -1.30171756      0.01958507497    -0.006196270209
 "MB2L"                          110.66                  0         1.06343211       0.8478509514      -0.2066450031        8.804761509        1.458278076        1.773544797      -0.2254262627        8.808956322        -1.30171756      0.01958507497    -0.006196270209
 "OBMBM"                         110.81                0.3        1.064271273       0.8263600697      -0.1940913829        8.383257608        1.405013006        1.739730858      -0.2254262627        9.213236113       -1.347599305      0.01865563444    -0.006196270209
 "MB2L"                          110.96                  0        1.068011573       0.8134180245      -0.1799527952        7.961753706        1.351747935        1.705916919      -0.2254262627        9.617515905       -1.393481051      0.01772619391    -0.006196270209
 "HD"                            110.96                  0        1.068011573       0.8134180245      -0.1799527952        7.961753706        1.351747935        1.705916919      -0.2254262627        9.617515905       -1.393481051      0.01772619391    -0.006196270209
 "BH"                            111.93               1.94        1.055293137       0.8026430962     -0.04820816573        6.008913123        1.007654491        1.525550413      -0.1861361557        12.85990344       -1.666367618       0.0116894762    -0.006214174252
 "HD"                             112.9                  0        1.138842447        1.018620615       0.1559939739         4.05607254       0.6635610475        1.345183907      -0.1468460487        16.10229097       -1.939254185     0.005652758495    -0.006232078295
 "MB2L"                           112.9                  0        1.138842447        1.018620615       0.1559939739         4.05607254       0.6635610475        1.345183907      -0.1468460487        16.10229097       -1.939254185     0.005652758495    -0.006232078295
 "OBMMC"                       113.0445              0.289        1.137412785        1.010511939       0.1904095369         3.87913257       0.6122490297        1.323964653      -0.1468460487        16.67508209       -1.981976189     0.004752223181    -0.006232078295
 "KX16W2"                       113.339                0.3        1.135593169        1.005782913       0.2648001199        3.549891018       0.5076719413        1.280718492      -0.1468460487         17.8685871       -2.069046293     0.002916876123    -0.006232078295
 "IPU16W2"                      113.489                  0        1.135278113        1.009864467        0.304780902        3.397589436       0.4544068709        1.258691585      -0.1468460487        18.48930099       -2.113394393     0.001982064379    -0.006232078295
 "MC16W2Q"                      113.489                  0        1.135278113        1.009864467        0.304780902        3.397589436       0.4544068709        1.258691585      -0.1468460487        18.48930099       -2.113394393     0.001982064379    -0.006232078295
 "MC16W2S"                      113.489                  0        1.135278113        1.009864467        0.304780902        3.397589436       0.4544068709        1.258691585      -0.1468460487        18.48930099       -2.113394393     0.001982064379    -0.006232078295
 "MC16W2O"                      113.489                  0        1.135278113        1.009864467        0.304780902        3.397589436       0.4544068709        1.258691585      -0.1468460487        18.48930099       -2.113394393     0.001982064379    -0.006232078295
 "OMCQL"                        113.527              0.076        1.134534267        1.009359293       0.3150330105        3.364080044        0.440913053        1.253111435      -0.1468460487        18.65077281       -2.124629245     0.001745245404    -0.006232078295
 "HQ"                           113.565                  0        1.133947121        1.009553178       0.3253812813        3.330570652       0.4274192352        1.247531285      -0.1468460487        18.81224463       -2.135864098     0.001508426429    -0.006232078295
 "Q16W2"                          113.8               0.47        1.132647819         1.00142359       0.3223324956        3.347415513     -0.03715968213        1.247405082   -0.0005420064505        18.76636544      0.09396760536    2.932418924e-05    -0.006235582014
 "HQ"                           114.035                  0        1.133794015        1.012643175       0.3198041326        3.364260374      -0.5017385995        1.247278878       0.1457620358        18.72048625        2.323799308     -0.00144977805    -0.006239085732
 "OQLBM"                       114.3675              0.665        1.129511347       0.9934967832       0.2246575431        3.780185954      -0.6254519995        1.295744755       0.1457620358        17.25075228        2.210126279    -0.003524274056    -0.006239085732
 "MB2L"                           114.7                  0        1.139648916        1.033587805       0.1389142946        4.196111533      -0.7491653995        1.344210632       0.1457620358         15.7810183        2.096453251    -0.005598770062    -0.006239085732
 "HD"                             114.7                  0        1.139648916        1.033587805       0.1389142946        4.196111533      -0.7491653995        1.344210632       0.1457620358         15.7810183        2.096453251    -0.005598770062    -0.006239085732
 "BH"                            115.67               1.94        1.053671557       0.8010764471     -0.07080626472        6.346722238       -1.109702735        1.523526726       0.1850521428        12.32250031        1.777444036     -0.01164236519    -0.006221253846
 "HD"                            116.64                  0        1.079085148       0.8213898294      -0.2003536452        8.497332942        -1.47024007        1.702842819       0.2243422498        8.863982318        1.458434821     -0.01768596032    -0.006203421961
 "MB2L"                          116.64                  0        1.079085148       0.8213898294      -0.2003536452        8.497332942        -1.47024007        1.702842819       0.2243422498        8.863982318        1.458434821     -0.01768596032    -0.006203421961
 "OBMBM"                         116.79                0.3        1.077818102        0.841434956      -0.2130567376        8.955148129       -1.526050626        1.736494157       0.2243422498        8.442326954        1.405517881     -0.01861647362    -0.006203421961
 "MB2L"                          116.94                  0        1.079896758       0.8709187101      -0.2240556042        9.412963317       -1.581861182        1.770145494       0.2243422498         8.02067159        1.352600941     -0.01954698691    -0.006203421961
 "HD"                            116.94                  0        1.079896758       0.8709187101      -0.2240556042        9.412963317       -1.581861182        1.770145494       0.2243422498         8.02067159        1.352600941     -0.01954698691    -0.006203421961
 "BH"                            117.91               1.94        1.008231712       0.7781662553      -0.2650583387        13.17734355       -1.942398517        2.025606057       0.2636323568         6.04448641        1.015625355     -0.02553526548    -0.006164311185
 "HD"                            118.88                  0         1.06379559        1.006554438      -0.2570481402        16.94172379       -2.302935852        2.281066619       0.3029224639         4.06830123       0.6786497684     -0.03152354405    -0.006125200409
 "MB2L"                          118.88                  0         1.06379559        1.006554438      -0.2570481402        16.94172379       -2.302935852        2.281066619       0.3029224639         4.06830123       0.6786497684     -0.03152354405    -0.006125200409
 "OBMMC"                       119.0245              0.289         1.06333815        1.053265781      -0.2536555173         17.6228101       -2.356700022        2.324838915       0.3029224639        3.887163932        0.626772657      -0.0324086355    -0.006125200409
 "KX17W2"                       119.319                0.3        1.062534832        1.155089656      -0.2458204601        19.04377883       -2.466274748         2.41404958       0.3029224639        3.549713472        0.521043873     -0.03421250703    -0.006125200409
 "IPU17W2"                      119.469                  0        1.062084798        1.210119474      -0.2414830824        19.78366125       -2.522085304         2.45948795       0.3029224639         3.39340031       0.4671922003     -0.03513128709    -0.006125200409
 "MC17W2Q"                      119.469                  0        1.062084798        1.210119474      -0.2414830824        19.78366125       -2.522085304         2.45948795       0.3029224639         3.39340031       0.4671922003     -0.03513128709    -0.006125200409
 "MC17W2S"                      119.469                  0        1.062084798        1.210119474      -0.2414830824        19.78366125       -2.522085304         2.45948795       0.3029224639         3.39340031       0.4671922003     -0.03513128709    -0.006125200409
 "MC17W2O"                      119.469                  0        1.062084798        1.210119474      -0.2414830824        19.78366125       -2.522085304         2.45948795       0.3029224639         3.39340031       0.4671922003     -0.03513128709    -0.006125200409
 "OMCQL"                        119.507              0.076        1.061210863         1.22330076      -0.2404398687        19.97641428       -2.536223978        2.470999003       0.3029224639        3.358930527       0.4535497766      -0.0353640447    -0.006125200409
 "HQ"                           119.545                  0        1.060456439        1.236773834       -0.239375748         20.1691673       -2.550362653        2.482510057       0.3029224639        3.324460744       0.4399073528     -0.03559680232    -0.006125200409
 "Q17W2"                         119.78               0.47        1.056425586        1.234188471      -0.2396748166        20.21449079     -0.09274923855         2.48243911   -0.0002990345354        3.339164263     -0.03246114053      -0.0380853764     -0.01068984873
 "HQ"                           120.015                  0        1.052792875        1.235544245      -0.2400656331        20.25981428        2.364864175        2.482368163      -0.3035205329        3.353867781      -0.5048296339     -0.04057395047     -0.01525449706
 "OQLBM"                       120.3475              0.665        1.039164025        1.109992675      -0.2507369315        18.75913003        2.256668035        2.381447586      -0.3035205329        3.772308949      -0.6292348389     -0.04564607075     -0.01525449706
 "MB2L"                          120.68                  0        1.035611875        1.004319937      -0.2588879425        17.25844579        2.148471895        2.280527009      -0.3035205329        4.190750117      -0.7536400439     -0.05071819102     -0.01525449706
 "HD"                            120.68                  0        1.035611875        1.004319937      -0.2588879425        17.25844579        2.148471895        2.280527009      -0.3035205329        4.190750117      -0.7536400439     -0.05071819102     -0.01525449706
 "BH"                            121.65               1.94       0.9415715694       0.6410419556      -0.2681641229        13.70577738        1.833156432        2.024486916      -0.2642304259        6.340111004       -1.104625941     -0.06543970173     -0.01515426714
 "HD"                            122.62                  0       0.9682155536       0.5857709547      -0.2281701321        10.15310898        1.517840969        1.768446823      -0.2249403189        8.489471891       -1.455611838     -0.08016121244     -0.01505403723
 "MB2L"                          122.62                  0       0.9682155536       0.5857709547      -0.2281701321        10.15310898        1.517840969        1.768446823      -0.2249403189        8.489471891       -1.455611838     -0.08016121244     -0.01505403723
 "OBMBM"                         122.77                0.3       0.9632212697       0.5597225381      -0.2166845458        9.712399772         1.46903068        1.734705776      -0.2249403189        8.942687244       -1.510717842     -0.08241931803     -0.01505403723
 "MB2L"                          122.92                  0       0.9610778122       0.5401175997      -0.2035633335        9.271690568        1.420220391        1.700964728      -0.2249403189        9.395902597       -1.565823846     -0.08467742361     -0.01505403723
 "HD"                            122.92                  0       0.9610778122       0.5401175997      -0.2035633335        9.271690568        1.420220391        1.700964728      -0.2249403189        9.395902597       -1.565823846     -0.08467742361     -0.01505403723
 "BH"                            123.89               1.94       0.9230717096       0.5038530935     -0.07042608795        7.130378042        1.104904928        1.521069103      -0.1856502119        13.08802061       -1.897498628     -0.09915403544     -0.01490216917
 "HD"                            124.86                  0       0.9819354288       0.6390605662       0.1396824134        4.989065516       0.7895894651        1.341173479      -0.1463601049        16.78013862       -2.229173409      -0.1136306473     -0.01475030111
 "MB2L"                          124.86                  0       0.9819354288       0.6390605662       0.1396824134        4.989065516       0.7895894651        1.341173479      -0.1463601049        16.78013862       -2.229173409      -0.1136306473     -0.01475030111
 "OBMMC"                       125.0045              0.289       0.9796810558       0.6310385457       0.1769235231        4.774463107       0.7425688869        1.320024444      -0.1463601049        17.43922524       -2.280576527      -0.1157620658     -0.01475030111
 "KX18W2"                       125.299                0.3       0.9769288154       0.6237741278       0.2581282131        4.365839293         0.64673802        1.276921393      -0.1463601049        18.81391364       -2.385339282      -0.1201060295     -0.01475030111
 "IPU18W2"                      125.449                  0       0.9765179314       0.6249441105       0.3021763394        4.171817887       0.5979277312        1.254967377      -0.1463601049        19.52951542       -2.438698919      -0.1223185746     -0.01475030111
 "MC18W2Q"                      125.449                  0       0.9765179314       0.6249441105       0.3021763394        4.171817887       0.5979277312        1.254967377      -0.1463601049        19.52951542       -2.438698919      -0.1223185746     -0.01475030111
 "MC18W2S"                      125.449                  0       0.9765179314       0.6249441105       0.3021763394        4.171817887       0.5979277312        1.254967377      -0.1463601049        19.52951542       -2.438698919      -0.1223185746     -0.01475030111
 "MC18W2O"                      125.449                  0       0.9765179314       0.6249441105       0.3021763394        4.171817887       0.5979277312        1.254967377      -0.1463601049        19.52951542       -2.438698919      -0.1223185746     -0.01475030111
 "OMCQL"                        125.487              0.076       0.9759201747       0.6243965792        0.313579932         4.12731514        0.585562458        1.249405693      -0.1463601049        19.71588389       -2.452216694      -0.1228790861     -0.01475030111
 "HQ"                           125.525                  0       0.9754729174       0.6243125781       0.3250995824        4.082812393       0.5731971849        1.243844009      -0.1463601049        19.90225236       -2.465734469      -0.1234395975     -0.01475030111
 "Q18W2"                         125.76               0.47       0.9748299603       0.6182115711        0.327836398        4.065967532      0.03715968212        1.243730606   -0.0004870297236         19.9481313     -0.09396709102      -0.1234399358   -1.426030341e-06
 "HQ"                           125.995                  0       0.9757573239       0.6221353672       0.3306631895        4.049122671      -0.4988778206        1.243617204       0.1453860455        19.99401024        2.277800287       -0.123440274      0.01474744904
 "OQLBM"                       126.3275              0.665       0.9735750409       0.6091295495       0.2397240375        4.449074596      -0.6014314669        1.291958064       0.1453860455        18.54770989        2.174887745      -0.1185367472      0.01474744904
 "MB2L"                          126.66                  0       0.9817513177       0.6280646147        0.156739421        4.849026522      -0.7039851132        1.340298924       0.1453860455        17.10140954        2.071975204      -0.1136332204      0.01474744904
 "HD"                            126.66                  0       0.9817513177       0.6280646147        0.156739421        4.849026522      -0.7039851132        1.340298924       0.1453860455        17.10140954        2.071975204      -0.1136332204      0.01474744904
 "BH"                            127.63               1.94       0.9261389596        0.508781793      -0.0475301609        6.792568927       -1.002856685        1.519250682       0.1846761525         13.6254208        1.786422818     -0.09915937125      0.01489932528
 "HD"                             128.6                  0       0.9531006456       0.5375515504      -0.1827027739        8.736111332       -1.301728257         1.69820244       0.2239662595        10.14943206        1.500870431      -0.0846855221      0.01505120151
 "MB2L"                           128.6                  0       0.9531006456       0.5375515504      -0.1827027739        8.736111332       -1.301728257         1.69820244       0.2239662595        10.14943206        1.500870431      -0.0846855221      0.01505120151
 "OBMBM"                         128.75                0.3       0.9529832861       0.5510824805      -0.1971959336         9.14050925        -1.34799306        1.731797379       0.2239662595        9.713592183        1.452799583     -0.08242784187      0.01505120151
 "MB2L"                           128.9                  0       0.9552975796       0.5702668229      -0.2101858643        9.544907168       -1.394257863        1.765392318       0.2239662595        9.277752309        1.404728735     -0.08017016165      0.01505120151
 "HD"                             128.9                  0       0.9552975796       0.5702668229      -0.2101858643        9.544907168       -1.394257863        1.765392318       0.2239662595        9.277752309        1.404728735     -0.08017016165      0.01505120151
 "BH"                            129.87               1.94       0.9208974149       0.6069795988      -0.2614196426        12.82620239       -1.693129435        2.020488544       0.2632563665        7.136214151        1.100605587     -0.06545138829      0.01515144933
 "HD"                            130.84                  0       0.9869060565       0.9011702148      -0.2663754421        16.10749762       -1.992001006        2.275584771       0.3025464735        4.994675994       0.7964824397     -0.05073261492      0.01525169714
 "MB2L"                          130.84                  0       0.9869060565       0.9011702148      -0.2663754421        16.10749762       -1.992001006        2.275584771       0.3025464735        4.994675994       0.7964824397     -0.05073261492      0.01525169714
 "OBMMC"                       130.9845              0.289       0.9886269826       0.9379218474      -0.2645509898        16.69606619       -2.036569433        2.319302736       0.3025464735        4.778157661        0.749198386     -0.04852874469      0.01525169714
 "KX19W2"                       131.279                0.3       0.9929491716        1.018841237      -0.2593862123        17.92285555       -2.127402663        2.408402672       0.3025464735        4.365790165       0.6528305395     -0.04403711988      0.01525169714
 "IPU19W2"                      131.429                  0        0.995539511        1.063115962      -0.2561237678        18.56107635       -2.173667466        2.453784643       0.3025464735        4.169941004       0.6037467467      -0.0417493653      0.01525169714
 "MC19W2Q"                      131.429                  0        0.995539511        1.063115962      -0.2561237678        18.56107635       -2.173667466        2.453784643       0.3025464735        4.169941004       0.6037467467      -0.0417493653      0.01525169714
 "MC19W2S"                      131.429                  0        0.995539511        1.063115962      -0.2561237678        18.56107635       -2.173667466        2.453784643       0.3025464735        4.169941004       0.6037467467      -0.0417493653      0.01525169714
 "MC19W2O"                      131.429                  0        0.995539511        1.063115962      -0.2561237678        18.56107635       -2.173667466        2.453784643       0.3025464735        4.169941004       0.6037467467      -0.0417493653      0.01525169714
 "OMCQL"                        131.467              0.076       0.9956998755        1.074082682      -0.2552852016        18.72716583       -2.185387882        2.465281409       0.3025464735        4.125001277       0.5913121859     -0.04116980081      0.01525169714
 "HQ"                           131.505                  0       0.9959650153        1.085262933      -0.2544190675        18.89325531       -2.197108299        2.476778175       0.3025464735        4.080061551        0.578877625     -0.04059023632      0.01525169714
 "Q19W2"                         131.74               0.47       0.9991312885        1.083290382      -0.2541242794        18.84793182      0.09274923855        2.476781966    1.597605642e-05        4.065357188      0.03246300517     -0.03810280021      0.01068496052
 "HQ"                           131.975                  0          1.0026995        1.085262788      -0.2539480929        18.80260833        2.382606776        2.476785756      -0.3025145214        4.050652825      -0.5139516147      -0.0356153641     0.006118223898
 "OQLBM"                       132.3075              0.665        1.002719876       0.9814476798      -0.2608671278        17.29669198         2.26453587        2.376199678      -0.3025145214        4.461436449      -0.6177197356     -0.03358105465     0.006118223898
 "MB2L"                          132.64                  0        1.012155381       0.9003275193      -0.2652649013        15.79077562        2.146464964        2.275613599      -0.3025145214        4.872220074      -0.7214878566      -0.0315467452     0.006118223898
 "HD"                            132.64                  0        1.012155381       0.9003275193      -0.2652649013        15.79077562        2.146464964        2.275613599      -0.3025145214        4.872220074      -0.7214878566      -0.0315467452     0.006118223898
 "BH"                            133.61               1.94        0.983634787       0.7333163582      -0.2591639643        12.29776857         1.80237152        2.020548335      -0.2632244144        6.840572576       -1.011599889     -0.02556519938     0.006157380522
 "HD"                            134.58                  0        1.062848716        0.840492307      -0.2064271097        8.804761509        1.458278076         1.76548307      -0.2239343074        8.808925078       -1.301711921     -0.01958365356     0.006196537146
 "MB2L"                          134.58                  0        1.062848716        0.840492307      -0.2064271097        8.804761509        1.458278076         1.76548307      -0.2239343074        8.808925078       -1.301711921     -0.01958365356     0.006196537146
 "OBMBM"                         134.73                0.3        1.063692291       0.8189359711      -0.1938305639        8.383257608        1.405013006        1.731892924      -0.2239343074        9.213203152       -1.347593579     -0.01865417299     0.006196537146
 "MB2L"                          134.88                  0        1.067441286       0.8058917511       -0.179647163        7.961753706        1.351747935        1.698302778      -0.2239343074        9.617481225       -1.393475237     -0.01772469242     0.006196537146
 "HD"                            134.88                  0        1.067441286       0.8058917511       -0.179647163        7.961753706        1.351747935        1.698302778      -0.2239343074        9.617481225       -1.393475237     -0.01772469242     0.006196537146
 "BH"                            135.85               1.94        1.054924492       0.7960997208     -0.04755102253        6.008913123        1.007654491        1.519381982      -0.1846442004        12.85985652        -1.66636133     -0.01168771801     0.006214438496
 "HD"                            136.82                  0         1.13872851        1.011657982       0.1570205232         4.05607254       0.6635610475        1.340461186      -0.1453540933        16.10223182       -1.939247422    -0.005650743609     0.006232339846
 "MB2L"                          136.82                  0         1.13872851        1.011657982       0.1570205232         4.05607254       0.6635610475        1.340461186      -0.1453540933        16.10223182       -1.939247422    -0.005650743609     0.006232339846
 "OBMMC"                       136.9645              0.289        1.137277326        1.003455056       0.1914760739         3.87913257       0.6122490297        1.319457519      -0.1453540933        16.67502097       -1.981969347    -0.004750170501     0.006232339846
 "KX20W2"                       137.259                0.3        1.135405488       0.9984880174       0.2659369138        3.549891018       0.5076719413        1.276650739      -0.1453540933        17.86852189       -2.069039291    -0.002914746416     0.006232339846
 "IPU20W2"                      137.409                  0        1.135059971        1.002426506       0.3059467185        3.397589436       0.4544068709        1.254847625      -0.1453540933        18.48923368        -2.11338731    -0.001979895439     0.006232339846
 "MC20W2Q"                      137.409                  0        1.135059971        1.002426506       0.3059467185        3.397589436       0.4544068709        1.254847625      -0.1453540933        18.48923368        -2.11338731    -0.001979895439     0.006232339846
 "MC20W2S"                      137.409                  0        1.135059971        1.002426506       0.3059467185        3.397589436       0.4544068709        1.254847625      -0.1453540933        18.48923368        -2.11338731    -0.001979895439     0.006232339846
 "MC20W2O"                      137.409                  0        1.135059971        1.002426506       0.3059467185        3.397589436       0.4544068709        1.254847625      -0.1453540933        18.48923368        -2.11338731    -0.001979895439     0.006232339846
 "OMCQL"                        137.447              0.076        1.134306327        1.001890627       0.3162048176        3.364080044       0.4409130531        1.249324169      -0.1453540933        18.65070496       -2.124622142    -0.001743066525     0.006232339846
 "HQ"                           137.485                  0        1.133709529        1.002051472       0.3265588125        3.330570652       0.4274192352        1.243800714      -0.1453540933        18.81217625       -2.135856973    -0.001506237611     0.006232339846
 "Q20W2"                         137.72               0.47        1.132323956       0.9936834855       0.3234180547        3.347415513     -0.03715968212        1.243926917    0.0005420064505        18.76629756      0.09396657665   -2.713536591e-05     0.006235582039
 "HQ"                           137.955                  0        1.133393036        1.004633749       0.3207979316        3.364260374      -0.5017385994         1.24405312       0.1464381062        18.72041887        2.323790126     0.001451966879     0.006238824232
 "OQLBM"                       138.2875              0.665        1.128965379       0.9852094181       0.2253805981        3.780185954      -0.6254519994        1.292743791       0.1464381062        17.25069077        2.210117446     0.003526375937     0.006238824232
 "MB2L"                          138.62                  0        1.138974951        1.024685044       0.1394094298        4.196111533      -0.7491653995        1.341434461       0.1464381062        15.78096267        2.096444766     0.005600784994     0.006238824232
 "HD"                            138.62                  0        1.138974951        1.024685044       0.1394094298        4.196111533      -0.7491653995        1.341434461       0.1464381062        15.78096267        2.096444766     0.005600784994     0.006238824232
 "BH"                            139.59               1.94        1.052831678       0.7936881203     -0.07072867143        6.346722237       -1.109702735        1.521405669       0.1857282133        12.32245928        1.777436532      0.01164412348     0.006220989653
 "HD"                            140.56                  0        1.078278625       0.8146382997      -0.2004355387        8.497332942        -1.47024007        1.701376877       0.2250183203        8.863955888        1.458428297      0.01768746196     0.006203155074
 "MB2L"                          140.56                  0        1.078278625       0.8146382997      -0.2004355387        8.497332942        -1.47024007        1.701376877       0.2250183203        8.863955888        1.458428297      0.01768746196     0.006203155074
 "OBMBM"                         140.71                0.3        1.076993915       0.8345554126      -0.2131541597        8.955148129       -1.526050626        1.735129625       0.2250183203        8.442302432        1.405511521      0.01861793522     0.006203155074
 "MB2L"                          140.86                  0         1.07905467       0.8638655898      -0.2241662328        9.412963317       -1.581861182        1.768882373       0.2250183203        8.020648976        1.352594745      0.01954840848     0.006203155074
 "HD"                            140.86                  0         1.07905467       0.8638655898      -0.2241662328        9.412963317       -1.581861182        1.768882373       0.2250183203        8.020648976        1.352594745      0.01954840848     0.006203155074
 "BH"                            141.83               1.94        1.007749428        0.774304342      -0.2651270956        13.17734355       -1.942398517         2.02499805       0.2643084273        6.044473786         1.01562022      0.02553642606     0.006164042521
 "HD"                             142.8                  0        1.063709451          1.0057741      -0.2570582424        16.94172379       -2.302935852        2.281113726       0.3035985343        4.068298597       0.6786456953      0.03152444363     0.006124929967
 "MB2L"                           142.8                  0        1.063709451          1.0057741      -0.2570582424        16.94172379       -2.302935852        2.281113726       0.3035985343        4.068298597       0.6786456953      0.03152444363     0.006124929967
 "OBMMC"                       142.9445              0.289        1.063247197        1.052420803      -0.2536650779         17.6228101       -2.356700022        2.324983714       0.3035985343        3.887162429       0.6267687467      0.03240949601     0.006124929967
 "KX21W2"                       143.239                0.3        1.062431956        1.154082171      -0.2458286904        19.04377883       -2.466274748        2.414393483       0.3035985343        3.549714173       0.5210402945      0.03421328789     0.006124929967
 "IPU21W2"                      143.389                  0        1.061974761        1.209013087      -0.2414905803        19.78366125       -2.522085304        2.459933263       0.3035985343        3.393402085       0.4671887907      0.03513202738     0.006124929967
 "MC21W2Q"                      143.389                  0        1.061974761        1.209013087      -0.2414905803        19.78366125       -2.522085304        2.459933263       0.3035985343        3.393402085       0.4671887907      0.03513202738     0.006124929967
 "MC21W2S"                      143.389                  0        1.061974761        1.209013087      -0.2414905803        19.78366125       -2.522085304        2.459933263       0.3035985343        3.393402085       0.4671887907      0.03513202738     0.006124929967
 "MC21W2O"                      143.389                  0        1.061974761        1.209013087      -0.2414905803        19.78366125       -2.522085304        2.459933263       0.3035985343        3.393402085       0.4671887907      0.03513202738     0.006124929967
 "OMCQL"                        143.427              0.076        1.061099678         1.22217505      -0.2404471135        19.97641428       -2.536223978        2.471470007       0.3035985343        3.358932557       0.4535464098      0.03536477472     0.006124929967
 "HQ"                           143.465                  0        1.060343912        1.235626702      -0.2393827544         20.1691673       -2.550362652        2.483006751       0.3035985343         3.32446303       0.4399040289      0.03559752206     0.006124929967
 "Q21W2"                          143.7               0.47        1.056316551        1.233059692      -0.2396802096        20.21449079     -0.09274923855        2.483077698    0.0002990345354        3.339168238     -0.03246486981      0.03808605203      0.01068965927
 "HQ"                           143.935                  0         1.05266073        1.234173848      -0.2400721955        20.25981428        2.364864175        2.483148645      -0.3030004652        3.353873445      -0.5048337685        0.040574582      0.01525438857
 "OQLBM"                       144.2675              0.665         1.03900611        1.108419746      -0.2507475238        18.75913003        2.256668035         2.38240099      -0.3030004652        3.772317498      -0.6292391773       0.0456466662      0.01525438857
 "MB2L"                           144.6                  0        1.035440749        1.002685403      -0.2589023717        17.25844579        2.148471895        2.281653336      -0.3030004652        4.190761551       -0.753644586       0.0507187504      0.01525438857
 "HD"                             144.6                  0        1.035440749        1.002685403      -0.2589023717        17.25844579        2.148471895        2.281653336      -0.3030004652        4.190761551       -0.753644586       0.0507187504      0.01525438857
 "BH"                            145.57               1.94       0.9418264279       0.6427664364      -0.2681424029        13.70577738        1.833156432         2.02611719      -0.2637103582        6.340132343       -1.104631031      0.06544015505      0.01515415796
 "HD"                            146.54                  0       0.9688980908       0.5906906513       -0.228129875        10.15310898        1.517840969        1.770581044      -0.2244202512        8.489503135       -1.455617476       0.0801615597      0.01505392735
 "MB2L"                          146.54                  0       0.9688980908       0.5906906513       -0.228129875        10.15310898        1.517840969        1.770581044      -0.2244202512        8.489503135       -1.455617476       0.0801615597      0.01505392735
 "OBMBM"                         146.69                0.3       0.9638907214       0.5645018918       -0.216662362        9.712399772         1.46903068        1.736918007      -0.2244202512        8.942720206       -1.510723568       0.0824196488      0.01505392735
 "MB2L"                          146.84                  0        0.961735367       0.5447939599      -0.2035613993        9.271690568        1.420220391        1.703254969      -0.2244202512        9.395937276       -1.565829659       0.0846777379      0.01505392735
 "HD"                            146.84                  0        0.961735367       0.5447939599      -0.2035613993        9.271690568        1.420220391        1.703254969      -0.2244202512        9.395937276       -1.565829659       0.0846777379      0.01505392735
 "BH"                            147.81               1.94       0.9238841255       0.5095874166     -0.07059916907        7.130378042        1.104904928        1.523863292      -0.1851301442        13.08806752       -1.897504916      0.09915424268      0.01490205897
 "HD"                            148.78                  0       0.9827591888       0.6463350947       0.1391001454        4.989065516       0.7895894651        1.344471614      -0.1458400372        16.78019777       -2.229180173       0.1136307475      0.01475019059
 "MB2L"                          148.78                  0       0.9827591888       0.6463350947       0.1391001454        4.989065516       0.7895894651        1.344471614      -0.1458400372        16.78019777       -2.229180173       0.1136307475      0.01475019059
 "OBMMC"                       148.9245              0.289       0.9804632707       0.6381371649       0.1762493663        4.774463107       0.7425688869        1.323397729      -0.1458400372        17.43928637       -2.280583368         0.11576215      0.01475019059
 "KX22W2"                       149.219                0.3         0.97762274       0.6305594744       0.2572465686        4.365839293         0.64673802        1.280447838      -0.1458400372        18.81397884       -2.385346283       0.1201060811      0.01475019059
 "IPU22W2"                      149.369                  0       0.9771654505       0.6315981147        0.301178157        4.171817887       0.5979277312        1.258571832      -0.1458400372        19.52958273       -2.438706002       0.1223186097      0.01475019059
 "MC22W2Q"                      149.369                  0       0.9771654505       0.6315981147        0.301178157        4.171817887       0.5979277312        1.258571832      -0.1458400372        19.52958273       -2.438706002       0.1223186097      0.01475019059
 "MC22W2S"                      149.369                  0       0.9771654505       0.6315981147        0.301178157        4.171817887       0.5979277312        1.258571832      -0.1458400372        19.52958273       -2.438706002       0.1223186097      0.01475019059
 "MC22W2O"                      149.369                  0       0.9771654505       0.6315981147        0.301178157        4.171817887       0.5979277312        1.258571832      -0.1458400372        19.52958273       -2.438706002       0.1223186097      0.01475019059
 "OMCQL"                        149.407              0.076       0.9765559966       0.6310096346       0.3125513403         4.12731514        0.585562458        1.253029911      -0.1458400372        19.71595174       -2.452223798        0.122879117      0.01475019059
 "HQ"                           149.445                  0       0.9760969854       0.6308880648       0.3240400682        4.082812393       0.5731971849         1.24748799      -0.1458400372        19.90232075       -2.465741593       0.1234396242      0.01475019059
 "Q22W2"                         149.68               0.47       0.9753997902       0.6245876112       0.3266985187        4.065967532      0.03715968211        1.247601392    0.0004870297236        19.94819918     -0.09396606224       0.1234399362    1.315461688e-06
 "HQ"                           149.915                  0       0.9762651279       0.6283138464       0.3294467733        4.049122671      -0.4988778206        1.247714794       0.1468140966        19.99407762        2.277809468       0.1234402483     -0.01474755967
 "OQLBM"                       150.2475              0.665       0.9740464473       0.6150327941       0.2385914112        4.449074596      -0.6014314669        1.296530482       0.1468140966         18.5477714        2.174896578       0.1185366847     -0.01474755967
 "MB2L"                          150.58                  0       0.9821787835       0.6338087929        0.155701067        4.849026522      -0.7039851132        1.345346169       0.1468140966        17.10146517        2.071983688       0.1136331211     -0.01474755967
 "HD"                            150.58                  0       0.9821787835       0.6338087929        0.155701067        4.849026522      -0.7039851132        1.345346169       0.1468140966        17.10146517        2.071983688       0.1136331211     -0.01474755967
 "BH"                            151.55               1.94       0.9268158808       0.5146340203     -0.04819308847        6.792568927       -1.002856685        1.525681713       0.1861042036        13.62546183        1.786430322      0.09915916478     -0.01489943559
 "HD"                            152.52                  0       0.9539549977       0.5443069639      -0.1830129546        8.736111332       -1.301728257        1.706017257       0.2253943106        10.14945849        1.500876956      0.08468520847     -0.01505131151
 "MB2L"                          152.52                  0       0.9539549977       0.5443069639      -0.1830129546        8.736111332       -1.301728257        1.706017257       0.2253943106        10.14945849        1.500876956      0.08468520847     -0.01505131151
 "OBMBM"                         152.67                0.3       0.9538380262       0.5577608236      -0.1974616831         9.14050925        -1.34799306        1.739826403       0.2253943106        9.713616705        1.452805943      0.08242751174     -0.01505131151
 "MB2L"                          152.82                  0        0.956149274       0.5768897364      -0.2104089339        9.544907168       -1.394257863         1.77363555       0.2253943106        9.277774922        1.404734931      0.08016981502     -0.01505131151
 "HD"                            152.82                  0        0.956149274       0.5768897364      -0.2104089339        9.544907168       -1.394257863         1.77363555       0.2253943106        9.277774922        1.404734931      0.08016981502     -0.01505131151
 "BH"                            153.79               1.94        0.921906326       0.6136248881      -0.2614192969        12.82620239       -1.693129435        2.030115562       0.2646844176        7.136226775        1.100610722      0.06545093548     -0.01515155863
 "HD"                            154.76                  0       0.9878233273       0.9080829553      -0.2662320193        16.10749762       -1.992001006        2.286595574       0.3039745246        4.994678627       0.7964865128      0.05073205593     -0.01525180575
 "MB2L"                          154.76                  0       0.9878233273       0.9080829553      -0.2662320193        16.10749762       -1.992001006        2.286595574       0.3039745246        4.994678627       0.7964865128      0.05073205593     -0.01525180575
 "OBMMC"                       154.9045              0.289       0.9895295076       0.9447364956      -0.2643967222        16.69606619       -2.036569433        2.330519893       0.3039745246        4.778159163       0.7492022963         0.04852817     -0.01525180575
 "KX23W2"                       155.199                0.3       0.9938194801        1.025454499      -0.2592138419        17.92285555       -2.127402663         2.42004039       0.3039745246        4.365789464        0.652834118      0.04403651321     -0.01525180575
 "IPU23W2"                      155.349                  0        0.996392392        1.069626239      -0.2559440229        18.56107635       -2.173667466        2.465636569       0.3039745246        4.169939229       0.6037501562      0.04174874235     -0.01525180575
 "MC23W2Q"                      155.349                  0        0.996392392        1.069626239      -0.2559440229        18.56107635       -2.173667466        2.465636569       0.3039745246        4.169939229       0.6037501562      0.04174874235     -0.01525180575
 "MC23W2S"                      155.349                  0        0.996392392        1.069626239      -0.2559440229        18.56107635       -2.173667466        2.465636569       0.3039745246        4.169939229       0.6037501562      0.04174874235     -0.01525180575
 "MC23W2O"                      155.349                  0        0.996392392        1.069626239      -0.2559440229        18.56107635       -2.173667466        2.465636569       0.3039745246        4.169939229       0.6037501562      0.04174874235     -0.01525180575
 "OMCQL"                        155.387              0.076        0.996548905        1.080563242      -0.2551038923        18.72716583       -2.185387882        2.477187601       0.3039745246        4.124999247       0.5913155526      0.04116917373     -0.01525180575
 "HQ"                           155.425                  0       0.9968100448        1.091714396      -0.2542362375        18.89325531       -2.197108299        2.488738633       0.3039745246        4.080059265        0.578880949      0.04058960511     -0.01525180575
 "Q23W2"                         155.66               0.47       0.9999711554        1.089748777      -0.2539412864        18.84793182      0.09274923856        2.488734843   -1.597605641e-05        4.065353213      0.03246673443      0.03810212487     -0.01068515007
 "HQ"                           155.895                  0        1.003534417        1.091748589      -0.2537646337        18.80260833        2.382606776        2.488731052      -0.3040064768        4.050647161      -0.5139474801      0.03561464463    -0.006118494387
 "OQLBM"                       156.2275              0.665        1.003583155       0.9881666479      -0.2607001566        17.29669198         2.26453587        2.387648899      -0.3040064768          4.4614279      -0.6177153973      0.03358024525    -0.006118494387
 "MB2L"                          156.56                  0        1.013034452       0.9073702809      -0.2651182161        15.79077562        2.146464964        2.286566745      -0.3040064768        4.872208639      -0.7214833145      0.03154584586    -0.006118494387
 "HD"                            156.56                  0        1.013034452       0.9073702809      -0.2651182161        15.79077562        2.146464964        2.286566745      -0.3040064768        4.872208639      -0.7214833145      0.03154584586    -0.006118494387
 "BH"                            157.53               1.94       0.9844879466       0.7401988313      -0.2591605922        12.29776857         1.80237152        2.030055771      -0.2647163697        6.840551236       -1.011594799      0.02556403901    -0.006157649234
 "HD"                             158.5                  0        1.063436554       0.8478559887      -0.2066460712        8.804761509        1.458278076        1.773544797      -0.2254262627        8.808893834       -1.301706283      0.01958223215    -0.006196804081
 "MB2L"                           158.5                  0        1.063436554       0.8478559887      -0.2066460712        8.804761509        1.458278076        1.773544797      -0.2254262627        8.808893834       -1.301706283      0.01958223215    -0.006196804081
 "OBMBM"                         158.65                0.3         1.06427578        0.826365064      -0.1940926251        8.383257608        1.405013006        1.739730858      -0.2254262627         9.21317019       -1.347587854      0.01865271153    -0.006196804081
 "MB2L"                           158.8                  0        1.068016145       0.8134229935      -0.1799542211        7.961753706        1.351747935        1.705916919      -0.2254262627        9.617446546       -1.393469424      0.01772319092    -0.006196804081
 "HD"                             158.8                  0        1.068016145       0.8134229935      -0.1799542211        7.961753706        1.351747935        1.705916919      -0.2254262627        9.617446546       -1.393469424      0.01772319092    -0.006196804081
 "BH"                            159.77               1.94        1.055297812       0.8026479262     -0.04821095094        6.008913123        1.007654491        1.525550413      -0.1861361557        12.85980961       -1.666355042      0.01168595982    -0.006214702737
 "HD"                            160.74                  0        1.138847427         1.01862602       0.1559895503         4.05607254       0.6635610475        1.345183907      -0.1468460487        16.10217267       -1.939240659     0.005648728721    -0.006232601394
 "MB2L"                          160.74                  0        1.138847427         1.01862602       0.1559895503         4.05607254       0.6635610475        1.345183907      -0.1468460487        16.10217267       -1.939240659     0.005648728721    -0.006232601394
 "OBMMC"                       160.8845              0.289        1.137417762        1.010517288       0.1904048603         3.87913257       0.6122490297        1.323964653      -0.1468460487        16.67495984       -1.981962505     0.004748117819    -0.006232601394
 "KX24W2"                       161.179                0.3        1.135598137        1.005788186       0.2647949206        3.549891018       0.5076719414        1.280718492      -0.1468460487        17.86845669        -2.06903229     0.002912616709    -0.006232601394
 "IPU24W2"                      161.329                  0        1.135283075        1.009869723        0.304775434        3.397589436       0.4544068709        1.258691585      -0.1468460487        18.48916638       -2.113380227     0.001977726499    -0.006232601394
 "MC24W2Q"                      161.329                  0        1.135283075        1.009869723        0.304775434        3.397589436       0.4544068709        1.258691585      -0.1468460487        18.48916638       -2.113380227     0.001977726499    -0.006232601394
 "MC24W2S"                      161.329                  0        1.135283075        1.009869723        0.304775434        3.397589436       0.4544068709        1.258691585      -0.1468460487        18.48916638       -2.113380227     0.001977726499    -0.006232601394
 "MC24W2O"                      161.329                  0        1.135283075        1.009869723        0.304775434        3.397589436       0.4544068709        1.258691585      -0.1468460487        18.48916638       -2.113380227     0.001977726499    -0.006232601394
 "OMCQL"                        161.367              0.076        1.134539225        1.009364539       0.3150274743        3.364080044       0.4409130531        1.253111435      -0.1468460487        18.65063712       -2.124615038     0.001740887646    -0.006232601394
 "HQ"                           161.405                  0        1.133952076        1.009558417        0.325375677        3.330570652       0.4274192352        1.247531285      -0.1468460487        18.81210786       -2.135849849     0.001504048793    -0.006232601394
 "Q24W2"                         161.64               0.47        1.132652747        1.001428776       0.3223269326        3.347415513     -0.03715968211        1.247405082   -0.0005420064505        18.76622968      0.09396554781    2.494654258e-05    -0.006235582062
 "HQ"                           161.875                  0         1.13379892        1.012648374       0.3197986195        3.364260374      -0.5017385994        1.247278878       0.1457620358        18.72035149        2.323780945    -0.001454155708     -0.00623856273
 "OQLBM"                       162.2075              0.665        1.129516178       0.9935019092       0.2246527309        3.780185954      -0.6254519994        1.295744755       0.1457620358        17.25062926        2.210108613    -0.003528477816     -0.00623856273
 "MB2L"                          162.54                  0        1.139653693         1.03359304       0.1389101667        4.196111533      -0.7491653994        1.344210632       0.1457620358        15.78090703        2.096436282    -0.005602799924     -0.00623856273
 "HD"                            162.54                  0        1.139653693         1.03359304       0.1389101667        4.196111533      -0.7491653994        1.344210632       0.1457620358        15.78090703        2.096436282    -0.005602799924     -0.00623856273
 "BH"                            163.51               1.94        1.053675816       0.8010808516     -0.07080866677        6.346722237       -1.109702734        1.523526726       0.1850521428        12.32241825        1.777429027     -0.01164588176    -0.006220725458
 "HD"                            164.48                  0        1.079088946       0.8213939549      -0.2003546524        8.497332942        -1.47024007        1.702842819       0.2243422498        8.863929459        1.458421772     -0.01768896359    -0.006202888186
 "MB2L"                          164.48                  0        1.079088946       0.8213939549      -0.2003546524        8.497332942        -1.47024007        1.702842819       0.2243422498        8.863929459        1.458421772     -0.01768896359    -0.006202888186
 "OBMBM"                         164.63                0.3         1.07782178       0.8414390405       -0.213057582        8.955148129       -1.526050626        1.736494157       0.2243422498        8.442277911        1.405505161     -0.01861939682    -0.006202888186
 "MB2L"                          164.78                  0        1.079900312        0.870922757      -0.2240562965        9.412963317       -1.581861182        1.770145494       0.2243422498        8.020626363         1.35258855     -0.01954983004    -0.006202888186
 "HD"                            164.78                  0        1.079900312        0.870922757      -0.2240562965        9.412963317       -1.581861182        1.770145494       0.2243422498        8.020626363         1.35258855     -0.01954983004    -0.006202888186
 "BH"                            165.75               1.94        1.008234175       0.7781691918      -0.2650584343        13.17734355       -1.942398517        2.025606057       0.2636323568        6.044461163        1.015615086     -0.02553758663    -0.006163773855
 "HD"                            166.72                  0        1.063796332        1.006555445      -0.2570480979        16.94172379       -2.302935852        2.281066619       0.3029224639        4.068295964       0.6786416223     -0.03152534321    -0.006124659524
 "MB2L"                          166.72                  0        1.063796332        1.006555445      -0.2570480979        16.94172379       -2.302935852        2.281066619       0.3029224639        4.068295964       0.6786416223     -0.03152534321    -0.006124659524
 "OBMMC"                       166.8645              0.289        1.063338584        1.053266384      -0.2536555017         17.6228101       -2.356700022        2.324838915       0.3029224639        3.887160927       0.6267648365     -0.03241035651    -0.006124659524
 "KX25W2"                       167.159                0.3        1.062534593        1.155089294      -0.2458205223        19.04377883       -2.466274748         2.41404958       0.3029224639        3.549714874        0.521036716     -0.03421406874    -0.006124659524
 "IPU25W2"                      167.309                  0        1.062084193        1.210118543      -0.2414831949        19.78366125       -2.522085304         2.45948795       0.3029224639        3.393403859       0.4671853813     -0.03513276767    -0.006124659524
 "MC25W2Q"                      167.309                  0        1.062084193        1.210118543      -0.2414831949        19.78366125       -2.522085304         2.45948795       0.3029224639        3.393403859       0.4671853813     -0.03513276767    -0.006124659524
 "MC25W2S"                      167.309                  0        1.062084193        1.210118543      -0.2414831949        19.78366125       -2.522085304         2.45948795       0.3029224639        3.393403859       0.4671853813     -0.03513276767    -0.006124659524
 "MC25W2O"                      167.309                  0        1.062084193        1.210118543      -0.2414831949        19.78366125       -2.522085304         2.45948795       0.3029224639        3.393403859       0.4671853813     -0.03513276767    -0.006124659524
 "OMCQL"                        167.347              0.076        1.061210167        1.223299683      -0.2404399945        19.97641428       -2.536223978        2.470999003       0.3029224639        3.358934588       0.4535430431     -0.03536550473    -0.006124659524
 "HQ"                           167.385                  0        1.060455651        1.236772607      -0.2393758875         20.1691673       -2.550362652        2.482510057       0.3029224639        3.324465317        0.439900705     -0.03559824179    -0.006124659524
 "Q25W2"                         167.62               0.47        1.056424234        1.234186369      -0.2396750421        20.21449079     -0.09274923856         2.48243911   -0.0002990345354        3.339172213     -0.03246859904     -0.03808672765      -0.0106894698
 "HQ"                           167.855                  0        1.052790968        1.235541277      -0.2400659272        20.25981427        2.364864175        2.482368163      -0.3035205329         3.35387911      -0.5048379031     -0.04057521352     -0.01525428008
 "OQLBM"                       168.1875              0.665        1.039161443         1.10998888       -0.250737276        18.75913003        2.256668035        2.381447586      -0.3035205329        3.772326048      -0.6292435156     -0.04564726164     -0.01525428008
 "MB2L"                          168.52                  0        1.035608721        1.004315571      -0.2588882823        17.25844579        2.148471895        2.280527009      -0.3035205329        4.190772986      -0.7536491281     -0.05071930977     -0.01525428008
 "HD"                            168.52                  0        1.035608721        1.004315571      -0.2588882823        17.25844579        2.148471895        2.280527009      -0.3035205329        4.190772986      -0.7536491281     -0.05071930977     -0.01525428008
 "BH"                            169.49               1.94       0.9415676887       0.6410375184      -0.2681640457        13.70577738        1.833156432        2.024486916      -0.2642304259        6.340153683       -1.104636122     -0.06544060835     -0.01515404878
 "HD"                            170.46                  0       0.9682111225       0.5857664754      -0.2281692008        10.15310898        1.517840969        1.768446823      -0.2249403189        8.489534379       -1.455623115     -0.08016190693     -0.01505381747
 "MB2L"                          170.46                  0       0.9682111225       0.5857664754      -0.2281692008        10.15310898        1.517840969        1.768446823      -0.2249403189        8.489534379       -1.455623115     -0.08016190693     -0.01505381747
 "OBMBM"                         170.61                0.3       0.9632168241       0.5597181636      -0.2166834369        9.712399772         1.46903068        1.734705776      -0.2249403189        8.942753167       -1.510729294     -0.08241997955     -0.01505381747
 "MB2L"                          170.76                  0       0.9610733471       0.5401133145      -0.2035620384        9.271690568        1.420220391        1.700964728      -0.2249403189        9.395971955       -1.565835472     -0.08467805217     -0.01505381747
 "HD"                            170.76                  0       0.9610733471       0.5401133145      -0.2035620384        9.271690568        1.420220391        1.700964728      -0.2249403189        9.395971955       -1.565835472     -0.08467805217     -0.01505381747
 "BH"                            171.73               1.94       0.9230674109       0.5038492663     -0.07042341015        7.130378042        1.104904928        1.521069103      -0.1856502119        13.08811444       -1.897511204      -0.0991544499     -0.01490194877
 "HD"                             172.7                  0       0.9819310193       0.6390565921       0.1396867219        4.989065516       0.7895894651        1.341173479      -0.1463601049        16.78025692       -2.229186936      -0.1136308476     -0.01475008008
 "MB2L"                           172.7                  0       0.9819310193       0.6390565921       0.1396867219        4.989065516       0.7895894651        1.341173479      -0.1463601049        16.78025692       -2.229186936      -0.1136308476     -0.01475008008
 "OBMMC"                       172.8445              0.289       0.9796766705       0.6310346461       0.1769280852        4.774463107       0.7425688869        1.320024444      -0.1463601049        17.43934749        -2.28059021      -0.1157622342     -0.01475008008
 "KX26W2"                       173.139                0.3        0.976924476       0.6237703482       0.2581333005        4.365839293       0.6467380199        1.276921393      -0.1463601049        18.81404405       -2.385353285      -0.1201061328     -0.01475008008
 "IPU26W2"                      173.289                  0       0.9765136133       0.6249403747       0.3021816981        4.171817887       0.5979277312        1.254967377      -0.1463601049        19.52965003       -2.438713085      -0.1223186448     -0.01475008008
 "MC26W2Q"                      173.289                  0       0.9765136133       0.6249403747       0.3021816981        4.171817887       0.5979277312        1.254967377      -0.1463601049        19.52965003       -2.438713085      -0.1223186448     -0.01475008008
 "MC26W2S"                      173.289                  0       0.9765136133       0.6249403747       0.3021816981        4.171817887       0.5979277312        1.254967377      -0.1463601049        19.52965003       -2.438713085      -0.1223186448     -0.01475008008
 "MC26W2O"                      173.289                  0       0.9765136133       0.6249403747       0.3021816981        4.171817887       0.5979277312        1.254967377      -0.1463601049        19.52965003       -2.438713085      -0.1223186448     -0.01475008008
 "OMCQL"                        173.327              0.076       0.9759158637       0.6243928573       0.3135853595         4.12731514        0.585562458        1.249405693      -0.1463601049        19.71601958       -2.452230901      -0.1228791478     -0.01475008008
 "HQ"                           173.365                  0        0.975468613       0.6243088686       0.3251050789        4.082812393       0.5731971849        1.243844009      -0.1463601049        19.90238913       -2.465748717      -0.1234396509     -0.01475008008
 "Q26W2"                          173.6               0.47       0.9748256976       0.6182079182       0.3278418616        4.065967532      0.03715968211        1.243730606   -0.0004870297237        19.94826707     -0.09396503335      -0.1234399367   -1.204893035e-06
 "HQ"                           173.835                  0       0.9757531015       0.6221317384       0.3306686204        4.049122671      -0.4988778207        1.243617204       0.1453860455          19.994145         2.27781865      -0.1234402225      0.01474767029
 "OQLBM"                       174.1675              0.665       0.9735708996       0.6091259661       0.2397287974        4.449074596      -0.6014314669        1.291958064       0.1453860455         18.5478329        2.174905412      -0.1185366221      0.01474767029
 "MB2L"                           174.5                  0       0.9817472487       0.6280609891       0.1567435295        4.849026522      -0.7039851132        1.340298924       0.1453860455         17.1015208        2.071992173      -0.1136330217      0.01474767029
 "HD"                             174.5                  0       0.9817472487       0.6280609891       0.1567435295        4.849026522      -0.7039851132        1.340298924       0.1453860455         17.1015208        2.071992173      -0.1136330217      0.01474767029
 "BH"                            175.47               1.94       0.9261353516       0.5087785869     -0.04752769375        6.792568927       -1.002856685        1.519250682       0.1846761525        13.62550286        1.786437826     -0.09915895828      0.01489954589
 "HD"                            176.44                  0       0.9530975196       0.5375485595      -0.1827016396        8.736111332       -1.301728257         1.69820244       0.2239662595        10.14948492         1.50088348     -0.08468489481       0.0150514215
 "MB2L"                          176.44                  0       0.9530975196       0.5375485595      -0.1827016396        8.736111332       -1.301728257         1.69820244       0.2239662595        10.14948492         1.50088348     -0.08468489481       0.0150514215
 "OBMBM"                         176.59                0.3       0.9529802682       0.5510795293      -0.1971949572         9.14050925        -1.34799306        1.731797379       0.2239662595        9.713641226        1.452812303     -0.08242718159       0.0150514215
 "MB2L"                          176.74                  0       0.9552946747       0.5702639135      -0.2101850365        9.544907168       -1.394257863        1.765392318       0.2239662595        9.277797535        1.404741126     -0.08016946836       0.0150514215
 "HD"                            176.74                  0       0.9552946747       0.5702639135      -0.2101850365        9.544907168       -1.394257863        1.765392318       0.2239662595        9.277797535        1.404741126     -0.08016946836       0.0150514215
 "BH"                            177.71               1.94       0.9208954111       0.6069773405      -0.2614194327        12.82620239       -1.693129435        2.020488544       0.2632563665        7.136239397        1.100615856     -0.06545048265      0.01515166792
 "HD"                            178.68                  0       0.9869054701        0.901169426      -0.2663754495        16.10749762       -1.992001006        2.275584771       0.3025464735        4.994681259       0.7964905858     -0.05073149693      0.01525191435
 "MB2L"                          178.68                  0       0.9869054701        0.901169426      -0.2663754495        16.10749762       -1.992001006        2.275584771       0.3025464735        4.994681259       0.7964905858     -0.05073149693      0.01525191435
 "OBMMC"                       178.8245              0.289        0.988626639        0.937921376      -0.2645509868        16.69606619       -2.036569433        2.319302736       0.3025464735        4.778160666       0.7492062065     -0.04852759531      0.01525191435
 "KX27W2"                       179.119                0.3       0.9929493604        1.018841517      -0.2593861649        17.92285555       -2.127402663        2.408402672       0.3025464735        4.365788763       0.6528376964     -0.04403590653      0.01525191435
 "IPU27W2"                      179.269                  0       0.9955399914        1.063116685      -0.2561236868        18.56107635       -2.173667466        2.453784643       0.3025464735        4.169937454       0.6037535657     -0.04174811938      0.01525191435
 "MC27W2Q"                      179.269                  0       0.9955399914        1.063116685      -0.2561236868        18.56107635       -2.173667466        2.453784643       0.3025464735        4.169937454       0.6037535657     -0.04174811938      0.01525191435
 "MC27W2S"                      179.269                  0       0.9955399914        1.063116685      -0.2561236868        18.56107635       -2.173667466        2.453784643       0.3025464735        4.169937454       0.6037535657     -0.04174811938      0.01525191435
 "MC27W2O"                      179.269                  0       0.9955399914        1.063116685      -0.2561236868        18.56107635       -2.173667466        2.453784643       0.3025464735        4.169937454       0.6037535657     -0.04174811938      0.01525191435
 "OMCQL"                        179.307              0.076       0.9957004286        1.074083519      -0.2552851113        18.72716583       -2.185387882        2.465281409       0.3025464735        4.124997216       0.5913189192     -0.04116854663      0.01525191435
 "HQ"                           179.345                  0       0.9959656425        1.085263887      -0.2544189673        18.89325531       -2.197108299        2.476778175       0.3025464735        4.080056978       0.5788842728     -0.04058897389      0.01525191435
 "Q27W2"                         179.57               0.45       0.9990027592        1.086753871      -0.2539380216        18.89005449     0.006863081608        2.479439477      0.01172468395        4.056329087      0.05455515238     -0.03816824794      0.01085243703
 "HQ"                           179.795                  0        1.002264196        1.090451581      -0.2535768283        18.88685367        2.210834462        2.482100778      -0.2790971056        4.032601195       -0.469773968       -0.035747522     0.006452959704
 "OMISS3"                       182.372              5.154       0.7783218552       0.5042614837      -0.2015452752        11.63270015        1.407480311        1.762867537      -0.2790971056        10.47429788       -1.249844137     -0.01911824484     0.006452959704
 "KX28W2"                       185.099                0.3        1.068732403       0.6750951818       0.2922229756        4.211337081       0.5573651493         1.00176973      -0.2790971056        17.53859057        -2.07532002    -0.001521023727     0.006452959704
 "IPU28W2"                      185.249                  0        1.074158332       0.6924225701       0.3422387329        4.044127536       0.5106041394       0.9599051644      -0.2790971056        18.16118657       -2.120725735   -0.0005530797712     0.006452959704
 "MC28W2Q"                      185.249                  0        1.074158332       0.6924225701       0.3422387329        4.044127536       0.5106041394       0.9599051644      -0.2790971056        18.16118657       -2.120725735   -0.0005530797712     0.006452959704
 "MC28W2S"                      185.249                  0        1.074158332       0.6924225701       0.3422387329        4.044127536       0.5106041394       0.9599051644      -0.2790971056        18.16118657       -2.120725735   -0.0005530797712     0.006452959704
 "MC28W2O"                      185.249                  0        1.074158332       0.6924225701       0.3422387329        4.044127536       0.5106041394       0.9599051644      -0.2790971056        18.16118657       -2.120725735   -0.0005530797712     0.006452959704
 "OMCQL"                        185.287              0.076        1.075134637       0.6968166856       0.3552038904        4.006221927       0.4987580168       0.9492994744      -0.2790971056        18.32323594       -2.132228516   -0.0003078673024     0.006452959704
 "HQ"                           185.325                  0         1.07621156       0.7012445361       0.3683228656        3.968316317       0.4869118943       0.9386937844      -0.2790971056        18.48528531       -2.143731296    -6.26548337e-05     0.006452959704
 "Q28W2"                         185.56               0.47        1.090221123       0.7642158101       0.3782600162        3.986925967     -0.04105279687       0.8982379712      -0.1737457261        18.46111137      0.04951192846     0.001427551081      0.00628239276
 "HQ"                           185.795                  0        1.093628594       0.7654614743       0.3881544528        4.005535617       -0.569017488       0.8577821579     -0.06839434661        18.43693743        2.242755153     0.002917756996     0.006111825817
 "OMISS4"                      188.4095              5.229       0.8134319329         1.07594243      -0.1159766564        11.49910049       -1.433078003       0.6789651387     -0.06839434661        11.18085484        1.387661616      0.01889712559     0.006111825817
 "KX29W2"                       191.174                0.3        1.116696241        2.480464019      -0.2422431212        19.69667888       -2.346711697       0.4898889675     -0.06839434661        3.779719444       0.4835093555      0.03579326806     0.006111825817
 "IPU29W2"                      191.324                  0        1.113207983        2.554265204      -0.2403629404        20.40069239       -2.396284876       0.4796298155     -0.06839434661        3.634666637       0.4344506328      0.03671004194     0.006111825817
 "MC29W2Q"                      191.324                  0        1.113207983        2.554265204      -0.2403629404        20.40069239       -2.396284876       0.4796298155     -0.06839434661        3.634666637       0.4344506328      0.03671004194     0.006111825817
 "MC29W2S"                      191.324                  0        1.113207983        2.554265204      -0.2403629404        20.40069239       -2.396284876       0.4796298155     -0.06839434661        3.634666637       0.4344506328      0.03671004194     0.006111825817
 "MC29W2O"                      191.324                  0        1.113207983        2.554265204      -0.2403629404        20.40069239       -2.396284876       0.4796298155     -0.06839434661        3.634666637       0.4344506328      0.03671004194     0.006111825817
 "OMCQL"                        191.362              0.076        1.111587429        2.572089372      -0.2398831683        20.58376449       -2.408843415       0.4770308303     -0.06839434661        3.602592933        0.422022423      0.03694229132     0.006111825817
 "HQ"                             191.4                  0        1.110072063        2.590087819      -0.2393826047        20.76683659       -2.421401954       0.4744318452     -0.06839434661        3.570519229       0.4095942133       0.0371745407     0.006111825817
 "Q29W2"                       191.5875              0.375        1.096495382         2.53295549      -0.2400750988         20.9172611      -0.3913619001       0.4531903967      -0.1126004224        3.565916587      0.01256977066      0.03901433146     0.009871602806
 "HQ"                           191.775                  0         1.10057229        2.614835226       -0.239161018        21.06768562        1.638678154       0.4319489482      -0.1568064981        3.561313945      -0.3844546719      0.04085412222      0.01363137979
 "OQLBM"                       192.1075              0.665        1.087457464        2.487806437      -0.2432664943        20.01664276        1.580515572       0.3798107875      -0.1568064981        3.888240483      -0.4916188534        0.045386556      0.01363137979
 "MB2L"                          192.44                  0        1.079913284        2.368240817      -0.2457560204         18.9655999        1.522352991       0.3276726269      -0.1568064981         4.21516702      -0.5987830348      0.04991898978      0.01363137979
 "HD"                            192.44                  0        1.079913284        2.368240817      -0.2457560204         18.9655999        1.522352991       0.3276726269      -0.1568064981         4.21516702      -0.5987830348      0.04991898978      0.01363137979
 "BH"                            193.41               1.94       0.8366324394        1.095316692      -0.2560738801        16.34376816        1.352850075       0.2137988836      -0.1175163911        5.967349119      -0.9005029406      0.06306726411      0.01353478359
 "HD"                            194.38                  0       0.6924467634       0.3683961939      -0.2353586829        13.72193642         1.18334716      0.09992514032     -0.07822628412        7.719531218       -1.202222846      0.07621553843      0.01343818739
 "MB2L"                          194.38                  0       0.6924467634       0.3683961939      -0.2353586829        13.72193642         1.18334716      0.09992514032     -0.07822628412        7.719531218       -1.202222846      0.07621553843      0.01343818739
 "OBMBM"                         194.53                0.3       0.6804801954       0.3366820904      -0.2261118297         13.3748039        1.157108401       0.0881911977     -0.07822628412        8.094452861        -1.24973881      0.07823126654      0.01343818739
 "MB2L"                          194.68                  0       0.6701756689       0.3067954452      -0.2158955633        13.02767138        1.130869643      0.07645725508     -0.07822628412        8.469374504       -1.297254774      0.08024699465      0.01343818739
 "HD"                            194.68                  0       0.6701756689       0.3067954452      -0.2158955633        13.02767138        1.130869643      0.07645725508     -0.07822628412        8.469374504       -1.297254774      0.08024699465      0.01343818739
 "BH"                            195.65               1.94       0.5167094793     -0.08108213662      -0.1203698562        11.16453677       0.9613667269      0.03872798009     -0.03893617711        11.54954606       -1.582999592      0.09316281438      0.01329549571
 "HD"                            196.62                  0       0.4682660573      -0.2211476013      0.02740214668        9.301402157       0.7918638111    0.0009987050854    0.0003539298907        14.62971762        -1.86874441       0.1060786341      0.01315280403
 "MB2L"                          196.62                  0       0.4682660573      -0.2211476013      0.02740214668        9.301402157       0.7918638111    0.0009987050854    0.0003539298907        14.62971762        -1.86874441       0.1060786341      0.01315280403
 "OBMMCOMCOMCQL"               196.7275              0.215       0.4632811242      -0.2273209766      0.04832177661        9.135194392       0.7730593676     0.001036752549    0.0003539298907         15.0385946       -1.901753393       0.1074925605      0.01315280403
 "HQ"                           196.835                  0       0.4588848411      -0.2330800555      0.06983573324        8.968986628        0.754254924     0.001074800012    0.0003539298907        15.44747158       -1.934762377        0.108906487      0.01315280403
 "Q30W2"                        197.225               0.78       0.4399426394      -0.2082864508     0.007577029633        9.876013842       -1.282507055     0.001307114256     0.000611238064        14.55425546        1.022260678       0.1054144182    -0.008717652338
 "HQ"                           197.615                  0       0.4273993206       -0.178568502     -0.04678405451        10.78304106       -3.319269034       0.0015394285    0.0008685462373        13.66103933        3.979283733       0.1019223494     -0.03058810871
 "OQ6"                       197.682935            0.13587       0.4261743471      -0.1605936215     -0.07409643187        11.24431721       -3.394981632     0.001598433188    0.0008685462373        13.13174872        3.895566436      0.09984434621     -0.03058810871
 "KX30W2"                     197.90087                0.3       0.4272225299     -0.09078865224      -0.1481776064         12.7969535        -3.63786711     0.001787719813    0.0008685462373        11.51435753        3.627001941      0.09317812674     -0.03058810871
 "IPU30W2"                    198.05087                  0       0.4361184426     -0.03141421685       -0.188815311        13.88831363       -3.805039991     0.001918001748    0.0008685462373        10.42625694        3.442154742      0.08858991043     -0.03058810871
 "MC30W2Q"                    198.05087                  0       0.4557823184     -0.03571669922      -0.1909428195        13.62555179        -3.73963514     0.001918001748    0.0006972290517        10.22899595        3.380276414      0.08858991043     -0.03059181778
 "MC30W2S"                    198.05087                  0       0.4762217615     -0.04002824233      -0.1930579398        13.36278995        -3.67423029     0.001918001748    0.0005259118661        10.03173497        3.318398087      0.08858991043     -0.03059552686
 "MC30W2O"                    198.05087                  0       0.4762217615     -0.04002824233      -0.1930579398        13.36278995        -3.67423029     0.001918001748    0.0005259118661        10.03173497        3.318398087      0.08858991043     -0.03059552686
 "OQ1"                        198.10087                0.1       0.4791265874     -0.01828846643      -0.2042196985        13.73563848       -3.728485308     0.001944297342    0.0005259118661        9.705882041        3.258529251      0.08706013409     -0.03059552686
 "HQ"                         198.15087                  0       0.4830227733     0.004618468291      -0.2145951068        14.10848701       -3.782740326     0.001970592935    0.0005259118661        9.380029116        3.198660415      0.08553035775     -0.03059552686
 "Q31W2"                      198.48937              0.677       0.5133131542      0.07207553185       -0.240497883        14.96297005       -1.160478645     0.002026779279     0.000162683448        8.358032897        1.627414895      0.07994531971     -0.01682508625
 "HQ"                         198.82787                  0       0.5544090011       0.1522255252      -0.2601711954        15.81745309        1.461783037     0.002082965623   -0.0002005449701        7.336036677      0.05616937466      0.07436028168     -0.00305464565
 "ONW3"                       200.57787                3.5       0.6740498926     -0.03594833996      -0.2262862433        11.91588078        1.114734947     0.001732011926   -0.0002005449701        7.976997526       -0.183131671      0.06901465179     -0.00305464565
 "C_EC"                       205.32787                  6       0.6724320218      -0.2578007673      0.07905836967        6.958679444       0.1797706048     0.001084929863   -0.0002211467643        13.66475197      -0.8293223512      0.05449921292    -0.003053980339
 "ONW3"                       210.07787                3.5       0.2799546676      -0.2669555912       0.4364805566        8.542005563      -0.7539871829    0.0003657415217   -0.0002417485584        23.86587004       -1.472664133      0.03998610263    -0.003053315028
 "HQ"                         211.82787                  0       0.1075720431      -0.2473777696       0.4992911153         11.1809607       -1.099828718   -5.731845561e-05   -0.0002417485584        29.02019451        -1.70911628      0.03464280133    -0.003053315028
 "Q32W2"                      212.16637              0.677      0.06876132327      -0.2078437462       0.3304270132        13.50840469        -3.70174715   -0.0001457933221   -0.0002664465499        26.89727841        2.887465479      0.03166312669    -0.008630389444
 "HQ"                         212.50487                  0      0.04363430197      -0.1551555957       0.1952655065        15.83584868       -6.303665582   -0.0002342681886   -0.0002911445414        24.77436232        7.484047238      0.02868345205     -0.01420746386
 "OQ1"                        212.55487                0.1      0.04034111324       -0.137305682        0.157993458        16.47907725        -6.43228578   -0.0002488254156   -0.0002911445414        24.03746364        7.368986834      0.02797307886     -0.01420746386
 "KX31W2"                     212.75487                0.3       0.0308967484     -0.05099502967      0.02863660059         19.2063358       -6.946766571   -0.0003070543239   -0.0002911445414        21.22794139        6.908745215      0.02513158609     -0.01420746386
 "IPU31W2"                    212.90487                  0       0.0308497018      0.02888862355     -0.05082037641        21.29036577       -7.332627164   -0.0003507260051   -0.0002911445414        19.15531782        6.563564001      0.02300046651     -0.01420746386
 "MC31W2Q"                    212.90487                  0     0.004242076249      0.04271215728     -0.03939448087        22.33828143       -7.637337674   -0.0003507260051    -0.000203785478        20.09814603        6.816153275      0.02300046651     -0.01420879597
 "MC31W2S"                    212.90487                  0     -0.01966230828      0.05633394287     -0.02810372042        23.38619708       -7.942048184   -0.0003507260051   -0.0001164264147        21.04097424        7.068742549      0.02300046651     -0.01421012808
 "MC31W2O"                    212.90487                  0     -0.01966230828      0.05633394287     -0.02810372042        23.38619708       -7.942048184   -0.0003507260051   -0.0001164264147        21.04097424        7.068742549      0.02300046651     -0.01421012808
 "OQ1"                        212.95487                0.1     -0.01956353564      0.08795993311     -0.05216719398        24.19410146       -8.079043799   -0.0003565473259   -0.0001164264147        20.34621138        6.947628573       0.0222899601     -0.01421012808
 "HQ"                         213.00487                  0     -0.01879792501       0.1212166354     -0.07486274193        25.00200584       -8.216039415   -0.0003623686466   -0.0001164264147        19.65144853        6.826514596       0.0215794537     -0.01421012808
 "Q33W2"                      213.29237              0.575     -0.01251795153       0.2401364737      -0.1384052416        27.62580901       -4.301214984   -0.0003796952553   -5.940907876e-05        17.45876111        4.027341355      0.01830863108     -0.01153771122
 "HQ"                         213.57987                  0     0.001184136531       0.3804148596      -0.1899916459        30.24961217      -0.3863905531   -0.0003970218641   -2.391742845e-06        15.26607369        1.228168114      0.01503780846    -0.008865294372
 "OQ5"                        213.78637              0.413     0.008950944193       0.4016490307      -0.1984599491        30.41243175      -0.3942362724    -0.000397515759   -2.391742845e-06        14.77285352        1.194237716      0.01320712518    -0.008865294372
 "HQ"                         213.99287                  0      0.01718141579       0.4238730985      -0.2066278711        30.57525133      -0.4020819917   -0.0003980096539   -2.391742845e-06        14.27963334        1.160307317      0.01137644189    -0.008865294372
 "Q34W2"                      214.28037              0.575      0.02603030556       0.3324640331      -0.1890218645         28.3381242        3.668223368   -0.0003820429935    5.474923539e-05        14.84382495       -1.036044897     0.009244139861    -0.007521208551
 "HQ"                         214.56787                  0      0.03738429598       0.2451207289      -0.1686170572        26.10099708        7.738528728   -0.0003660763332    0.0001118902136        15.40801655       -3.232397112     0.007111837833     -0.00617712273
 "OQ1"                        214.61787                0.1      0.03941933637       0.2128973213      -0.1581505492        25.33880752        7.621895584   -0.0003604818225    0.0001118902136        15.73497134       -3.269547874     0.006802981696     -0.00617712273
 "KX32W2"                     214.81787                0.3      0.04962361744      0.09582525644      -0.1094292853        22.43000906        7.155363009   -0.0003381037798    0.0001118902136         17.0873714       -3.418150921      0.00556755715     -0.00617712273
 "IPU32W2"                    214.96787                  0      0.06181059778      0.01754679225     -0.06468044729        20.28340015        6.805463578   -0.0003213202477    0.0001118902136        18.11281668       -3.529603207     0.004640988741     -0.00617712273
 "MC32W2Q"                    214.96787                  0      0.08207116111     0.008698100274     -0.07182212178        19.63254626        6.556867228   -0.0003213202477    9.900974568e-05        17.53161248       -3.375670329     0.004640988741    -0.006176230946
 "MC32W2S"                    214.96787                  0       0.1038668544   -0.0002301380468     -0.07900954112        18.98169236        6.308270877   -0.0003213202477    8.612927775e-05        16.95040828       -3.221737451     0.004640988741    -0.006175339163
 "MC32W2O"                    214.96787                  0       0.1038668544   -0.0002301380468     -0.07900954112        18.98169236        6.308270877   -0.0003213202477    8.612927775e-05        16.95040828       -3.221737451     0.004640988741    -0.006175339163
 "OQ1"                        215.01787                0.1       0.1084965366     -0.02241321085     -0.06341360226        18.36161096        6.200813964   -0.0003170137839    8.612927775e-05        17.27593876       -3.255304761     0.004332221783    -0.006175339163
 "HQ"                         215.06787                  0       0.1137101455     -0.04384409201     -0.04691225759        17.74152957         6.09335705     -0.00031270732    8.612927775e-05        17.60146924       -3.288872071     0.004023454824    -0.006175339163
 "Q35W2"                      215.33787               0.54       0.1443195117     -0.09854248721    -0.006546272023        15.84560753        3.685652566   -0.0003007981849    4.466065071e-05         18.0359087      -0.7636764632       0.0022479472     -0.00649313171
 "HQ"                         215.60787                  0       0.1825143647      -0.1487883012      0.04273991161        13.94968549        1.277948082   -0.0002888890499    3.192023675e-06        18.47034817        1.761519145    0.0004724395765    -0.006810924256
 "ONW2"                       219.65787                8.1       0.5736218943      -0.1786917861     -0.09439907985        9.790598209       0.5134675657    -0.000275961354    3.192023675e-06        11.48925088       0.8618638638     -0.02711180366    -0.006810924256
 "OQ4"                        224.47787               1.54         1.61114544      -0.1622480913      -0.2359691084        6.241903215      -0.3963586289   -0.0002605757999    3.192023675e-06        4.829762542      -0.2088369892     -0.05994045858    -0.006810924256
 "OMC"                        225.39787                0.3        1.407368655      -0.1451970907      -0.2363117806        7.023301024      -0.5700184005   -0.0002576391381    3.192023675e-06        5.275332443      -0.4132031271     -0.06620650889    -0.006810924256
 "OQ1"                        225.59787                0.1         1.34752487      -0.1413323734      -0.2353618031        7.255083596      -0.6077705247   -0.0002570007333    3.192023675e-06        5.445056436      -0.4576305484     -0.06756869374    -0.006810924256
 "ONW1"                       230.67512            10.0545     -0.02105474569      0.04217257573     -0.01800760337        23.06277001       -1.566155389   -0.0002407940311    3.192023675e-06        21.43198966       -1.585476172      -0.1021494589    -0.006810924256
 "OQ3"                      235.7946776       0.1846151933      -0.2122580435       0.2129630877       0.1724339801         39.2772222       -2.532526262   -0.0002244522821    3.192023675e-06        37.87581529       -2.722719883      -0.1370183779    -0.006810924256
 "KX33W2"                   236.0369852                0.3      -0.2190369018       0.2239897744       0.1867910133        40.51824434       -2.578264394   -0.0002236788305    3.192023675e-06        39.21143437       -2.776545391      -0.1386687166    -0.006810924256
 "IPU33W2"                  236.1869852                  0      -0.2229412592       0.2307881149       0.1956280321        41.29172366       -2.606578488    -0.000223200027    3.192023675e-06        40.04439798       -2.809865957      -0.1396903553    -0.006810924256
 "MC33W2Q"                  236.1869852                  0      -0.2217105905       0.2282040501       0.1931542716        41.02878092       -2.596089484    -0.000223200027    3.800773591e-05        39.78939813       -2.786125271      -0.1396903553    -0.006810868627
 "MC33W2S"                  236.1869852                  0      -0.2204557149       0.2256121004       0.1906730086        40.76583819        -2.58560048    -0.000223200027    7.282344815e-05        39.53439828       -2.762384584      -0.1396903553    -0.006810812998
 "MC33W2O"                  236.1869852                  0      -0.2204557149       0.2256121004       0.1906730086        40.76583819        -2.58560048    -0.000223200027    7.282344815e-05        39.53439828       -2.762384584      -0.1396903553    -0.006810812998
 "OQ1"                      236.2369852                0.1      -0.2217583248       0.2279163252       0.1935946009        41.02534086       -2.595026669   -0.0002195588545    7.282344815e-05        39.81172829       -2.773300102      -0.1400308959    -0.006810812998
 "H_BV2"                    236.2869852                  0      -0.2230349192       0.2302144467       0.1965061821        41.28484353       -2.604452858   -0.0002159176821    7.282344815e-05         40.0890583        -2.78421562      -0.1403714366    -0.006810812998
 "BV2W2"                    236.9769852               1.38      -0.2290800234       0.2638241187       0.2738836593        45.05850081       -2.734534265   -0.0001656695058    7.282344392e-05        44.10104781       -2.905609303      -0.1308663938       0.0137734942
 "H_BV2"                    237.6669852                  0      -0.2164701717       0.2967940087       0.4103173715         48.8321581       -2.864615672   -0.0001154213295     7.28234397e-05        48.11303733       -3.027002987      -0.1213613511      0.03435780139
 "OBV12"                    238.9284926         2.52301481      -0.2375901654       0.3584950149       0.4734245795        56.65965969       -3.102439814   -2.355402108e-05     7.28234397e-05         56.4225027       -3.293466744     -0.07801873019      0.03435780139
 "H_BV1"                         240.19                  0      -0.2502488028       0.4158943164       0.5317284076        64.48716129       -3.340263956    6.831328736e-05     7.28234397e-05        64.73196807       -3.559930501     -0.03467610931      0.03435780139
 "BV1W"                          240.88               1.38      -0.2743181974       0.4492831576        0.480220958        69.27623789       -3.470345363    0.0001185614637    7.282344391e-05        69.78579897       -3.660143681      -0.0251054901      0.01386851923
 "H_BV1"                         241.57                  0      -0.2798568053       0.4817005988       0.5009591152        74.06531449        -3.60042677    0.0001688096399    7.282344811e-05        74.83962987        -3.76035686     -0.01553487088    -0.006620762933
 "OQ0"                           241.67                0.2      -0.2800173787       0.4865459162       0.5063712653        74.78917032       -3.619279148    0.0001760919848    7.282344811e-05         75.5957473       -3.780587163     -0.01619694718    -0.006620762933
 "KX1W"                          241.92                0.3      -0.2803324341       0.4986273226        0.519863902        76.61294918       -3.666410093    0.0001942978468    7.282344811e-05        77.50121361        -3.83116292     -0.01785213791    -0.006620762933
 "IPU1W"                         242.07                  0      -0.2804645625       0.5058286148       0.5279023502        77.71287221       -3.694688659     0.000205221364    7.282344811e-05        78.65056249       -3.861508374     -0.01884525235    -0.006620762933
 "MC1WQ"                         242.07                  0      -0.2802163257        0.492373568       0.5142040171        75.73259341       -3.624250201     0.000205221364    8.299893554e-05        76.64638947       -3.738988415     -0.01884525235    -0.006620873743
 "MC1WS"                         242.07                  0      -0.2798273919           0.478699       0.5002812311         73.7523146       -3.553811742     0.000205221364    9.317442297e-05        74.64221645       -3.616468456     -0.01884525235    -0.006620984552
 "MC1WO"                         242.07                  0      -0.2798273919           0.478699       0.5002812311         73.7523146       -3.553811742     0.000205221364    9.317442297e-05        74.64221645       -3.616468456     -0.01884525235    -0.006620984552
 "OQ2"                           242.12                0.1       -0.279911442       0.4811621183       0.5028179184        74.10861979       -3.563051844    0.0002098800852    9.317442297e-05        75.00480639       -3.625899342     -0.01917630158    -0.006620984552
 "HQFF"                          242.17                  0      -0.2799904684       0.4836179964        0.505347015        74.46492497       -3.572291945    0.0002145388063    9.317442297e-05        75.36739632       -3.635330228     -0.01950735081    -0.006620984552
 "QFF3W"                         242.51               0.68      -0.2799243965       0.3547008197       0.6988134677        69.66922702        6.576613597    0.0002346392102     5.81316045e-05        86.26936489       -17.08569012     -0.02282449672     -0.00991815194
 "HQFF"                          242.85                  0      -0.2788369892       0.2467160026        0.906605812        64.87352907        16.72551914     0.000254739614    2.308878604e-05        97.17133345          -30.53605     -0.02614164263     -0.01321531933
 "OO2"                         243.2175              0.735      -0.2733593785      0.05399099724        1.450067118        53.74919598        15.13514707    0.0002632247429    2.308878604e-05        122.2100935       -34.06634018     -0.03099827248     -0.01321531933
 "HQFF"                         243.585                  0      -0.2640813438     -0.08246107114        2.114716725        42.62486288        13.54477499    0.0002717098718    2.308878604e-05        147.2488535       -37.59663035     -0.03585490234     -0.01321531933
 "QFF2W"                        244.295               1.42      -0.2641830654     -0.08760387362        1.956879032        40.50466962        1.903142545    0.0003541387242    0.0001243997179         134.276278         6.31674234     -0.03668089192    -0.001077716599
 "HQFF"                         245.005                  0      -0.2627221351     -0.09220068569        1.792532164        38.38447636       -9.738489901    0.0004365675767    0.0002257106498        121.3037025        50.23011503      -0.0375068815      0.01105988613
 "OO1"                         245.1625              0.315      -0.2665873911     -0.04058351346        1.441919168        41.57597295       -10.13173518     0.000472117004    0.0002257106498        106.5135437        46.95288487     -0.03576494944      0.01105988613
 "HQFF"                          245.32                  0      -0.2689963507      0.02566544822        1.110874027        44.76746953       -10.52498046    0.0005076664314    0.0002257106498        91.72338501        43.67565472     -0.03402301737      0.01105988613
 "QFF1W"                        245.795               0.95      -0.2639705702       0.1124810393       0.6995995965        45.72016464        -0.86929685     0.000560269956    0.0001071307208        69.55155155        26.28942104     -0.03183976169      0.00474437184
 "HQFF"                          246.27                  0      -0.2463742692       0.2635778272       0.2862134051        46.67285975        8.786386764    0.0006128734806   -1.144920822e-05         47.3797181        8.903187354     -0.02965650601     -0.00157114245
 "C_MPD"                        248.895               5.25     -0.05353684942       0.0244311087      0.04068631285        23.63452034        4.387048169    2.398925417e-05    -3.45739881e-05        23.98466296        4.454601226     -0.03377361955    -0.001567834837
 "C_MPD"                        254.145               5.25     -0.05489641519      0.02844781144      0.03629732684         23.7809237       -4.414981481     -0.00139542484   -8.058838765e-05         23.9353995       -4.445237173     -0.04196597893    -0.001559862349
 "HQFF"                          256.77                  0      -0.2466512284       0.2696019082       0.2817471925        46.96566645       -8.817672535    -0.002225954708   -0.0001034780073        47.28119118       -8.896489446     -0.04604122478    -0.001555197474
 "QFF6E"                        257.245               0.95      -0.2647085402       0.6746407825       0.1261046204        68.93208751       -26.04566605    -0.002501928834   -0.0005997103794        46.31262217       0.8837906933     -0.04239892663     0.007417809628
 "HQFF"                          257.72                  0      -0.2691576758        1.081965602      0.03722457001        90.89850856       -43.27365956    -0.002777902959    -0.001095942751        45.34405316        10.66407083     -0.03875662849      0.01639081673
 "OO1"                         257.8775              0.315      -0.2667432699        1.408567265     -0.03091367653        105.5523294       -46.52006611    -0.002950513942    -0.001095942751        42.11039261        10.26558905     -0.03617507485      0.01639081673
 "HQFF"                         258.035                  0      -0.2629141918        1.754512876     -0.08415579325        120.2061502       -49.76647267    -0.003123124926    -0.001095942751        38.87673206        9.867107271     -0.03359352122      0.01639081673
 "QFF5E"                        258.745               1.42      -0.2636129007        1.918666439     -0.07839350003        133.0570322       -6.257878305     -0.00316143262   -4.998280664e-05        41.01441073       -1.918786244     -0.02804896559     0.008367642509
 "HQFF"                         259.455                  0      -0.2642523998        2.073420923     -0.07481414115        145.9079142        37.25071605    -0.003199740315    0.0009959771381         43.1520894       -13.70467976     -0.02250440996    0.0003444682883
 "OO2"                         259.8225              0.735      -0.2735030583        1.417402633      0.06508759838        121.0993175         33.7531928    -0.002833718717    0.0009959771381        54.40694558       -15.31272949     -0.02237781787    0.0003444682883
 "HQFF"                          260.19                  0      -0.2788962344       0.8818028964       0.2621140028        96.29072078        30.25566954    -0.002467697118    0.0009959771381        65.66180175       -16.92077923     -0.02225122577    0.0003444682883
 "QFF4E"                         260.53               0.68        -0.28006827       0.6770495627       0.3719429115        85.48767766        16.93037729    -0.002242925923    0.0006720552008        70.51200216       -6.651486479     -0.02104561176     0.003486725774
 "HQFF"                          260.87                  0      -0.2800129803       0.4867077447       0.5037094786        74.68463454        3.605085047    -0.002018154728    0.0003481332636        75.36220257        3.617806268     -0.01983999775      0.00662898326
 "OQ2"                           260.92                0.1      -0.2799352674       0.4842026964       0.5012240163        74.32506309        3.595714553    -0.002000748065    0.0003481332636        75.00135666        3.608459061     -0.01950854859      0.00662898326
 "KX2E"                          261.12                0.3      -0.2795762644       0.4741869902       0.4912864022        72.89802186        3.558232577    -0.001931121412    0.0003481332636        73.56918968        3.571070233     -0.01818275194      0.00662898326
 "IPU2E"                         261.27                  0      -0.2792521364       0.4666161139       0.4837750166        71.83055208        3.530121096    -0.001878901423    0.0003481332636        72.49786861        3.543028612     -0.01718840445      0.00662898326
 "MC2EQ"                         261.27                  0      -0.2793820083       0.4695887796       0.4867931984        72.25087801        3.556321063    -0.001878901423    0.0003461298535        72.92209943        3.558157586     -0.01718840445     0.006628764263
 "MC2ES"                         261.27                  0      -0.2795041863       0.4725509167       0.4898006419        72.67120393        3.582521031    -0.001878901423    0.0003441264434        73.34633024        3.573286559     -0.01718840445     0.006628545266
 "MC2EO"                         261.27                  0      -0.2795041863       0.4725509167       0.4898006419        72.67120393        3.582521031    -0.001878901423    0.0003441264434        73.34633024        3.573286559     -0.01718840445     0.006628545266
 "OQ0"                           261.37                0.2      -0.2792869179       0.4674632968       0.4848465811        71.95850714        3.563483976    -0.001844488778    0.0003441264434        72.63542728        3.554514827     -0.01652554992     0.006628545266
 "H_BV1"                         261.47                  0      -0.2790473159        0.462344684       0.4798630382        71.24581034        3.544446921    -0.001810076134    0.0003441264434        71.92452431        3.535743094      -0.0158626954     0.006628545266
 "BV4E"                          262.16               1.38       -0.272931025       0.4281604744       0.4617775619        66.53574443        3.413091243    -0.001572628885    0.0003441264476        67.16888156        3.444186427     -0.02542780853     -0.01386054053
 "H_BV1"                         262.85                  0      -0.2481200309       0.3929972574       0.5155288044        61.82567851        3.281735564    -0.001335181636    0.0003441264518         62.4132388        3.352629759     -0.03499292167     -0.03434962632
 "OBV12"                    264.1115074         2.52301481      -0.2341654712       0.3325756625       0.4623930536        54.15172282        3.041581708   -0.0009010635689    0.0003441264518        54.57869711        3.105230165     -0.07832522963     -0.03434962632
 "H_BV2"                    265.3730148                  0      -0.2113138665       0.2673157815       0.4053321212        46.47776712        2.801427852   -0.0004669455017    0.0003441264518        46.74415541         2.85783057      -0.1216575376     -0.03434962632
 "BV3E2"                    266.0630148               1.38      -0.2228366095       0.2325175025       0.2723759134        42.79306752        2.670072174   -0.0002294982528    0.0003441264476        42.95213056        2.746303961      -0.1311568166     -0.01376514218
 "H_BV2"                    266.7530148                  0      -0.2153485054        0.197031487       0.1987595983        39.10836793        2.538716495    7.948996008e-06    0.0003441264434         39.1601057        2.634777352      -0.1406560957     0.006819341949
 "OQ1"                      266.8030148                0.1      -0.2139735365       0.1946126177       0.1960692106        38.85544813        2.529197968    2.515531818e-05    0.0003441264434        38.89764202        2.624636864      -0.1403151286     0.006819341949
 "KX1E2"                    267.0030148                0.3       -0.208264853       0.1849732737       0.1853488228        37.85519117        2.491123858    9.398060685e-05    0.0003441264434        37.85995586        2.584074911      -0.1389512602     0.006819341949
 "IPU1E2"                   267.1530148                  0      -0.2036993271       0.1776963659       0.1772498024        37.10785402        2.462568276    0.0001455995734    0.0003441264434        37.08473338        2.553653447      -0.1379283589     0.006819341949
 "MC1E2Q"                   267.1530148                  0      -0.1999541081       0.1716752224       0.1712493325        36.51688461        2.408429596    0.0001455995734    0.0004329272026        36.49413218        2.528375719      -0.1379283589      0.00681924821
 "MC1E2S"                   267.1530148                  0      -0.1960325471       0.1656107167       0.1652057098        35.92591519        2.354290917    0.0001455995734    0.0005217279618        35.90353099        2.503097991      -0.1379283589      0.00681915447
 "MC1E2O"                   267.1530148                  0      -0.1960325471       0.1656107167       0.1652057098        35.92591519        2.354290917    0.0001455995734    0.0005217279618        35.90353099        2.503097991      -0.1379283589      0.00681915447
 "OQ3"                      267.2453224       0.1846151933      -0.1929665157       0.1614272257       0.1601987473        35.49438083        2.337480222    0.0001937590276    0.0005217279618        35.44486959        2.484418469      -0.1372988992      0.00681915447
 "ONE1"                       272.36488            10.0545      0.01734972234     0.001453718525     -0.01796106316        20.93500085        1.405126621     0.002864775378    0.0005217279618        20.42310859        1.448416092      -0.1023878451      0.00681915447
 "OQ1"                        277.44213                0.1        1.352923864      -0.1714420472      -0.2188991768        6.759107447       0.4804779133     0.005513718672    0.0005217279618        5.817911478       0.4209751529     -0.06776529306      0.00681915447
 "OMC"                        277.64213                0.3        1.403749293      -0.1739533717      -0.2201919525        6.577843245       0.4440547036     0.005618064264    0.0005217279618        5.661663119        0.380502813     -0.06640146216      0.00681915447
 "OQ4"                        278.56213               1.54        1.564751723      -0.1833602599      -0.2218784799        6.018804608       0.2765079388     0.006098053989    0.0005217279618        5.248243999       0.1943300493     -0.06012784005      0.00681915447
 "ONE2"                       283.38213                8.1       0.5463702463      -0.1569510746      -0.1151585621        10.46344285      -0.6012914158     0.008612782765    0.0005217279618         11.2755078      -0.7810533429     -0.02725951551      0.00681915447
 "HQ"                         287.43213                  0       0.1649428719      -0.1065425919     -0.01030659356        15.33390332       -1.338861413      0.01072578101    0.0005217279618        17.60203988       -1.600618226    0.0003580600975      0.00681915447
 "Q1E2"                       287.70213               0.54       0.1296313303     -0.04750460424     -0.05424761204        17.37319977       -3.964151455      0.01127907073     0.002074871001        17.15018439       0.7943417279     0.002140060728     0.006516975309
 "HQ"                         287.97213                  0       0.1014659154      0.01606380925     -0.09008160821        19.41249623       -6.589441497      0.01183236045      0.00362801404        16.69832889        3.189301682     0.003922061358     0.006214796149
 "OQ1"                        288.02213                0.1      0.09675179204      0.04084015896      -0.1045049395        20.08288165       -6.703854241      0.01201376115      0.00362801404        16.38274386        3.155850295     0.004232801165     0.006214796149
 "KX2E2"                      288.22213                0.3      0.08056420359       0.1512795007      -0.1544676887        22.90171864       -7.161505217      0.01273936396      0.00362801404        15.16054541        3.022044748     0.005475760395     0.006214796149
 "IPU2E2"                     288.37213                  0      0.07304706609       0.2436185966      -0.1846264536        25.05017021       -7.504743449      0.01328356606      0.00362801404        14.25393199        2.921690587     0.006407979817     0.006214796149
 "MC2E2Q"                     288.37213                  0      0.09449193647       0.2299778493      -0.1891444398        24.21029988       -7.279179152      0.01328356606     0.003611227847        13.77603286        2.850965405     0.006407979817     0.006179998831
 "MC2E2S"                     288.37213                  0       0.1176318005       0.2161546993      -0.1936535412        23.37042956       -7.053614855      0.01328356606     0.003594441653        13.29813373        2.780240223     0.006407979817     0.006145201513
 "MC2E2O"                     288.37213                  0       0.1176318005       0.2161546993      -0.1936535412        23.37042956       -7.053614855      0.01328356606     0.003594441653        13.29813373        2.780240223     0.006407979817     0.006145201513
 "OQ1"                        288.42213                0.1       0.1149658797       0.2488389422      -0.2020999277        24.08664952       -7.162199685      0.01346328815     0.003594441653        13.02339202        2.747417062     0.006715239893     0.006145201513
 "HQ"                         288.47213                  0       0.1127960778       0.2824075261      -0.2099741591        24.80286949       -7.270784515      0.01364301023     0.003594441653        12.74865032        2.714593901     0.007022499968     0.006145201513
 "Q2E2"                       288.75963              0.575         0.10059966        0.372743612      -0.2251233872        26.88285325        -3.41087617      0.01407814471     0.001492097085        12.26180115       0.8939463925     0.009140974052     0.007472274657
 "HQ"                         289.04713                  0      0.09118515504       0.4672632349      -0.2379224574        28.96283701       0.4490321751      0.01451327919   -0.0006102474832        11.77495199      -0.9267011157      0.01125944813     0.008799347802
 "OQ5"                        289.25363              0.413      0.08229118951        0.443645268      -0.2321854013        28.78092507       0.4404647625      0.01438726308   -0.0006102474832        12.17114242      -0.9592988732      0.01307651346     0.008799347802
 "HQ"                         289.46013                  0      0.07387977185       0.4210180149      -0.2261576402        28.59901312         0.43189735      0.01426124698   -0.0006102474832        12.56733286      -0.9918966306      0.01489357878     0.008799347802
 "Q3E2"                       289.74763              0.575      0.05869661546       0.2740013638      -0.1878221322        26.08354997        4.123421593       0.0134919202    -0.002637821304        14.36499249       -3.301918438       0.0181392186      0.01144899953
 "HQ"                         290.03513                  0      0.05190470698       0.1486247737      -0.1386663706        23.56808683        7.814945837      0.01272259342    -0.004665395124        16.16265213       -5.611940245      0.02138485842      0.01409865126
 "OQ1"                        290.08513                0.1      0.05102583197       0.1135824135      -0.1207656257        22.79976119        7.683256364      0.01248932367    -0.004665395124         16.7338983       -5.712461722      0.02208979098      0.01409865126
 "KX3E2"                      290.28513                0.3      0.05093172431    -0.008165744025     -0.03503570212        19.88448601        7.156498474      0.01155624464    -0.004665395124        19.13950876       -6.114547631      0.02490952123      0.01409865126
 "IPU3E2"                     290.43513                  0      0.05795727954     -0.08357280677      0.04474008163        17.73753647        6.761430057      0.01085643538    -0.004665395124        20.97387305       -6.416112062      0.02702431892      0.01409865126
 "MC3E2Q"                     290.43513                  0      0.03337538267     -0.07466449929      0.05703661236        18.49321388        7.079040504      0.01085643538    -0.004593698826        21.86742905         -6.7185359      0.02702431892       0.0141274537
 "MC3E2S"                     290.43513                  0      0.01095301939       -0.065829598      0.06917816255        19.24889129         7.39665095      0.01085643538    -0.004522002528        22.76098504       -7.020959739      0.02702431892      0.01415625613
 "MC3E2O"                     290.43513                  0      0.01095301939       -0.065829598      0.06917816255        19.24889129         7.39665095      0.01085643538    -0.004522002528        22.76098504       -7.020959739      0.02702431892      0.01415625613
 "OQ1"                        290.48513                0.1      0.01327188585     -0.08887557718       0.1010942056        18.52369727         7.25194016      0.01063033525    -0.004522002528        23.47412928       -7.131442382      0.02773213173      0.01415625613
 "HQ"                         290.53513                  0      0.01636613351      -0.1106017161       0.1348595123        17.79850326         7.10722937      0.01040423512    -0.004522002528        24.18727352       -7.241925025      0.02843994453      0.01415625613
 "Q4E2"                       290.87363              0.677      0.04062425814       -0.175994309       0.2574429695        15.16644542        4.186347357     0.009433551132    -0.002923286496          26.213444       -2.755780501      0.03141619278     0.008620395408
 "HQ"                         291.21213                  0      0.07826784931      -0.2274087509       0.4122255986        12.53438758        1.265465344     0.008462867142    -0.001324570463        28.23961448        1.730364022      0.03439244103     0.003084534681
 "ONE3"                       292.16088             1.8975       0.1762899853      -0.2470804516       0.3882028423        10.50679388        1.068560577     0.007206180915    -0.001324570463        25.21087328         1.59617455      0.03731889331     0.003084534681
 "ARF3W25"                    294.03013              1.841        0.444306146      -0.2722819117       0.3366119603        7.226189655       0.6806140854     0.004730227576    -0.001324570463        19.73030441        1.331791234      0.04308465976     0.003084534681
 "ARF3W25"                    295.87113              1.841       0.7553811244      -0.2781498131       0.2474296656        5.423584227       0.2985306338     0.002291693353    -0.001324570463        15.30602282        1.071403546      0.04876328811     0.003084534681
 "ARF3W25"                    297.71213              1.841       0.9932060217      -0.2737032468      0.09763185852        5.027810067     -0.08355281778   -0.0001468408693    -0.001324570463        11.84048869       0.8110158585      0.05444191646     0.003084534681
 "ARF3W25"                    299.55313              1.841        1.042324027      -0.2464152919     -0.07159144194        6.038867177      -0.4656362694    -0.002585375092    -0.001324570463        9.333702035       0.5506281709      0.06012054481     0.003084534681
 "ARF3W25"                    301.39413              1.841       0.9254612144      -0.1581785563      -0.1896171081        8.456755555       -0.847719721    -0.005023909315    -0.001324570463        7.785662843       0.2902404833      0.06579917316     0.003084534681
 "ONE3"                       303.26338             1.8975       0.7148025424     0.009273324937      -0.2452364116         12.3620842       -1.235666213    -0.007499862653    -0.001324570463        7.202266139      0.02585716711      0.07156493961     0.003084534681
 "HQ"                         304.21213                  0       0.6110866492       0.1123192489      -0.2583929697        14.70676084       -1.432570979     -0.00875654888    -0.001324570463        7.153202164      -0.1083323053      0.07449139189     0.003084534681
 "Q5E2"                       304.55063              0.677       0.5631626899        0.037823943      -0.2375302491        13.96125754        1.012576794    -0.008677550564    0.0002287392339        8.192863013       -1.655407452      0.08008953123      0.01686417847
 "HQ"                         304.88913                  0       0.5271663435     -0.02416851954      -0.2103501028        13.21575424        3.457724568    -0.008598552247     0.001782048931        9.232523863       -3.202482598      0.08568767057      0.03064382226
 "OQ1"                        304.93913                0.1       0.5224588056     -0.04531972017      -0.1995554005        12.87488346        3.408707845      -0.0085094498     0.001782048931        9.558867907       -3.263440441      0.08721986168      0.03064382226
 "KX4E2"                      305.13913                0.3       0.5072491347      -0.1186576854      -0.1470433565        11.57022039        3.212640955    -0.008153040014     0.001782048931        10.93739349       -3.507271813      0.09334862613      0.03064382226
 "IPU4E2"                     305.28913                  0       0.5045823777      -0.1632656021     -0.09819725799         10.6064281        3.065590787    -0.007885732674     0.001782048931        11.98957504       -3.690145342      0.09794519947      0.03064382226
 "MC4E2Q"                     305.28913                  0       0.4895067211      -0.1614130841     -0.09574333394        10.75514683        3.150962657    -0.007885732674     0.002175568304        12.15768766        -3.78429965      0.09794519947      0.03061213935
 "MC4E2S"                     305.28913                  0       0.4748489539      -0.1595457551     -0.09327486377        10.90386557        3.236334526    -0.007885732674     0.002569087676        12.32580028       -3.878453957      0.09794519947      0.03058045645
 "MC4E2O"                     305.28913                  0       0.4748489539      -0.1595457551     -0.09327486377        10.90386557        3.236334526    -0.007885732674     0.002569087676        12.32580028       -3.878453957      0.09794519947      0.03058045645
 "OQ6"                       305.357065            0.13587       0.4734863974      -0.1776302119     -0.06663030611        10.47385764        3.164848249    -0.007711201703     0.002569087676        12.86477937       -3.966873432       0.1000226828      0.03058045645
 "HQ"                           305.425                  0       0.4739438685      -0.1941027567     -0.03802683519         10.0438497        3.093361972    -0.007536670732     0.002569087676        13.40375846       -4.055292907       0.1021001661      0.03058045645
 "Q6E2"                         305.815               0.78       0.4822832967      -0.2215571544      0.02190379129         9.20154197        1.190942243    -0.007090467255     0.001173983765        14.40109729       -1.141495159       0.1055798124      0.00868675713
 "HQ"                           306.205                  0       0.4976957541      -0.2437816094       0.0905881516        8.359234236      -0.7114774856    -0.006644263778   -0.0002211201464        15.39843611         1.77230259       0.1090594587     -0.01320694219
 "OQLBMD"                      306.3125              0.215       0.5009740113      -0.2389560442       0.0695101009        8.516366398       -0.730847265    -0.006668034194   -0.0002211201464        15.02360663        1.743392929       0.1076397124     -0.01320694219
 "MB2L"                          306.42                  0       0.5047875248      -0.2337757108      0.04899600121         8.67349856      -0.7502170444     -0.00669180461   -0.0002211201464        14.64877715        1.714483268       0.1062199661     -0.01320694219
 "HD"                            306.42                  0       0.5047875248      -0.2337757108      0.04899600121         8.67349856      -0.7502170444     -0.00669180461   -0.0002211201464        14.64877715        1.714483268       0.1062199661     -0.01320694219
 "BH"                            307.39               1.94       0.5405051089      -0.1058214144     -0.09961392708        10.46579742      -0.9248158871      0.03116616344      0.03906898686        11.79516731        1.466562212       0.0932514224     -0.01334976958
 "HD"                            308.36                  0       0.6724707625       0.2474176482      -0.1986645471        12.25809628        -1.09941473      0.06902413149      0.07835909386        8.941557463        1.218641157      0.08028287869     -0.01349259698
 "MB2L"                          308.36                  0       0.6724707625       0.2474176482      -0.1986645471        12.25809628        -1.09941473      0.06902413149      0.07835909386        8.941557463        1.218641157      0.08028287869     -0.01349259698
 "OBMBM"                         308.51                0.3       0.6794026027       0.2729953037      -0.2099216972        12.59602898       -1.126442329      0.08077799557      0.07835909386         8.58847176        1.176952341      0.07825898914     -0.01349259698
 "MB2L"                          308.66                  0        0.687720966        0.299976033      -0.2202774042        12.93396168       -1.153469928      0.09253185965      0.07835909386        8.235386058        1.135263526      0.07623509959     -0.01349259698
 "HD"                            308.66                  0        0.687720966        0.299976033      -0.2202774042        12.93396168       -1.153469928      0.09253185965      0.07835909386        8.235386058        1.135263526      0.07623509959     -0.01349259698
 "BH"                            309.63               1.94       0.8096886727       0.9624554176      -0.2492078306         15.5077671       -1.328068771        0.206534296       0.1176492009        6.538085018        0.872297793       0.0630340189     -0.01358914226
 "HD"                             310.6                  0        1.017643501        2.100610853      -0.2482892609        18.08157252       -1.502667614       0.3205367323       0.1569393079        4.840783978       0.6093320603      0.04983293822     -0.01368568754
 "MB2L"                           310.6                  0        1.017643501        2.100610853      -0.2482892609        18.08157252       -1.502667614       0.3205367323       0.1569393079        4.840783978       0.6093320603      0.04983293822     -0.01368568754
 "OBMMC"                       310.7445              0.289        1.020371612         2.14717226      -0.2484777492        18.52336803       -1.528704201       0.3432144623       0.1569393079        4.676516826       0.5683984503      0.04785535637     -0.01368568754
 "KX7E2"                        311.039                0.3         1.02506828        2.241833882      -0.2478513407        19.43969407       -1.581768387       0.3894330885       0.1569393079        4.366757712       0.4849732036      0.04382492138     -0.01368568754
 "IPU7E2"                       311.189                  0        1.026976714        2.289741623      -0.2470863933        19.91422458       -1.608795986       0.4129739847       0.1569393079        4.221265751        0.442481567      0.04177206825     -0.01368568754
 "MC7E2Q"                       311.189                  0        1.026976714        2.289741623      -0.2470863933        19.91422458       -1.608795986       0.4129739847       0.1569393079        4.221265751        0.442481567      0.04177206825     -0.01368568754
 "MC7E2S"                       311.189                  0        1.026976714        2.289741623      -0.2470863933        19.91422458       -1.608795986       0.4129739847       0.1569393079        4.221265751        0.442481567      0.04177206825     -0.01368568754
 "MC7E2O"                       311.189                  0        1.026976714        2.289741623      -0.2470863933        19.91422458       -1.608795986       0.4129739847       0.1569393079        4.221265751        0.442481567      0.04177206825     -0.01368568754
 "OMCQL"                        311.227              0.076        1.026949551        2.301352819      -0.2468662951        20.03701345       -1.615642978       0.4189376784       0.1569393079        4.188455258        0.431717019      0.04125201213     -0.01368568754
 "HQ"                           311.265                  0        1.026976251        2.313011925      -0.2466296567        20.15980231        -1.62248997       0.4249013721       0.1569393079        4.155644764       0.4209524711        0.040731956     -0.01368568754
 "Q7E2"                        311.4525              0.375         1.02154503        2.237918436      -0.2475366709        20.03617386       0.3216461669       0.4462947621        0.113405861        4.165213758     -0.02613283023      0.03887962439    -0.009938892157
 "HQ"                            311.64                  0        1.033157283        2.288632444      -0.2467874625         19.9125454        2.265782304       0.4676881522      0.06987241409        4.174782752      -0.4732181315      0.03702729277    -0.006192096771
 "OQLKM1"                        311.94                0.6        1.037093003        2.153572604      -0.2483084826        18.60852239        2.173371675       0.4886498764      0.06987241409        4.511484849       -0.561170162      0.03516966374    -0.006192096771
 "OKM1"                          314.49                4.5       0.8556129353        1.069113113      -0.1219181445        11.05903339        1.387881333       0.6668245323      0.06987241409        10.73761784       -1.308762421      0.01937981698    -0.006192096771
 "OKM1MC"                      316.8045              0.129        1.063572709       0.7511771622       0.2773956922        4.726500987       0.6749333349       0.8285442347      0.06987241409        16.88341203       -1.987312337     0.005048209001    -0.006192096771
 "KX8E2"                        317.019                0.3        1.056567843       0.7166322363       0.3292685094        4.456776666       0.6088597355       0.8435318676      0.06987241409        17.75483473       -2.050198039     0.003720004244    -0.006192096771
 "IPU8E2"                       317.169                  0        1.052531132       0.6956359701       0.3664896816        4.274118746       0.5626544213       0.8540127297      0.06987241409        18.36989415       -2.094174054     0.002791189728    -0.006192096771
 "MC8E2Q"                       317.169                  0        1.052531132       0.6956359701       0.3664896816        4.274118746       0.5626544213       0.8540127297      0.06987241409        18.36989415       -2.094174054     0.002791189728    -0.006192096771
 "MC8E2S"                       317.169                  0        1.052531132       0.6956359701       0.3664896816        4.274118746       0.5626544213       0.8540127297      0.06987241409        18.36989415       -2.094174054     0.002791189728    -0.006192096771
 "MC8E2O"                       317.169                  0        1.052531132       0.6956359701       0.3664896816        4.274118746       0.5626544213       0.8540127297      0.06987241409        18.36989415       -2.094174054     0.002791189728    -0.006192096771
 "OMCQL"                        317.207              0.076        1.050931181       0.6898413938       0.3759290049        4.232246616       0.5509490751       0.8566678814      0.06987241409        18.52989806       -2.105314644     0.002555890051    -0.006192096771
 "HQ"                           317.245                  0         1.04943206       0.6842964217       0.3854166687        4.190374486       0.5392437288       0.8593230331      0.06987241409        18.68990197       -2.116455235     0.002320590373    -0.006192096771
 "Q8E2"                          317.48               0.47        1.046125709       0.6819119108       0.3708092593        4.194917295     -0.01002141467       0.9001759319       0.1754510906        18.64185622      0.09840505256    0.0008283268769    -0.006291067088
 "HQ"                           317.715                  0         1.03304779       0.6248713765       0.3563278566        4.199460104      -0.5592865581       0.9410288306       0.2810297671        18.59381047         2.31326534   -0.0006639366195    -0.006390037406
 "OQLSM1"                       317.975               0.52        1.023408253       0.5978887464       0.2653980899        4.532554251      -0.6405656677         1.01409657       0.2810297671        17.43709355         2.22445562    -0.002325346345    -0.006390037406
 "OSM1"                         319.485                2.5       0.9323126296       0.4902420207      -0.1005366235        7.647172717       -1.112609727        1.438451518       0.2810297671        12.00868639        1.708676093     -0.01197430283    -0.006390037406
 "OSM1MC"                       321.802              2.134       0.9694215733       0.7264621414      -0.2687252592        14.34870915       -1.836931639        2.089597489       0.2810297671        5.779595628       0.9172448592      -0.0267800195    -0.006390037406
 "KX9E2"                        323.019                0.3        1.048099317        1.129669084      -0.2480686661        18.93393539       -2.217380394        2.431610716       0.2810297671        3.671730982       0.5015470551     -0.03455669502    -0.006390037406
 "IPU9E2"                       323.169                  0        1.048346497        1.178496938      -0.2441950166        19.59914951       -2.264272188        2.473765181       0.2810297671        3.521266865       0.4503106783     -0.03551520063    -0.006390037406
 "MC9E2Q"                       323.169                  0        1.048346497        1.178496938      -0.2441950166        19.59914951       -2.264272188        2.473765181       0.2810297671        3.521266865       0.4503106783     -0.03551520063    -0.006390037406
 "MC9E2S"                       323.169                  0        1.048346497        1.178496938      -0.2441950166        19.59914951       -2.264272188        2.473765181       0.2810297671        3.521266865       0.4503106783     -0.03551520063    -0.006390037406
 "MC9E2O"                       323.169                  0        1.048346497        1.178496938      -0.2441950166        19.59914951       -2.264272188        2.473765181       0.2810297671        3.521266865       0.4503106783     -0.03551520063    -0.006390037406
 "OMCQL"                        323.207              0.076        1.047713781        1.190183614      -0.2432629567        19.77213701       -2.276151442        2.484444312       0.2810297671        3.488029725       0.4373307962     -0.03575802205    -0.006390037406
 "HQ"                           323.245                  0        1.047178966        1.202100432      -0.2423122782        19.94512452       -2.288030697        2.495123443       0.2810297671        3.454792584        0.424350914     -0.03600084347    -0.006390037406
 "Q9E2"                          323.47               0.45         1.04488219        1.198029549      -0.2427353255        19.92731058       0.0381960131        2.492551727     -0.01133000233        3.473191039     -0.04230171391     -0.03841384869     -0.01081782399
 "HQ"                           323.695                  0        1.042627419        1.194475412      -0.2432797403        19.90949663        2.364422723        2.489980012      -0.3036897718        3.491589493      -0.5089543419     -0.04082685391     -0.01524561058
 "OQLBM"                       324.0275              0.665        1.031870283        1.073955887      -0.2532242517        18.41034877        2.254357684        2.389003163      -0.3036897718         3.90977523      -0.6288507327     -0.04589601943     -0.01524561058
 "MB2L"                          324.36                  0        1.030993409       0.9738489875      -0.2606595921        16.91120091        2.144292645        2.288026314      -0.3036897718        4.327960968      -0.7487471236     -0.05096518495     -0.01524561058
 "HD"                            324.36                  0        1.030993409       0.9738489875      -0.2606595921        16.91120091        2.144292645        2.288026314      -0.3036897718        4.327960968      -0.7487471236     -0.05096518495     -0.01524561058
 "BH"                            325.33               1.94       0.9517233044       0.6592481327      -0.2666933329        13.37718731        1.823530659        2.031822228      -0.2643996648        6.441932841       -1.086438384     -0.06567770882     -0.01514501612
 "HD"                             326.3                  0       0.9896868935       0.6416199955      -0.2241280526        9.843173716        1.502768673        1.775618142      -0.2251095578        8.555904714       -1.424129645     -0.08039023268     -0.01504442167
 "MB2L"                           326.3                  0       0.9896868935       0.6416199955      -0.2241280526        9.843173716        1.502768673        1.775618142      -0.2251095578        8.555904714       -1.424129645     -0.08039023268     -0.01504442167
 "OBMBM"                         326.45                0.3       0.9858743088       0.6164241207      -0.2124383342        9.407239134        1.453115272        1.741851708      -0.2251095578        8.999070215       -1.477218337     -0.08264689593     -0.01504442167
 "MB2L"                           326.6                  0       0.9849134985        0.598081071      -0.1991282426        8.971304553        1.403461871        1.708085275      -0.2251095578        9.442235716       -1.530307028     -0.08490355918     -0.01504442167
 "HD"                             326.6                  0       0.9849134985        0.598081071      -0.1991282426        8.971304553        1.403461871        1.708085275      -0.2251095578        9.442235716       -1.530307028     -0.08490355918     -0.01504442167
 "BH"                            327.57               1.94       0.9524232317       0.5699469543     -0.06640289341        6.873025537        1.082699885        1.528025657      -0.1858194508        13.04021051       -1.849115389     -0.09937050795     -0.01489222205
 "HD"                            328.54                  0        1.016168319       0.7219030149       0.1420699877        4.774746522       0.7619378986         1.34796604      -0.1465293438        16.63818531        -2.16792375      -0.1138374567     -0.01474002243
 "MB2L"                          328.54                  0        1.016168319       0.7219030149       0.1420699877        4.774746522       0.7619378986         1.34796604      -0.1465293438        16.63818531        -2.16792375      -0.1138374567     -0.01474002243
 "OBMMC"                       328.6845              0.289        1.014055759       0.7137501218        0.178645358        4.568370141       0.7141051222        1.326792549      -0.1465293438        17.27902154        -2.21742642        -0.11596739     -0.01474002243
 "KX10E2"                       328.979                0.3        1.011450297       0.7067523171       0.2582638458        4.177008078       0.6166189447        1.283639658      -0.1465293438        18.61535256       -2.318315944      -0.1203083266     -0.01474002243
 "IPU10E2"                      329.129                  0        1.011043384       0.7083795753       0.3013753583        3.992022394       0.5669655436        1.261660256      -0.1465293438        19.31084734       -2.369702799      -0.1225193299     -0.01474002243
 "MC10E2Q"                      329.129                  0        1.011043384       0.7083795753       0.3013753583        3.992022394       0.5669655436        1.261660256      -0.1465293438        19.31084734       -2.369702799      -0.1225193299     -0.01474002243
 "MC10E2S"                      329.129                  0        1.011043384       0.7083795753       0.3013753583        3.992022394       0.5669655436        1.261660256      -0.1465293438        19.31084734       -2.369702799      -0.1225193299     -0.01474002243
 "MC10E2O"                      329.129                  0        1.011043384       0.7083795753       0.3013753583        3.992022394       0.5669655436        1.261660256      -0.1465293438        19.31084734       -2.369702799      -0.1225193299     -0.01474002243
 "OMCQL"                        329.167              0.076        1.010414072       0.7078168588       0.3125165067        3.949889006        0.554386682        1.256092141      -0.1465293438        19.49193412       -2.382720802      -0.1230794508     -0.01474002243
 "HQ"                           329.205                  0         1.00993661       0.7077633529       0.3237693295        3.907755619       0.5418078204        1.250524026      -0.1465293438         19.6730209       -2.395738805      -0.1236395716     -0.01474002243
 "Q10E2"                         329.44               0.47        1.009185813       0.7010782822       0.3253323809        3.897321024       0.0230186644        1.250557661    0.0001444542429         19.6992762      -0.0537748614      -0.1236320276    3.180419825e-05
 "HQ"                           329.675                  0        1.010199439       0.7062967866       0.3269896488         3.88688643      -0.4957704916        1.250591297       0.1468182523        19.72553149        2.288189082      -0.1236244835      0.01480363082
 "OQLBM"                       330.0075              0.665        1.007762476       0.6921141986       0.2353496749        4.287442711      -0.6023402728        1.299408366       0.1468182523        18.27378579        2.183076245      -0.1187022762      0.01480363082
 "MB2L"                          330.34                  0        1.016429145       0.7146352917       0.1519293356        4.687998993       -0.708910054        1.348225435       0.1468182523        16.82204009        2.077963407       -0.113780069      0.01480363082
 "HD"                            330.34                  0        1.016429145       0.7146352917       0.1519293356        4.687998993       -0.708910054        1.348225435       0.1468182523        16.82204009        2.077963407       -0.113780069      0.01480363082
 "BH"                            331.31               1.94       0.9552930504       0.5738549275     -0.05314303443        6.663768778       -1.019485828        1.528565005       0.1861083593        13.34775031        1.785549664     -0.09925150534      0.01495564817
 "HD"                            332.28                  0       0.9819297956       0.5989096444      -0.1870600795        8.639538564       -1.330061601        1.708904576       0.2253984663        9.873460541         1.49313592     -0.08472294169      0.01510766552
 "MB2L"                          332.28                  0       0.9819297956       0.5989096444      -0.1870600795        8.639538564       -1.330061601        1.708904576       0.2253984663        9.873460541         1.49313592     -0.08472294169      0.01510766552
 "OBMBM"                         332.43                0.3       0.9816128054       0.6135111019      -0.2011729699        9.052980022       -1.378138194        1.742714346       0.2253984663        9.440238563        1.444073261     -0.08245679187      0.01510766552
 "MB2L"                          332.58                  0       0.9839005675       0.6344882645      -0.2137413474         9.46642148       -1.426214787        1.776524116       0.2253984663        9.007016585        1.395010602     -0.08019064204      0.01510766552
 "HD"                            332.58                  0       0.9839005675       0.6344882645      -0.2137413474         9.46642148       -1.426214787        1.776524116       0.2253984663        9.007016585        1.395010602     -0.08019064204      0.01510766552
 "BH"                            333.55               1.94       0.9420739649       0.6433591192      -0.2627802928        12.83233224       -1.736790561        2.033008155       0.2646885733        6.897521451        1.084137643     -0.06541706816      0.01520786077
 "HD"                            334.52                  0        1.005734709       0.9203098145      -0.2649296064        16.19824299       -2.047366335        2.289492194       0.3039786803        4.788026318       0.7732646847     -0.05064349428      0.01530805602
 "MB2L"                          334.52                  0        1.005734709       0.9203098145      -0.2649296064        16.19824299       -2.047366335        2.289492194       0.3039786803        4.788026318       0.7732646847     -0.05064349428      0.01530805602
 "OBMMC"                       334.6645              0.289        1.007114517       0.9588497925      -0.2627197984        16.80331655       -2.093680119        2.333417113       0.3039786803        4.578489819       0.7250397868     -0.04843148018      0.01530805602
 "KX11E2"                       334.959                0.3        1.010649628        1.043639167      -0.2568633333        18.06481125       -2.188070497        2.422938835       0.3039786803        4.180926989       0.6267544412     -0.04392325768      0.01530805602
 "IPU11E2"                      335.109                  0        1.012778704        1.089972228       -0.253300827         18.7212324        -2.23614709        2.468535637       0.3039786803        3.992900656       0.5766939935     -0.04162704928      0.01530805602
 "MC11E2Q"                      335.109                  0        1.012778704        1.089972228       -0.253300827         18.7212324        -2.23614709        2.468535637       0.3039786803        3.992900656       0.5766939935     -0.04162704928      0.01530805602
 "MC11E2S"                      335.109                  0        1.012778704        1.089972228       -0.253300827         18.7212324        -2.23614709        2.468535637       0.3039786803        3.992900656       0.5766939935     -0.04162704928      0.01530805602
 "MC11E2O"                      335.109                  0        1.012778704        1.089972228       -0.253300827         18.7212324        -2.23614709        2.468535637       0.3039786803        3.992900656       0.5766939935     -0.04162704928      0.01530805602
 "OMCQL"                        335.147              0.076        1.012774206        1.101368453      -0.2523988708        18.89210522       -2.248326494        2.480086827       0.3039786803        3.950035743       0.5640120135     -0.04104534315      0.01530805602
 "HQ"                           335.185                  0        1.012878169        1.112996858      -0.2514706375        19.06297803       -2.260505897        2.491638017       0.3039786803         3.90717083       0.5513300334     -0.04046363702      0.01530805602
 "Q11E2"                         335.42               0.47        1.015058905        1.112800302      -0.2511928696        19.03723665      0.05267673982        2.491553528   -0.0003561132032        3.896955265       0.0225530295      -0.0379590704      0.01075854586
 "HQ"                           335.655                  0        1.017373394        1.114113691      -0.2510658722        19.01149526        2.365859377        2.491469039      -0.3046909067        3.886739701      -0.5062239744     -0.03545450377     0.006209035689
 "OQLBM"                       335.9875              0.665        1.015208528        1.007947512      -0.2587158003        17.51492833          2.2504766        2.390159312      -0.3046909067        4.294846097      -0.6136938293     -0.03338999941     0.006209035689
 "MB2L"                          336.32                  0        1.022421714       0.9233713658      -0.2638889181        16.01836139        2.135093822        2.288849586      -0.3046909067        4.702952494      -0.7211636843     -0.03132549504     0.006209035689
 "HD"                            336.32                  0        1.022421714       0.9233713658      -0.2638889181        16.01836139        2.135093822        2.288849586      -0.3046909067        4.702952494      -0.7211636843     -0.03132549504     0.006209035689
 "BH"                            337.29               1.94       0.9810705394       0.7172821775      -0.2613010492        12.53220933        1.798834379        2.031675397      -0.2654007997        6.692130325       -1.022302698     -0.02525619049     0.006247719023
 "HD"                            338.26                  0        1.048910297       0.7880391019       -0.212104039        9.046057271        1.462574936        1.774501209      -0.2261106927        8.681308157       -1.323441712     -0.01918688594     0.006286402357
 "MB2L"                          338.26                  0        1.048910297       0.7880391019       -0.212104039        9.046057271        1.462574936        1.774501209      -0.2261106927        8.681308157       -1.323441712     -0.01918688594     0.006286402357
 "OBMBM"                         338.41                0.3         1.04850921       0.7657739693      -0.1999027033        8.622900505        1.410522556        1.740584605      -0.2261106927          9.0926032       -1.370983475     -0.01824392559     0.006286402357
 "MB2L"                          338.56                  0        1.050982262       0.7514908626      -0.1861199405        8.199743738        1.358470175        1.706668001      -0.2261106927        9.503898242       -1.418525238     -0.01730096524     0.006286402357
 "HD"                            338.56                  0        1.050982262       0.7514908626      -0.1861199405        8.199743738        1.358470175        1.706668001      -0.2261106927        9.503898242       -1.418525238     -0.01730096524     0.006286402357
 "BH"                            339.53               1.94        1.032556297        0.735984321     -0.05514247777        6.218693071        1.022210732        1.525638281      -0.1868205857        12.81588971       -1.702139324      -0.0111774511     0.006303522163
 "HD"                             340.5                  0         1.11011818        0.930448688       0.1488035313        4.237642405       0.6859512888         1.34460856      -0.1475304787        16.12788117       -1.985753411     -0.00505393697     0.006320641969
 "MB2L"                           340.5                  0         1.11011818        0.930448688       0.1488035313        4.237642405       0.6859512888         1.34460856      -0.1475304787        16.12788117       -1.985753411     -0.00505393697     0.006320641969
 "OBMMC"                       340.6445              0.289        1.108477768       0.9225304485       0.1836120477        4.053894039       0.6358074954        1.323290406      -0.1475304787        16.71456356       -2.030042849    -0.004140604205     0.006320641969
 "KX12E2"                       340.939                0.3        1.106395965        0.917452062       0.2590216888        3.710062276       0.5336113214         1.27984268      -0.1475304787        17.93733818       -2.120307483    -0.002279175146     0.006320641969
 "IPU12E2"                      341.089                  0        1.106031903       0.9209115877       0.2996465935         3.54997888       0.4815589407        1.257713108      -0.1475304787        18.57343043       -2.166282679     -0.00133107885     0.006320641969
 "MC12E2Q"                      341.089                  0        1.106031903       0.9209115877       0.2996465935         3.54997888       0.4815589407        1.257713108      -0.1475304787        18.57343043       -2.166282679     -0.00133107885     0.006320641969
 "MC12E2S"                      341.089                  0        1.106031903       0.9209115877       0.2996465935         3.54997888       0.4815589407        1.257713108      -0.1475304787        18.57343043       -2.166282679     -0.00133107885     0.006320641969
 "MC12E2O"                      341.089                  0        1.106031903       0.9209115877       0.2996465935         3.54997888       0.4815589407        1.257713108      -0.1475304787        18.57343043       -2.166282679     -0.00133107885     0.006320641969
 "OMCQL"                        341.127              0.076        1.105314875       0.9204344487        0.310089008        3.514382582       0.4683723376         1.25210695      -0.1475304787        18.73895309       -2.177929728    -0.001090894455     0.006320641969
 "HQ"                           341.165                  0         1.10475293       0.9205926811       0.3206315529        3.478786284       0.4551857345        1.246500792      -0.1475304787        18.90447575       -2.189576778   -0.0008507100606     0.006320641969
 "Q12E2"                          341.4               0.47        1.103564214       0.9131016917       0.3188293178        3.489220879      -0.0230186644        1.246181815    -0.001369909248        18.87822063      0.05377450405    0.0006306938286     0.006245285283
 "HQ"                           341.635                  0        1.104653244        0.922751274       0.3175365134        3.499655473      -0.5012230633        1.245862839       0.1447906602        18.85196551        2.297125786     0.002112097718     0.006169928597
 "OQLBM"                       341.9675              0.665        1.100816844       0.9055320338       0.2239059655        3.912022703      -0.6201010984        1.294005734       0.1447906602        17.39799656        2.186419471     0.004163598976     0.006169928597
 "MB2L"                           342.3                  0        1.110483825       0.9405278251       0.1393171655        4.324389934      -0.7389791334        1.342148628       0.1447906602        15.94402761        2.075713156     0.006215100235     0.006169928597
 "HD"                             342.3                  0        1.110483825       0.9405278251       0.1393171655        4.324389934      -0.7389791334        1.342148628       0.1447906602        15.94402761        2.075713156     0.006215100235     0.006169928597
 "BH"                            343.27               1.94        1.030520093       0.7338389243      -0.0678487995         6.42794983       -1.085424789        1.520523456       0.1840807672        12.50835195        1.765704627      0.01219069727     0.006151256865
 "HD"                            344.24                  0        1.055251155       0.7518272104      -0.1977122727        8.531509727       -1.431870444        1.698898284       0.2233708742        9.072676283        1.455696099      0.01816629431     0.006132585133
 "MB2L"                          344.24                  0        1.055251155       0.7518272104      -0.1977122727        8.531509727       -1.431870444        1.698898284       0.2233708742        9.072676283        1.455696099      0.01816629431     0.006132585133
 "OBMBM"                         344.39                0.3        1.054150396       0.7703862404      -0.2106873771        8.977159617       -1.485499633        1.732403915       0.2233708742        8.651437784         1.40412833      0.01908618208     0.006132585133
 "MB2L"                          344.54                  0        1.056184056       0.7974400119      -0.2220110825        9.422809507       -1.539128822        1.765909546       0.2233708742        8.230199285        1.352560562      0.02000606985     0.006132585133
 "HD"                            344.54                  0        1.056184056       0.7974400119      -0.2220110825        9.422809507       -1.539128822        1.765909546       0.2233708742        8.230199285        1.352560562      0.02000606985     0.006132585133
 "BH"                            345.51               1.94       0.9916180818       0.7323775332      -0.2648154726        13.07706441       -1.885574477        2.020428842       0.2626609812        6.236544743        1.024603424      0.02592495463     0.006092877494
 "HD"                            346.48                  0        1.047955489       0.9712239969      -0.2594934129         16.7313193       -2.232020133        2.274948138       0.3019510882        4.242890201       0.6966462861      0.03184383942     0.006053169856
 "MB2L"                          346.48                  0        1.047955489       0.9712239969      -0.2594934129         16.7313193       -2.232020133        2.274948138       0.3019510882        4.242890201       0.6966462861      0.03184383942     0.006053169856
 "OBMMC"                       346.6245              0.289        1.047831983        1.015486267      -0.2564234755        17.39130367       -2.283682918         2.31858007       0.3019510882        4.056178596       0.6460609165      0.03271852247     0.006053169856
 "KX13E2"                       346.919                0.3        1.047862894        1.112147804       -0.249139353         18.7679805       -2.388974892        2.407504666       0.3019510882        3.706577556       0.5429647827      0.03450118099     0.006053169856
 "IPU13E2"                      347.069                  0        1.047935128        1.164510849       -0.245023773        19.48467297        -2.44260408        2.452797329       0.3019510882        3.543688121       0.4904540184      0.03540915647     0.006053169856
 "MC13E2Q"                      347.069                  0        1.047935128        1.164510849       -0.245023773        19.48467297        -2.44260408        2.452797329       0.3019510882        3.543688121       0.4904540184      0.03540915647     0.006053169856
 "MC13E2S"                      347.069                  0        1.047935128        1.164510849       -0.245023773        19.48467297        -2.44260408        2.452797329       0.3019510882        3.543688121       0.4904540184      0.03540915647     0.006053169856
 "MC13E2O"                      347.069                  0        1.047935128        1.164510849       -0.245023773        19.48467297        -2.44260408        2.452797329       0.3019510882        3.543688121       0.4904540184      0.03540915647     0.006053169856
 "OMCQL"                        347.107              0.076        1.047257373        1.177148297      -0.2440218926        19.67134342       -2.456190142         2.46427147       0.3019510882        3.507424623       0.4771512914      0.03563917692     0.006053169856
 "HQ"                           347.145                  0         1.04669519        1.190056663      -0.2429978322        19.85801387       -2.469776203        2.475745612       0.3019510882        3.471161125       0.4638485645      0.03586919738     0.006053169856
 "Q13E2"                         347.38               0.47        1.044195712        1.188568152      -0.2431820114        19.88375525     -0.05267673982        2.475641204   -0.0004400690611        3.481377173     -0.02255409658      0.03834833998      0.01064933517
 "HQ"                           347.615                  0        1.041844776        1.188704843      -0.2434935642        19.90949663        2.364422723        2.475536796      -0.3028312263        3.491593221      -0.5089567576      0.04082748259      0.01524550048
 "OQLBM"                       347.9475              0.665        1.031068228        1.068244985      -0.2534206469        18.41034877        2.254357684        2.374845414      -0.3028312263        3.909780636      -0.6288532546       0.0458966115      0.01524550048
 "MB2L"                          348.28                  0         1.03016914       0.9679272301      -0.2608345498        16.91120091        2.144292645        2.274154031      -0.3028312263         4.32796805      -0.7487497517      0.05096574041      0.01524550048
 "HD"                            348.28                  0         1.03016914       0.9679272301      -0.2608345498        16.91120091        2.144292645        2.274154031      -0.3028312263         4.32796805      -0.7487497517      0.05096574041      0.01524550048
 "BH"                            349.25               1.94       0.9502033524       0.6490412725      -0.2667804839        13.37718731        1.823530659        2.018781878      -0.2635411193        6.441945586       -1.086441295      0.06567815666      0.01514490534
 "HD"                            350.22                  0       0.9877898504       0.6268466961      -0.2240049777        9.843173716        1.502768673        1.763409726      -0.2242510123        8.555923123       -1.424132838       0.0803905729       0.0150443102
 "MB2L"                          350.22                  0       0.9877898504       0.6268466961      -0.2240049777        9.843173716        1.502768673        1.763409726      -0.2242510123        8.555923123       -1.424132838       0.0803905729       0.0150443102
 "OBMBM"                         350.37                0.3       0.9839944851       0.6018020337      -0.2122419623        9.407239134        1.453115272        1.729772074      -0.2242510123        8.999089595       -1.477221575      0.08264721943       0.0150443102
 "MB2L"                          350.52                  0       0.9830538975       0.5835259191      -0.1988532144        8.971304553        1.403461871        1.696134422      -0.2242510123        9.442256067       -1.530310311      0.08490386596       0.0150443102
 "HD"                            350.52                  0       0.9830538975       0.5835259191      -0.1988532144        8.971304553        1.403461871        1.696134422      -0.2242510123        9.442256067       -1.530310311      0.08490386596       0.0150443102
 "BH"                            351.49               1.94        0.950615201       0.5551248324     -0.06546045263        6.873025537        1.082699885        1.516906738      -0.1849609053        13.04023772       -1.849118913      0.09937070615      0.01489211027
 "HD"                            352.46                  0        1.014706063       0.7048753179        0.144055014        4.774746522       0.7619378986        1.337679053      -0.1456707983        16.63821937       -2.167927515       0.1138375463      0.01473991035
 "MB2L"                          352.46                  0        1.014706063       0.7048753179        0.144055014        4.774746522       0.7619378986        1.337679053      -0.1456707983        16.63821937       -2.167927515       0.1138375463      0.01473991035
 "OBMMC"                       352.6045              0.289        1.012642765       0.6968944024       0.1808178696        4.568370141       0.7141051222        1.316629623      -0.1456707983        17.27905671       -2.217430225       0.1159674634      0.01473991035
 "KX14E2"                       352.899                0.3        1.010136799       0.6901414401       0.2608385518        4.177008078       0.6166189447        1.273729573      -0.1456707983        18.61538999       -2.318319832        0.120308367      0.01473991035
 "IPU14E2"                      353.049                  0        1.009779648       0.6918322103       0.3041648346        3.992022394       0.5669655436        1.251878953      -0.1456707983        19.31088594       -2.369706728       0.1225193535      0.01473991035
 "MC14E2Q"                      353.049                  0        1.009779648       0.6918322103       0.3041648346        3.992022394       0.5669655436        1.251878953      -0.1456707983        19.31088594       -2.369706728       0.1225193535      0.01473991035
 "MC14E2S"                      353.049                  0        1.009779648       0.6918322103       0.3041648346        3.992022394       0.5669655436        1.251878953      -0.1456707983        19.31088594       -2.369706728       0.1225193535      0.01473991035
 "MC14E2O"                      353.049                  0        1.009779648       0.6918322103       0.3041648346        3.992022394       0.5669655436        1.251878953      -0.1456707983        19.31088594       -2.369706728       0.1225193535      0.01473991035
 "OMCQL"                        353.087              0.076         1.00916102        0.691301741       0.3153604156        3.949889006        0.554386682        1.246343463      -0.1456707983        19.49197302       -2.382724742       0.1230794701      0.01473991035
 "HQ"                           353.125                  0        1.008694458       0.6912733783       0.3266681736        3.907755619       0.5418078204        1.240807973      -0.1456707983         19.6730601       -2.395742756       0.1236395867      0.01473991035
 "Q14E2"                         353.36               0.47        1.007967703       0.6847379087       0.3282653667        3.897321024       0.0230186644        1.240774337    -0.000144454243        19.69931505     -0.05377414668       0.1236320164   -3.191493896e-05
 "HQ"                           353.595                  0        1.009003623       0.6899449917       0.3299541744         3.88688643      -0.4957704916        1.240740702       0.1453818898        19.72556999        2.288194463        0.123624446     -0.01480374023
 "OQLBM"                       353.9275              0.665        1.006503205       0.6759274299       0.2379093717        4.287442711      -0.6023402728         1.28908018       0.1453818898        18.27382085        2.183081415       0.1187022024     -0.01480374023
 "MB2L"                          354.26                  0        1.015124192       0.6981436119       0.1541075593        4.687998993       -0.708910054        1.337419658       0.1453818898        16.82207171        2.077968368       0.1137799588     -0.01480374023
 "HD"                            354.26                  0        1.015124192       0.6981436119       0.1541075593        4.687998993       -0.708910054        1.337419658       0.1453818898        16.82207171        2.077968368       0.1137799588     -0.01480374023
 "BH"                            355.23               1.94       0.9535991231       0.5590306373     -0.05198396378        6.663768778       -1.019485828        1.516367389       0.1846719968        13.34777344        1.785554033      0.09925128918     -0.01495575725
 "HD"                             356.2                  0       0.9800947342       0.5838082631      -0.1866243126        8.639538564       -1.330061601        1.695315121       0.2239621038        9.873475161        1.493139697      0.08472261957     -0.01510777427
 "MB2L"                           356.2                  0       0.9800947342       0.5838082631      -0.1866243126        8.639538564       -1.330061601        1.695315121       0.2239621038        9.873475161        1.493139697      0.08472261957     -0.01510777427
 "OBMBM"                         356.35                0.3       0.9797582845        0.598409612      -0.2008258099        9.052980022       -1.378138194        1.728909436       0.2239621038        9.440252079        1.444076939      0.08245645343     -0.01510777427
 "MB2L"                           356.5                  0       0.9820308349        0.619309981      -0.2134776239         9.46642148       -1.426214787        1.762503752       0.2239621038        9.007028997        1.395014181      0.08019028729     -0.01510777427
 "HD"                             356.5                  0       0.9820308349        0.619309981      -0.2134776239         9.46642148       -1.426214787        1.762503752       0.2239621038        9.007028997        1.395014181      0.08019028729     -0.01510777427
 "BH"                            357.47               1.94         0.94037573       0.6316630486      -0.2628225104        12.83233224       -1.736790561        2.017595951       0.2632522108        6.897528141        1.084140584      0.06541660846     -0.01520796881
 "HD"                            358.44                  0        1.004578538       0.9116694583      -0.2651322103        16.19824299       -2.047366335        2.272688151       0.3025423178        4.788027286       0.7732669869      0.05064292962     -0.01530816336
 "MB2L"                          358.44                  0        1.004578538       0.9116694583      -0.2651322103        16.19824299       -2.047366335        2.272688151       0.3025423178        4.788027286       0.7732669869      0.05064292962     -0.01530816336
 "OBMMC"                       358.5845              0.289        1.005970962       0.9503003288      -0.2629391739        16.80331655       -2.093680119        2.316405515       0.3025423178         4.57849015       0.7250419913      0.04843090002     -0.01530816336
 "KX15E2"                       358.879                0.3        1.009532949        1.035245913      -0.2571101625        18.06481125       -2.188070497        2.405504228       0.3025423178        4.180926081       0.6267564466      0.04392264591     -0.01530816336
 "IPU15E2"                      359.029                  0        1.011676089        1.081642463      -0.2535586003         18.7212324        -2.23614709        2.450885576       0.3025423178        3.992899147       0.5766958975      0.04162642141     -0.01530816336
 "MC15E2Q"                      359.029                  0        1.011676089        1.081642463      -0.2535586003         18.7212324        -2.23614709        2.450885576       0.3025423178        3.992899147       0.5766958975      0.04162642141     -0.01530816336
 "MC15E2S"                      359.029                  0        1.011676089        1.081642463      -0.2535586003         18.7212324        -2.23614709        2.450885576       0.3025423178        3.992899147       0.5766958975      0.04162642141     -0.01530816336
 "MC15E2O"                      359.029                  0        1.011676089        1.081642463      -0.2535586003         18.7212324        -2.23614709        2.450885576       0.3025423178        3.992899147       0.5766958975      0.04162642141     -0.01530816336
 "OMCQL"                        359.067              0.076        1.011674843         1.09306552      -0.2526588514        18.89210522       -2.248326494        2.462382184       0.3025423178        3.950034091       0.5640138917       0.0410447112     -0.01530816336
 "HQ"                           359.105                  0        1.011782099        1.104717745      -0.2517327721        19.06297803       -2.260505897        2.473878792       0.3025423178        3.907169035       0.5513318859      0.04046300099     -0.01530816336
 "Q15E2"                         359.34               0.47        1.013948178        1.104301994      -0.2514560993        19.03723665      0.05267673982        2.473963281    0.0003561132032        3.896952504      0.02255516365      0.03795839041     -0.01075873469
 "HQ"                           359.575                  0        1.016264682        1.105547057      -0.2513285229        19.01149526        2.365859377         2.47404777      -0.3018300914        3.886735972      -0.5062215586      0.03545377983     -0.00620930602
 "OQLBM"                       359.9075              0.665        1.014027583          0.9987641      -0.2589574594        17.51492833          2.2504766        2.373689264      -0.3018300914        4.294840692      -0.6136913074      0.03338918557     -0.00620930602
 "MB2L"                          360.24                  0        1.021202798       0.9136284098      -0.2641035494        16.01836139        2.135093822        2.273330759      -0.3018300914        4.702945411      -0.7211610562      0.03132459132     -0.00620930602
 "HD"                            360.24                  0        1.021202798       0.9136284098      -0.2641035494        16.01836139        2.135093822        2.273330759      -0.3018300914        4.702945411      -0.7211610562      0.03132459132     -0.00620930602
 "BH"                            361.21               1.94       0.9802586845          0.7110782      -0.2612635224        12.53220933        1.798834379        2.018928709      -0.2625399844         6.69211758       -1.022299788      0.02525502589    -0.006247987571
 "HD"                            362.18                  0        1.048830128        0.784709915      -0.2117292124        9.046057271        1.462574936        1.764526659      -0.2232498774        8.681289749       -1.323438519      0.01918546047    -0.006286669121
 "MB2L"                          362.18                  0        1.048830128        0.784709915      -0.2117292124        9.046057271        1.462574936        1.764526659      -0.2232498774        8.681289749       -1.323438519      0.01918546047    -0.006286669121
 "OBMBM"                         362.33                0.3        1.048410253       0.7621811113      -0.1994859685        8.622900505        1.410522556        1.731039178      -0.2232498774         9.09258382       -1.370980237       0.0182424601    -0.006286669121
 "MB2L"                          362.48                  0         1.05087094       0.7476327988      -0.1856612493        8.199743738        1.358470175        1.697551696      -0.2232498774        9.503877891       -1.418521955      0.01729945973    -0.006286669121
 "HD"                            362.48                  0         1.05087094       0.7476327988      -0.1856612493        8.199743738        1.358470175        1.697551696      -0.2232498774        9.503877891       -1.418521955      0.01729945973    -0.006286669121
 "BH"                            363.45               1.94        1.032778612       0.7343291691     -0.05437748847        6.218693071        1.022210732        1.519294114      -0.1839597704         12.8158625         -1.7021358      0.01117568907    -0.006303786228
 "HD"                            364.42                  0        1.110574022       0.9300427343       0.1496302061        4.237642405       0.6859512888        1.341036533      -0.1446696634        16.12784711       -1.985749646     0.005051918415    -0.006320903335
 "MB2L"                          364.42                  0        1.110574022       0.9300427343       0.1496302061        4.237642405       0.6859512888        1.341036533      -0.1446696634        16.12784711       -1.985749646     0.005051918415    -0.006320903335
 "OBMMC"                       364.5645              0.289        1.108847065       0.9217670099       0.1843949566        4.053894039       0.6358074954        1.320131766      -0.1446696634        16.71452839       -2.030039044     0.004138547883    -0.006320903335
 "KX16E2"                       364.859                0.3         1.10657415       0.9159581067       0.2596785512        3.710062276       0.5336113214        1.277526551      -0.1446696634        17.93730075       -2.120303595     0.002277041851    -0.006320903335
 "IPU16E2"                      365.009                  0         1.10610647       0.9190548596       0.3002186984         3.54997888       0.4815589407        1.255826101      -0.1446696634        18.57339183       -2.166278749     0.001328906351    -0.006320903335
 "MC16E2Q"                      365.009                  0         1.10610647       0.9190548596       0.3002186984         3.54997888       0.4815589407        1.255826101      -0.1446696634        18.57339183       -2.166278749     0.001328906351    -0.006320903335
 "MC16E2S"                      365.009                  0         1.10610647       0.9190548596       0.3002186984         3.54997888       0.4815589407        1.255826101      -0.1446696634        18.57339183       -2.166278749     0.001328906351    -0.006320903335
 "MC16E2O"                      365.009                  0         1.10610647       0.9190548596       0.3002186984         3.54997888       0.4815589407        1.255826101      -0.1446696634        18.57339183       -2.166278749     0.001328906351    -0.006320903335
 "OMCQL"                        365.047              0.076        1.105360932         0.91848192       0.3106370079        3.514382582       0.4683723376        1.250328654      -0.1446696634        18.73891419       -2.177925788     0.001088712024    -0.006320903335
 "HQ"                           365.085                  0        1.104770578       0.9185460293       0.3211545446        3.478786284       0.4551857345        1.244831207      -0.1446696634        18.90443655       -2.189572827    0.0008485176971    -0.006320903335
 "Q16E2"                         365.32               0.47        1.103386622       0.9104123063       0.3191407903        3.489220879      -0.0230186644        1.245150183     0.001369909248        18.87818178       0.0537737893   -0.0006328860579    -0.006245284717
 "HQ"                           365.555                  0        1.104295009       0.9194958861       0.3176381748        3.499655473      -0.5012230633         1.24546916       0.1474094819        18.85192701        2.297120406    -0.002114289813    -0.006169666098
 "OQLBM"                       365.8875              0.665        1.100216252       0.9015058343       0.2237263853        3.912022703      -0.6201010984        1.294482812       0.1474094819         17.3979615          2.1864143    -0.004165703791    -0.006169666098
 "MB2L"                          366.22                  0        1.109649626       0.9355046734       0.1389290193        4.324389934      -0.7389791334        1.343496465       0.1474094819        15.94399599        2.075708195    -0.006217117768    -0.006169666098
 "HD"                            366.22                  0        1.109649626       0.9355046734       0.1389290193        4.324389934      -0.7389791334        1.343496465       0.1474094819        15.94399599        2.075708195    -0.006217117768    -0.006169666098
 "BH"                            367.19               1.94        1.029822015       0.7306352758     -0.06838986706         6.42794983       -1.085424789        1.524408939       0.1866995889        12.50832883        1.765700258     -0.01219245718    -0.006150991671
 "HD"                            368.16                  0         1.05487576       0.7508528177      -0.1980804221        8.531509727       -1.431870444        1.705321413       0.2259896959        9.072661663        1.455692321      -0.0181677966    -0.006132317244
 "MB2L"                          368.16                  0         1.05487576       0.7508528177      -0.1980804221        8.531509727       -1.431870444        1.705321413       0.2259896959        9.072661663        1.455692321      -0.0181677966    -0.006132317244
 "OBMBM"                         368.31                0.3        1.053756423       0.7691376553      -0.2110305177        8.977159617       -1.485499633        1.739219868       0.2259896959        8.651424268        1.404124652     -0.01908764418    -0.006132317244
 "MB2L"                          368.46                  0        1.055765829       0.7958944981      -0.2223281489        9.422809507       -1.539128822        1.773118322       0.2259896959        8.230186872        1.352556982     -0.02000749177    -0.006132317244
 "HD"                            368.46                  0        1.055765829       0.7958944981      -0.2223281489        9.422809507       -1.539128822        1.773118322       0.2259896959        8.230186872        1.352556982     -0.02000749177    -0.006132317244
 "BH"                            369.43               1.94       0.9919990114       0.7349579161      -0.2648501641        13.07706441       -1.885574477        2.030175264       0.2652798029        6.236538053        1.024600483     -0.02592611459    -0.006092607828
 "HD"                             370.4                  0        1.048871924       0.9784789017      -0.2593098798         16.7313193       -2.232020133        2.287232207       0.3045699099        4.242889233        0.696643984     -0.03184473742    -0.006052898413
 "MB2L"                           370.4                  0        1.048871924       0.9784789017      -0.2593098798         16.7313193       -2.232020133        2.287232207       0.3045699099        4.242889233        0.696643984     -0.03184473742    -0.006052898413
 "OBMMC"                       370.5445              0.289        1.048725174        1.022517236      -0.2562315703        17.39130367       -2.283682918        2.331242559       0.3045699099        4.056178265       0.6460587121     -0.03271938124    -0.006052898413
 "KX17E2"                       370.839                0.3        1.048704268        1.118679935      -0.2489338055         18.7679805       -2.388974892        2.420938397       0.3045699099        3.706578464       0.5429627773     -0.03450195982    -0.006052898413
 "IPU17E2"                      370.989                  0        1.048748062        1.170766962      -0.2448128626        19.48467297        -2.44260408        2.466623884       0.3045699099        3.543689631       0.4904521145     -0.03540989458    -0.006052898413
 "MC17E2Q"                      370.989                  0        1.048748062        1.170766962      -0.2448128626        19.48467297        -2.44260408        2.466623884       0.3045699099        3.543689631       0.4904521145     -0.03540989458    -0.006052898413
 "MC17E2S"                      370.989                  0        1.048748062        1.170766962      -0.2448128626        19.48467297        -2.44260408        2.466623884       0.3045699099        3.543689631       0.4904521145     -0.03540989458    -0.006052898413
 "MC17E2O"                      370.989                  0        1.048748062        1.170766962      -0.2448128626        19.48467297        -2.44260408        2.466623884       0.3045699099        3.543689631       0.4904521145     -0.03540989458    -0.006052898413
 "OMCQL"                        371.027              0.076        1.048064902        1.183336134      -0.2438098042        19.67134342       -2.456190142         2.47819754       0.3045699099        3.507426276       0.4771494132     -0.03563990472    -0.006052898413
 "HQ"                           371.065                  0        1.047496883        1.196174475      -0.2427846198        19.85801387       -2.469776203        2.489771197       0.3045699099         3.47116292        0.463846712     -0.03586991486    -0.006052898413
 "Q17E2"                          371.3               0.47        1.044997976        1.194611991      -0.2429675278        19.88375525     -0.05267673982        2.489875604    0.0004400690612        3.481379935     -0.02255623071     -0.03834901306      -0.0106491444
 "HQ"                           371.535                  0        1.042626213        1.194473548      -0.2432799325        19.90949663        2.364422723        2.489980012      -0.3036897718         3.49159695      -0.5089591734     -0.04082811125     -0.01524539038
 "OQLBM"                       371.8675              0.665        1.031868707        1.073953589      -0.2532244668        18.41034877        2.254357684        2.389003163      -0.3036897718        3.909786041      -0.6288557765     -0.04589720355     -0.01524539038
 "MB2L"                           372.2                  0        1.030991516       0.9738463885      -0.2606597971        16.91120091        2.144292645        2.288026314      -0.3036897718        4.327975133      -0.7487523797     -0.05096629585     -0.01524539038
 "HD"                             372.2                  0        1.030991516       0.9738463885      -0.2606597971        16.91120091        2.144292645        2.288026314      -0.3036897718        4.327975133      -0.7487523797     -0.05096629585     -0.01524539038
 "BH"                            373.17               1.94       0.9517210111       0.6592454923      -0.2666932874        13.37718731        1.823530659        2.031822228      -0.2643996648        6.441958332       -1.086444205     -0.06567860448     -0.01514479455
 "HD"                            374.14                  0       0.9896842797       0.6416172802      -0.2241274965        9.843173716        1.502768673        1.775618142      -0.2251095578        8.555941531        -1.42413603      -0.0803909131     -0.01504419872
 "MB2L"                          374.14                  0       0.9896842797       0.6416172802      -0.2241274965        9.843173716        1.502768673        1.775618142      -0.2251095578        8.555941531        -1.42413603      -0.0803909131     -0.01504419872
 "OBMBM"                         374.29                0.3       0.9858716862       0.6164214657      -0.2124376751        9.407239134        1.453115272        1.741851708      -0.2251095578        8.999108975       -1.477224812     -0.08264754291     -0.01504419872
 "MB2L"                          374.44                  0        0.984910864       0.5980784663      -0.1991274755        8.971304553        1.403461871        1.708085275      -0.2251095578        9.442276419       -1.530313594     -0.08490417272     -0.01504419872
 "HD"                            374.44                  0        0.984910864       0.5980784663      -0.1991274755        8.971304553        1.403461871        1.708085275      -0.2251095578        9.442276419       -1.530313594     -0.08490417272     -0.01504419872
 "BH"                            375.41               1.94       0.9524206927        0.569944605     -0.06640133956        6.873025537        1.082699885        1.528025657      -0.1858194508        13.04026493       -1.849122437     -0.09937090431      -0.0148919985
 "HD"                            376.38                  0        1.016165713       0.7219005502       0.1420724771        4.774746522       0.7619378986         1.34796604      -0.1465293438        16.63825344        -2.16793128      -0.1138376359     -0.01473979827
 "MB2L"                          376.38                  0        1.016165713       0.7219005502       0.1420724771        4.774746522       0.7619378986         1.34796604      -0.1465293438        16.63825344        -2.16793128      -0.1138376359     -0.01473979827
 "OBMMC"                       376.5245              0.289        1.014053168       0.7137477012       0.1786479906        4.568370141       0.7141051222        1.326792549      -0.1465293438        17.27909187        -2.21743403      -0.1159675368     -0.01473979827
 "KX18E2"                       376.819                0.3        1.011447734       0.7067499667       0.2582667745        4.177008078       0.6166189447        1.283639658      -0.1465293438        18.61542742        -2.31832372      -0.1203084074     -0.01473979827
 "IPU18E2"                      376.969                  0        1.011040834       0.7083772499       0.3013784395        3.992022394       0.5669655436        1.261660256      -0.1465293438        19.31092454       -2.369710658      -0.1225193771     -0.01473979827
 "MC18E2Q"                      376.969                  0        1.011040834       0.7083772499       0.3013784395        3.992022394       0.5669655436        1.261660256      -0.1465293438        19.31092454       -2.369710658      -0.1225193771     -0.01473979827
 "MC18E2S"                      376.969                  0        1.011040834       0.7083772499       0.3013784395        3.992022394       0.5669655436        1.261660256      -0.1465293438        19.31092454       -2.369710658      -0.1225193771     -0.01473979827
 "MC18E2O"                      376.969                  0        1.011040834       0.7083772499       0.3013784395        3.992022394       0.5669655436        1.261660256      -0.1465293438        19.31092454       -2.369710658      -0.1225193771     -0.01473979827
 "OMCQL"                        377.007              0.076        1.010411526       0.7078145417       0.3125196266        3.949889006        0.554386682        1.256092141      -0.1465293438        19.49201192       -2.382728682      -0.1230794894     -0.01473979827
 "HQ"                           377.045                  0        1.009934069       0.7077610431       0.3237724881        3.907755619       0.5418078204        1.250524026      -0.1465293438         19.6730993       -2.395746707      -0.1236396018     -0.01473979827
 "Q18E2"                         377.28               0.47        1.009183298       0.7010760089       0.3253355151        3.897321024      0.02301866439        1.250557661     0.000144454243        19.69935389      -0.0537734319      -0.1236320052    3.202567966e-05
 "HQ"                           377.515                  0        1.010196949       0.7062945276       0.3269927585         3.88688643      -0.4957704916        1.250591297       0.1468182523        19.72560849        2.288199843      -0.1236244086      0.01480384963
 "OQLBM"                       377.8475              0.665        1.007760038       0.6921119747       0.2353523935        4.287442711      -0.6023402728        1.299408366       0.1468182523        18.27385591        2.183086586      -0.1187021285      0.01480384963
 "MB2L"                          378.18                  0        1.016426753       0.7146330451       0.1519316736        4.687998993       -0.708910054        1.348225435       0.1468182523        16.82210333        2.077973329      -0.1137798485      0.01480384963
 "HD"                            378.18                  0        1.016426753       0.7146330451       0.1519316736        4.687998993       -0.708910054        1.348225435       0.1468182523        16.82210333        2.077973329      -0.1137798485      0.01480384963
 "BH"                            379.15               1.94       0.9552909466       0.5738529824     -0.05314164153        6.663768778       -1.019485828        1.528565005       0.1861083593        13.34779656        1.785558402     -0.09925107298      0.01495586632
 "HD"                            380.12                  0       0.9819279966       0.5989078675      -0.1870594566        8.639538564       -1.330061601        1.708904576       0.2253984663         9.87348978        1.493143475     -0.08472229742        0.015107883
 "MB2L"                          380.12                  0       0.9819279966       0.5989078675      -0.1870594566        8.639538564       -1.330061601        1.708904576       0.2253984663         9.87348978        1.493143475     -0.08472229742        0.015107883
 "OBMBM"                         380.27                0.3        0.981611074       0.6135093544      -0.2011724361        9.052980022       -1.378138194        1.742714346       0.2253984663        9.440265595        1.444080618     -0.08245611497        0.015107883
 "MB2L"                          380.42                  0       0.9838989068       0.6344865479      -0.2137408974         9.46642148       -1.426214787        1.776524116       0.2253984663         9.00704141        1.395017761     -0.08018993252        0.015107883
 "HD"                            380.42                  0       0.9838989068       0.6344865479      -0.2137408974         9.46642148       -1.426214787        1.776524116       0.2253984663         9.00704141        1.395017761     -0.08018993252        0.015107883
 "BH"                            381.39               1.94       0.9420728605       0.6433578581      -0.2627801739        12.83233224       -1.736790561        2.033008155       0.2646885733        6.897534831        1.084143525     -0.06541614874      0.01520807685
 "HD"                            382.36                  0        1.005734489       0.9203095213      -0.2649295924        16.19824299       -2.047366335        2.289492194       0.3039786803        4.788028253        0.773269289     -0.05064236496      0.01530827069
 "MB2L"                          382.36                  0        1.005734489       0.9203095213      -0.2649295924        16.19824299       -2.047366335        2.289492194       0.3039786803        4.788028253        0.773269289     -0.05064236496      0.01530827069
 "OBMMC"                       382.5045              0.289        1.007114445       0.9588496988      -0.2627197746        16.80331655       -2.093680119        2.333417113       0.3039786803         4.57849048       0.7250441957     -0.04843031984      0.01530827069
 "KX19E2"                       382.799                0.3        1.010649882        1.043639544      -0.2568632769        18.06481125       -2.188070497        2.422938835       0.3039786803        4.180925172       0.6267584519     -0.04392203412      0.01530827069
 "IPU19E2"                      382.949                  0        1.012779135         1.08997288      -0.2533007481         18.7212324        -2.23614709        2.468535637       0.3039786803        3.992897637       0.5766978014     -0.04162579352      0.01530827069
 "MC19E2Q"                      382.949                  0        1.012779135         1.08997288      -0.2533007481         18.7212324        -2.23614709        2.468535637       0.3039786803        3.992897637       0.5766978014     -0.04162579352      0.01530827069
 "MC19E2S"                      382.949                  0        1.012779135         1.08997288      -0.2533007481         18.7212324        -2.23614709        2.468535637       0.3039786803        3.992897637       0.5766978014     -0.04162579352      0.01530827069
 "MC19E2O"                      382.949                  0        1.012779135         1.08997288      -0.2533007481         18.7212324        -2.23614709        2.468535637       0.3039786803        3.992897637       0.5766978014     -0.04162579352      0.01530827069
 "OMCQL"                        382.987              0.076        1.012774681        1.101369175      -0.2523987859        18.89210522       -2.248326494        2.480086827       0.3039786803        3.950032438       0.5640157699     -0.04104407924      0.01530827069
 "HQ"                           383.025                  0        1.012878689        1.112997653      -0.2514705462        19.06297803       -2.260505897        2.491638017       0.3039786803         3.90716724       0.5513337384     -0.04046236495      0.01530827069
 "Q19E2"                         383.26               0.47        1.015059702        1.112801517      -0.2511927384        19.03723665      0.05267673982        2.491553528   -0.0003561132032        3.896949742      0.02255729777     -0.03795771041      0.01075892352
 "HQ"                           383.495                  0        1.017374468        1.114115326      -0.2510657126        19.01149526        2.365859377        2.491469039      -0.3046909067        3.886732243      -0.5062191429     -0.03545305587      0.00620957635
 "OQLBM"                       383.8275              0.665        1.015209956        1.007949558       -0.258715626        17.51492833          2.2504766        2.390159312      -0.3046909067        4.294835286      -0.6136887856     -0.03338837173      0.00620957635
 "MB2L"                          384.16                  0        1.022423454        0.923373713      -0.2638887595        16.01836139        2.135093822        2.288849586      -0.3046909067        4.702938328      -0.7211584282     -0.03132368759      0.00620957635
 "HD"                            384.16                  0        1.022423454        0.923373713      -0.2638887595        16.01836139        2.135093822        2.288849586      -0.3046909067        4.702938328      -0.7211584282     -0.03132368759      0.00620957635
 "BH"                            385.13               1.94        0.981072776       0.7172847974      -0.2613011397        12.53220933        1.798834379        2.031675397      -0.2654007997        6.692104834       -1.022296877     -0.02525386129     0.006248256117
 "HD"                             386.1                  0        1.048912943       0.7880420186      -0.2121046373        9.046057271        1.462574936        1.774501209      -0.2261106927         8.68127134       -1.323435326     -0.01918403498     0.006286935883
 "MB2L"                           386.1                  0        1.048912943       0.7880420186      -0.2121046373        9.046057271        1.462574936        1.774501209      -0.2261106927         8.68127134       -1.323435326     -0.01918403498     0.006286935883
 "OBMBM"                         386.25                0.3        1.048511881       0.7657768466      -0.1999034034        8.622900505        1.410522556        1.740584605      -0.2261106927         9.09256444       -1.370976999      -0.0182409946     0.006286935883
 "MB2L"                           386.4                  0        1.050984961       0.7514937112      -0.1861207477        8.199743738        1.358470175        1.706668001      -0.2261106927         9.50385754       -1.418518672     -0.01729795422     0.006286935883
 "HD"                             386.4                  0        1.050984961       0.7514937112      -0.1861207477        8.199743738        1.358470175        1.706668001      -0.2261106927         9.50385754       -1.418518672     -0.01729795422     0.006286935883
 "BH"                            387.37               1.94        1.032558991       0.7359870133     -0.05514406565        6.218693071        1.022210732        1.525638281      -0.1868205857        12.81583529       -1.702132276     -0.01117392704     0.006304050292
 "HD"                            388.34                  0        1.110121007       0.9304516287       0.1488010013        4.237642405       0.6859512888         1.34460856      -0.1475304787        16.12781304       -1.985745881    -0.005049899859       0.0063211647
 "MB2L"                          388.34                  0        1.110121007       0.9304516287       0.1488010013        4.237642405       0.6859512888         1.34460856      -0.1475304787        16.12781304       -1.985745881    -0.005049899859       0.0063211647
 "OBMMC"                       388.4845              0.289        1.108480587       0.9225333511       0.1836093741        4.053894039       0.6358074955        1.323290406      -0.1475304787        16.71449323       -2.030035239     -0.00413649156       0.0063211647
 "KX20E2"                       388.779                0.3        1.106398767       0.9174549082       0.2590187185        3.710062276       0.5336113214         1.27984268      -0.1475304787        17.93726332       -2.120299708    -0.002274908555       0.0063211647
 "IPU20E2"                      388.929                  0        1.106034697       0.9209144172       0.2996434707         3.54997888       0.4815589407        1.257713108      -0.1475304787        18.57335323        -2.16627482    -0.001326733851       0.0063211647
 "MC20E2Q"                      388.929                  0        1.106034697       0.9209144172       0.2996434707         3.54997888       0.4815589407        1.257713108      -0.1475304787        18.57335323        -2.16627482    -0.001326733851       0.0063211647
 "MC20E2S"                      388.929                  0        1.106034697       0.9209144172       0.2996434707         3.54997888       0.4815589407        1.257713108      -0.1475304787        18.57335323        -2.16627482    -0.001326733851       0.0063211647
 "MC20E2O"                      388.929                  0        1.106034697       0.9209144172       0.2996434707         3.54997888       0.4815589407        1.257713108      -0.1475304787        18.57335323        -2.16627482    -0.001326733851       0.0063211647
 "OMCQL"                        388.967              0.076        1.105317665       0.9204372711       0.3100858466        3.514382582       0.4683723376         1.25210695      -0.1475304787        18.73887529       -2.177921848    -0.001086529592       0.0063211647
 "HQ"                           389.005                  0        1.104755717       0.9205954977       0.3206283529        3.478786284       0.4551857345        1.246500792      -0.1475304787        18.90439736       -2.189568876   -0.0008463253333       0.0063211647
 "Q20E2"                         389.24               0.47        1.103566979       0.9131044726       0.3188261443        3.489220879     -0.02301866439        1.246181815    -0.001369909248        18.87814293      0.05377307448     0.000635078287     0.006245284149
 "HQ"                           389.475                  0        1.104655989       0.9227540522       0.3175333707        3.499655473      -0.5012230633        1.245862839       0.1447906602        18.85188851        2.297115025     0.002116481907     0.006169403598
 "OQLBM"                       389.8075              0.665        1.100819538       0.9055347677       0.2239032255        3.912022703      -0.6201010984        1.294005734       0.1447906602        17.39792644         2.18640913     0.004167808604     0.006169403598
 "MB2L"                          390.14                  0        1.110486477       0.9405306032       0.1393148184        4.324389934      -0.7389791334        1.342148628       0.1447906602        15.94396437        2.075703234       0.0062191353     0.006169403598
 "HD"                            390.14                  0        1.110486477       0.9405306032       0.1393148184        4.324389934      -0.7389791334        1.342148628       0.1447906602        15.94396437        2.075703234       0.0062191353     0.006169403598
 "BH"                            391.11               1.94        1.030522432       0.7338412593     -0.06785017156         6.42794983       -1.085424789        1.520523456       0.1840807672        12.50830571        1.765695889      0.01219421709     0.006150726475
 "HD"                            392.08                  0        1.055253186       0.7518293462      -0.1977128535        8.531509727       -1.431870444        1.698898284       0.2233708742        9.072647044        1.455688544      0.01816929888     0.006132049352
 "MB2L"                          392.08                  0        1.055253186       0.7518293462      -0.1977128535        8.531509727       -1.431870444        1.698898284       0.2233708742        9.072647044        1.455688544      0.01816929888     0.006132049352
 "OBMBM"                         392.23                0.3        1.054152354       0.7703883452      -0.2106878674        8.977159617       -1.485499633        1.732403915       0.2233708742        8.651410752        1.404120973      0.01908910629     0.006132049352
 "MB2L"                          392.38                  0        1.056185938       0.7974420858      -0.2220114882        9.422809507       -1.539128822        1.765909546       0.2233708742         8.23017446        1.352553402      0.02000891369     0.006132049352
 "HD"                            392.38                  0        1.056185938       0.7974420858      -0.2220114882        9.422809507       -1.539128822        1.765909546       0.2233708742         8.23017446        1.352553402      0.02000891369     0.006132049352
 "BH"                            393.35               1.94       0.9916193342        0.732378998      -0.2648155574        13.07706441       -1.885574477        2.020428842       0.2626609812        6.236531363        1.024597542      0.02592727455      0.00609233816
 "HD"                            394.32                  0        1.047955741       0.9712243329      -0.2594934211         16.7313193       -2.232020133        2.274948138       0.3019510882        4.242888266       0.6966416818       0.0318456354     0.006052626969
 "MB2L"                          394.32                  0        1.047955741       0.9712243329      -0.2594934211         16.7313193       -2.232020133        2.274948138       0.3019510882        4.242888266       0.6966416818       0.0318456354     0.006052626969
 "OBMMC"                       394.4645              0.289        1.047832064        1.015486374      -0.2564234991        17.39130367       -2.283682918         2.31858007       0.3019510882        4.056177935       0.6460565077         0.03272024     0.006052626969
 "KX21E2"                       394.759                0.3        1.047862602        1.112147369      -0.2491394201         18.7679805       -2.388974892        2.407504666       0.3019510882        3.706579373       0.5429607721      0.03450273864     0.006052626969
 "IPU21E2"                      394.909                  0        1.047934635        1.164510097      -0.2450238679        19.48467297        -2.44260408        2.452797329       0.3019510882        3.543691141       0.4904502106      0.03541063269     0.006052626969
 "MC21E2Q"                      394.909                  0        1.047934635        1.164510097      -0.2450238679        19.48467297        -2.44260408        2.452797329       0.3019510882        3.543691141       0.4904502106      0.03541063269     0.006052626969
 "MC21E2S"                      394.909                  0        1.047934635        1.164510097      -0.2450238679        19.48467297        -2.44260408        2.452797329       0.3019510882        3.543691141       0.4904502106      0.03541063269     0.006052626969
 "MC21E2O"                      394.909                  0        1.047934635        1.164510097      -0.2450238679        19.48467297        -2.44260408        2.452797329       0.3019510882        3.543691141       0.4904502106      0.03541063269     0.006052626969
 "OMCQL"                        394.947              0.076         1.04725683        1.177147464      -0.2440219948        19.67134342       -2.456190142         2.46427147       0.3019510882        3.507427929       0.4771475351      0.03564063251     0.006052626969
 "HQ"                           394.985                  0        1.046694597        1.190055748       -0.242997942        19.85801387       -2.469776203        2.475745612       0.3019510882        3.471164716       0.4638448595      0.03587063234     0.006052626969
 "Q21E2"                         395.22               0.47        1.044194808        1.188566762      -0.2431821701        19.88375525     -0.05267673982        2.475641204   -0.0004400690612        3.481382697     -0.02255836482      0.03834968612      0.01064895362
 "HQ"                           395.455                  0        1.041843569        1.188702984      -0.2434937564        19.90949663        2.364422723        2.475536796      -0.3028312263        3.491600679      -0.5089615891       0.0408287399      0.01524528027
 "OQLBM"                       395.7875              0.665        1.031066649        1.068242694      -0.2534208617        18.41034877        2.254357684        2.374845414      -0.3028312263        3.909791447      -0.6288582984      0.04589779559      0.01524528027
 "MB2L"                          396.12                  0        1.030167244       0.9679246401      -0.2608347543        16.91120091        2.144292645        2.274154031      -0.3028312263        4.327982216      -0.7487550077      0.05096685128      0.01524528027
 "HD"                            396.12                  0        1.030167244       0.9679246401      -0.2608347543        16.91120091        2.144292645        2.274154031      -0.3028312263        4.327982216      -0.7487550077      0.05096685128      0.01524528027
 "BH"                            397.09               1.94       0.9502010562       0.6490386503      -0.2667804366        13.37718731        1.823530659        2.018781878      -0.2635411193        6.441971078       -1.086447115      0.06567905228      0.01514468376
 "HD"                            398.06                  0       0.9877872335       0.6268440099      -0.2240044178        9.843173716        1.502768673        1.763409726      -0.2242510123         8.55595994       -1.424139223      0.08039125327      0.01504408724
 "MB2L"                          398.06                  0       0.9877872335       0.6268440099      -0.2240044178        9.843173716        1.502768673        1.763409726      -0.2242510123         8.55595994       -1.424139223      0.08039125327      0.01504408724
 "OBMBM"                         398.21                0.3       0.9839918593       0.6017994079      -0.2122412991        9.407239134        1.453115272        1.729772074      -0.2242510123        8.999128355        -1.47722805      0.08264786635      0.01504408724
 "MB2L"                          398.36                  0       0.9830512598       0.5835233438      -0.1988524426        8.971304553        1.403461871        1.696134422      -0.2242510123         9.44229677       -1.530316877      0.08490447944      0.01504408724
 "HD"                            398.36                  0       0.9830512598       0.5835233438      -0.1988524426        8.971304553        1.403461871        1.696134422      -0.2242510123         9.44229677       -1.530316877      0.08490447944      0.01504408724
 "BH"                            399.33               1.94       0.9506126592        0.555122514     -0.06545889109        6.873025537        1.082699885        1.516906738      -0.1849609053        13.04029214       -1.849125961      0.09937110245      0.01489188671
 "HD"                             400.3                  0        1.014703454       0.7048728888       0.1440575153        4.774746522       0.7619378986        1.337679053      -0.1456707983         16.6382875       -2.167935045       0.1138377255      0.01473968618
 "MB2L"                           400.3                  0        1.014703454       0.7048728888       0.1440575153        4.774746522       0.7619378986        1.337679053      -0.1456707983         16.6382875       -2.167935045       0.1138377255      0.01473968618
 "OBMMC"                       400.4445              0.289        1.012640171       0.6968920171       0.1808205146        4.568370141       0.7141051222        1.316629623      -0.1456707983        17.27912704       -2.217437836       0.1159676101      0.01473968618
 "KX22E2"                       400.739                0.3        1.010134233       0.6901391245       0.2608414941        4.177008078       0.6166189447        1.273729573      -0.1456707983        18.61546485       -2.318327607       0.1203084477      0.01473968618
 "IPU22E2"                      400.889                  0        1.009777095       0.6918299197       0.3041679301        3.992022394       0.5669655436        1.251878953      -0.1456707983        19.31096313       -2.369714588       0.1225194006      0.01473968618
 "MC22E2Q"                      400.889                  0        1.009777095       0.6918299197       0.3041679301        3.992022394       0.5669655436        1.251878953      -0.1456707983        19.31096313       -2.369714588       0.1225194006      0.01473968618
 "MC22E2S"                      400.889                  0        1.009777095       0.6918299197       0.3041679301        3.992022394       0.5669655436        1.251878953      -0.1456707983        19.31096313       -2.369714588       0.1225194006      0.01473968618
 "MC22E2O"                      400.889                  0        1.009777095       0.6918299197       0.3041679301        3.992022394       0.5669655436        1.251878953      -0.1456707983        19.31096313       -2.369714588       0.1225194006      0.01473968618
 "OMCQL"                        400.927              0.076        1.009158471       0.6912994586       0.3153635498        3.949889006        0.554386682        1.246343463      -0.1456707983        19.49205081       -2.382732623       0.1230795087      0.01473968618
 "HQ"                           400.965                  0        1.008691914       0.6912711031       0.3266713467        3.907755619       0.5418078204        1.240807973      -0.1456707983        19.67313849       -2.395750658       0.1236396168      0.01473968618
 "Q22E2"                          401.2               0.47        1.007965184       0.6847356695       0.3282685154        3.897321024      0.02301866439        1.240774337   -0.0001444542431        19.69939274     -0.05377271704       0.1236319939   -3.213642035e-05
 "HQ"                           401.435                  0         1.00900113       0.6899427664       0.3299572986         3.88688643      -0.4957704916        1.240740702       0.1453818898        19.72564699        2.288205224        0.123624371     -0.01480395902
 "OQLBM"                       401.7675              0.665        1.006500764       0.6759252386       0.2379121033        4.287442711      -0.6023402728         1.28908018       0.1453818898        18.27389097        2.183091756       0.1187020546     -0.01480395902
 "MB2L"                           402.1                  0        1.015121797       0.6981413973       0.1541099089        4.687998993       -0.708910054        1.337419658       0.1453818898        16.82213495        2.077978289       0.1137797383     -0.01480395902
 "HD"                             402.1                  0        1.015121797       0.6981413973       0.1541099089        4.687998993       -0.708910054        1.337419658       0.1453818898        16.82213495        2.077978289       0.1137797383     -0.01480395902
 "BH"                            403.07               1.94       0.9535970167       0.5590287182     -0.05198256341        6.663768778       -1.019485828        1.516367389       0.1846719968        13.34781968        1.785562771      0.09925085676     -0.01495597538
 "HD"                            404.04                  0       0.9800929327       0.5838065076      -0.1866236854        8.639538564       -1.330061601        1.695315121       0.2239621038        9.873504399        1.493147252      0.08472197525     -0.01510799174
 "MB2L"                          404.04                  0       0.9800929327       0.5838065076      -0.1866236854        8.639538564       -1.330061601        1.695315121       0.2239621038        9.873504399        1.493147252      0.08472197525     -0.01510799174
 "OBMBM"                         404.19                0.3       0.9797565506       0.5984078851      -0.2008252722        9.052980022       -1.378138194        1.728909436       0.2239621038         9.44027911        1.444084296      0.08245577649     -0.01510799174
 "MB2L"                          404.34                  0       0.9820291718       0.6193082841      -0.2134771704         9.46642148       -1.426214787        1.762503752       0.2239621038        9.007053821        1.395021341      0.08018957772     -0.01510799174
 "HD"                            404.34                  0       0.9820291718       0.6193082841      -0.2134771704         9.46642148       -1.426214787        1.762503752       0.2239621038        9.007053821        1.395021341      0.08018957772     -0.01510799174
 "BH"                            405.31               1.94        0.940374624        0.631661798        -0.26282239        12.83233224       -1.736790561        2.017595951       0.2632522108        6.897541521        1.084146466        0.065415689     -0.01520818487
 "HD"                            406.28                  0        1.004578317       0.9116691668       -0.265132196        16.19824299       -2.047366335        2.272688151       0.3025423178         4.78802922       0.7732715911      0.05064180027     -0.01530837801
 "MB2L"                          406.28                  0        1.004578317       0.9116691668       -0.265132196        16.19824299       -2.047366335        2.272688151       0.3025423178         4.78802922       0.7732715911      0.05064180027     -0.01530837801
 "OBMMC"                       406.4245              0.289        1.005970891       0.9503002359      -0.2629391499        16.80331655       -2.093680119        2.316405515       0.3025423178         4.57849081       0.7250464001      0.04842973965     -0.01530837801
 "KX23E2"                       406.719                0.3        1.009533204        1.035246288       -0.257110106        18.06481125       -2.188070497        2.405504228       0.3025423178        4.180924264       0.6267604571      0.04392142233     -0.01530837801
 "IPU23E2"                      406.869                  0        1.011676521        1.081643113      -0.2535585214         18.7212324        -2.23614709        2.450885576       0.3025423178        3.992896127       0.5766997052      0.04162516562     -0.01530837801
 "MC23E2Q"                      406.869                  0        1.011676521        1.081643113      -0.2535585214         18.7212324        -2.23614709        2.450885576       0.3025423178        3.992896127       0.5766997052      0.04162516562     -0.01530837801
 "MC23E2S"                      406.869                  0        1.011676521        1.081643113      -0.2535585214         18.7212324        -2.23614709        2.450885576       0.3025423178        3.992896127       0.5766997052      0.04162516562     -0.01530837801
 "MC23E2O"                      406.869                  0        1.011676521        1.081643113      -0.2535585214         18.7212324        -2.23614709        2.450885576       0.3025423178        3.992896127       0.5766997052      0.04162516562     -0.01530837801
 "OMCQL"                        406.907              0.076        1.011675319        1.093066239      -0.2526587664        18.89210522       -2.248326494        2.462382184       0.3025423178        3.950030785        0.564017648      0.04104344726     -0.01530837801
 "HQ"                           406.945                  0         1.01178262        1.104718537      -0.2517326807        19.06297803       -2.260505897        2.473878792       0.3025423178        3.907165444       0.5513355909       0.0404617289     -0.01530837801
 "Q23E2"                         407.18               0.47        1.013948976        1.104303203       -0.251455968        19.03723665      0.05267673982        2.473963281    0.0003561132031        3.896946979      0.02255943186       0.0379570304     -0.01075911234
 "HQ"                           407.415                  0        1.016265758        1.105548685      -0.2513283635        19.01149526        2.365859377         2.47404777      -0.3018300914        3.886728515      -0.5062167271       0.0354523319    -0.006209846678
 "OQLBM"                       407.7475              0.665        1.014029014       0.9987661364      -0.2589572855        17.51492833          2.2504766        2.373689264      -0.3018300914         4.29482988      -0.6136862637      0.03338755788    -0.006209846678
 "MB2L"                          408.08                  0        1.021204541       0.9136307445      -0.2641033915        16.01836139        2.135093822        2.273330759      -0.3018300914        4.702931245      -0.7211558002      0.03132278386    -0.006209846678
 "HD"                            408.08                  0        1.021204541       0.9136307445      -0.2641033915        16.01836139        2.135093822        2.273330759      -0.3018300914        4.702931245      -0.7211558002      0.03132278386    -0.006209846678
 "BH"                            409.05               1.94       0.9802609243       0.7110808079      -0.2612636149        12.53220933        1.798834379        2.018928709      -0.2625399844        6.692092088       -1.022293967      0.02525269668    -0.006248524661
 "HD"                            410.02                  0        1.048832777        0.784712823      -0.2117298141        9.046057271        1.462574936        1.764526659      -0.2232498774        8.681252932       -1.323432134       0.0191826095    -0.006287202643
 "MB2L"                          410.02                  0        1.048832777        0.784712823      -0.2117298141        9.046057271        1.462574936        1.764526659      -0.2232498774        8.681252932       -1.323432134       0.0191826095    -0.006287202643
 "OBMBM"                         410.17                0.3        1.048412928       0.7621839794      -0.1994866721        8.622900505        1.410522556        1.731039178      -0.2232498774         9.09254506       -1.370973761       0.0182395291    -0.006287202643
 "MB2L"                          410.32                  0        1.050873642       0.7476356377      -0.1856620603        8.199743738        1.358470175        1.697551696      -0.2232498774        9.503837188       -1.418515389       0.0172964487    -0.006287202643
 "HD"                            410.32                  0        1.050873642       0.7476356377      -0.1856620603        8.199743738        1.358470175        1.697551696      -0.2232498774        9.503837188       -1.418515389       0.0172964487    -0.006287202643
 "BH"                            411.29               1.94        1.032781309       0.7343318562     -0.05437908058        6.218693071        1.022210732        1.519294114      -0.1839597704        12.81580808       -1.702128752        0.011172165    -0.006304314353
 "HD"                            412.26                  0         1.11057685       0.9300456731       0.1496276725        4.237642405       0.6859512888        1.341036533      -0.1446696634        16.12777898       -1.985742116     0.005047881301    -0.006321426062
 "MB2L"                          412.26                  0         1.11057685       0.9300456731       0.1496276725        4.237642405       0.6859512888        1.341036533      -0.1446696634        16.12777898       -1.985742116     0.005047881301    -0.006321426062
 "OBMMC"                       412.4045              0.289        1.108849885       0.9217699098       0.1843922795        4.053894039       0.6358074955        1.320131766      -0.1446696634        16.71445806       -2.030031433     0.004134435235    -0.006321426062
 "KX24E2"                       412.699                0.3        1.106576953       0.9159609491        0.259675578        3.710062276       0.5336113214        1.277526551      -0.1446696634        17.93722589        -2.12029582     0.002272775259    -0.006321426062
 "IPU24E2"                      412.849                  0        1.106109265       0.9190576848        0.300215573         3.54997888       0.4815589407        1.255826101      -0.1446696634        18.57331464        -2.16627089      0.00132456135    -0.006321426062
 "MC24E2Q"                      412.849                  0        1.106109265       0.9190576848        0.300215573         3.54997888       0.4815589407        1.255826101      -0.1446696634        18.57331464        -2.16627089      0.00132456135    -0.006321426062
 "MC24E2S"                      412.849                  0        1.106109265       0.9190576848        0.300215573         3.54997888       0.4815589407        1.255826101      -0.1446696634        18.57331464        -2.16627089      0.00132456135    -0.006321426062
 "MC24E2O"                      412.849                  0        1.106109265       0.9190576848        0.300215573         3.54997888       0.4815589407        1.255826101      -0.1446696634        18.57331464        -2.16627089      0.00132456135    -0.006321426062
 "OMCQL"                        412.887              0.076        1.105363723        0.918484738        0.310633844        3.514382582       0.4683723376        1.250328654      -0.1446696634         18.7388364       -2.177917908      0.00108434716    -0.006321426062
 "HQ"                           412.925                  0        1.104773366       0.9185488414       0.3211513422        3.478786284       0.4551857345        1.244831207      -0.1446696634        18.90435816       -2.189564925    0.0008441329693    -0.006321426062
 "Q24E2"                         413.16               0.47        1.103389388       0.9104150816       0.3191376151        3.489220879     -0.02301866439        1.245150183     0.001369909248        18.87810409      0.05377235959   -0.0006372705158    -0.006245283579
 "HQ"                           413.395                  0        1.104297753       0.9194986579        0.317635031        3.499655473      -0.5012230633         1.24546916       0.1474094819        18.85185001        2.297109645    -0.002118674001    -0.006169141096
 "OQLBM"                       413.7275              0.665        1.100218946       0.9015085608       0.2237236453        3.912022703      -0.6201010983        1.294482812       0.1474094819        17.39789138        2.186403959    -0.004169913415    -0.006169141096
 "MB2L"                          414.06                  0        1.109652277       0.9355074428       0.1389266729        4.324389934      -0.7389791334        1.343496465       0.1474094819        15.94393275        2.075698274     -0.00622115283    -0.006169141096
 "HD"                            414.06                  0        1.109652277       0.9355074428       0.1389266729        4.324389934      -0.7389791334        1.343496465       0.1474094819        15.94393275        2.075698274     -0.00622115283    -0.006169141096
 "BH"                            415.03               1.94        1.029824352       0.7306376068     -0.06839123706         6.42794983       -1.085424789        1.524408939       0.1866995889        12.50828259         1.76569152       -0.012195977    -0.006150461278
 "HD"                               416                  0        1.054877789       0.7508549538       -0.198081001        8.531509727       -1.431870444        1.705321413       0.2259896959        9.072632426        1.455684767     -0.01817080116    -0.006131781459
 "MB2L"                             416                  0        1.054877789       0.7508549538       -0.198081001        8.531509727       -1.431870444        1.705321413       0.2259896959        9.072632426        1.455684767     -0.01817080116    -0.006131781459
 "OBMBM"                         416.15                0.3         1.05375838       0.7691397602      -0.2110310062        8.977159617       -1.485499633        1.739219868       0.2259896959        8.651397237        1.404117295     -0.01909056838    -0.006131781459
 "MB2L"                           416.3                  0        1.055767709       0.7958965718      -0.2223285529        9.422809507       -1.539128822        1.773118322       0.2259896959        8.230162049        1.352549823      -0.0200103356    -0.006131781459
 "HD"                             416.3                  0        1.055767709       0.7958965718      -0.2223285529        9.422809507       -1.539128822        1.773118322       0.2259896959        8.230162049        1.352549823      -0.0200103356    -0.006131781459
 "BH"                            417.27               1.94       0.9920002623       0.7349593844       -0.264850248        13.07706441       -1.885574477        2.030175264       0.2652798029        6.236524674        1.024594601     -0.02592843449    -0.006092068491
 "HD"                            418.24                  0        1.048872176        0.978479239      -0.2593098879         16.7313193       -2.232020133        2.287232207       0.3045699099        4.242887299       0.6966393798     -0.03184653338    -0.006052355522
 "MB2L"                          418.24                  0        1.048872176        0.978479239      -0.2593098879         16.7313193       -2.232020133        2.287232207       0.3045699099        4.242887299       0.6966393798     -0.03184653338    -0.006052355522
 "OBMMC"                       418.3845              0.289        1.048725255        1.022517343      -0.2562315936        17.39130367       -2.283682918        2.331242559       0.3045699099        4.056177605       0.6460543033     -0.03272109875    -0.006052355522
 "KX25E2"                       418.679                0.3        1.048703976        1.118679499      -0.2489338726         18.7679805       -2.388974892        2.420938397       0.3045699099        3.706580282       0.5429587668     -0.03450351745    -0.006052355522
 "IPU25E2"                      418.829                  0        1.048747569        1.170766208      -0.2448129575        19.48467297        -2.44260408        2.466623884       0.3045699099        3.543692652       0.4904483068     -0.03541137078    -0.006052355522
 "MC25E2Q"                      418.829                  0        1.048747569        1.170766208      -0.2448129575        19.48467297        -2.44260408        2.466623884       0.3045699099        3.543692652       0.4904483068     -0.03541137078    -0.006052355522
 "MC25E2S"                      418.829                  0        1.048747569        1.170766208      -0.2448129575        19.48467297        -2.44260408        2.466623884       0.3045699099        3.543692652       0.4904483068     -0.03541137078    -0.006052355522
 "MC25E2O"                      418.829                  0        1.048747569        1.170766208      -0.2448129575        19.48467297        -2.44260408        2.466623884       0.3045699099        3.543692652       0.4904483068     -0.03541137078    -0.006052355522
 "OMCQL"                        418.867              0.076         1.04806436        1.183335298      -0.2438099064        19.67134342       -2.456190142         2.47819754       0.3045699099        3.507429582        0.477145657     -0.03564136029    -0.006052355522
 "HQ"                           418.905                  0         1.04749629        1.196173557      -0.2427847296        19.85801387       -2.469776203        2.489771197       0.3045699099        3.471166512       0.4638430071      -0.0358713498    -0.006052355522
 "Q25E2"                         419.14               0.47        1.044997074        1.194610597      -0.2429676865        19.88375525     -0.05267673982        2.489875604    0.0004400690612         3.48138546      -0.0225604989     -0.03835035917     -0.01064876284
 "HQ"                           419.375                  0        1.042625007        1.194471683      -0.2432801248        19.90949663        2.364422723        2.489980012      -0.3036897718        3.491604408      -0.5089640049     -0.04082936854     -0.01524517016
 "OQLBM"                       419.7075              0.665         1.03186713        1.073951291       -0.253224682        18.41034877        2.254357684        2.389003163      -0.3036897718        3.909796853      -0.6288608203     -0.04589838762     -0.01524517016
 "MB2L"                          420.04                  0        1.030989623       0.9738437893      -0.2606600021        16.91120091        2.144292645        2.288026314      -0.3036897718        4.327989299      -0.7487576357     -0.05096740669     -0.01524517016
 "HD"                            420.04                  0        1.030989623       0.9738437893      -0.2606600021        16.91120091        2.144292645        2.288026314      -0.3036897718        4.327989299      -0.7487576357     -0.05096740669     -0.01524517016
 "BH"                            421.01               1.94       0.9517187177       0.6592428518      -0.2666932418        13.37718731        1.823530659        2.031822228      -0.2643996648        6.441983824       -1.086450026     -0.06567950005     -0.01514457296
 "HD"                            421.98                  0       0.9896816659       0.6416145648      -0.2241269404        9.843173716        1.502768673        1.775618142      -0.2251095578        8.555978348       -1.424142415     -0.08039159341     -0.01504397576
 "MB2L"                          421.98                  0       0.9896816659       0.6416145648      -0.2241269404        9.843173716        1.502768673        1.775618142      -0.2251095578        8.555978348       -1.424142415     -0.08039159341     -0.01504397576
 "OBMBM"                         422.13                0.3       0.9858690635       0.6164188107      -0.2124370161        9.407239134        1.453115272        1.741851708      -0.2251095578        8.999147735       -1.477231288     -0.08264818978     -0.01504397576
 "MB2L"                          422.28                  0       0.9849082295       0.5980758615      -0.1991267084        8.971304552        1.403461871        1.708085275      -0.2251095578        9.442317121        -1.53032016     -0.08490478614     -0.01504397576
 "HD"                            422.28                  0       0.9849082295       0.5980758615      -0.1991267084        8.971304552        1.403461871        1.708085275      -0.2251095578        9.442317121        -1.53032016     -0.08490478614     -0.01504397576
 "BH"                            423.25               1.94       0.9524181537       0.5699422557     -0.06639978572        6.873025537        1.082699885        1.528025657      -0.1858194508        13.04031934       -1.849129485     -0.09937130055     -0.01489177493
 "HD"                            424.22                  0        1.016163108       0.7218980857       0.1420749665        4.774746522       0.7619378986         1.34796604      -0.1465293438        16.63832157       -2.167938809       -0.113837815     -0.01473957409
 "MB2L"                          424.22                  0        1.016163108       0.7218980857       0.1420749665        4.774746522       0.7619378986         1.34796604      -0.1465293438        16.63832157       -2.167938809       -0.113837815     -0.01473957409
 "OBMMC"                       424.3645              0.289        1.014050577       0.7137452807       0.1786506231        4.568370141       0.7141051222        1.326792549      -0.1465293438         17.2791622       -2.217441641      -0.1159676834     -0.01473957409
 "KX26E2"                       424.659                0.3        1.011445171       0.7067476163       0.2582697031        4.177008078       0.6166189447        1.283639658      -0.1465293438        18.61550228       -2.318331495       -0.120308488     -0.01473957409
 "IPU26E2"                      424.809                  0        1.011038285       0.7083749247       0.3013815207        3.992022394       0.5669655436        1.261660256      -0.1465293438        19.31100173       -2.369718517      -0.1225194241     -0.01473957409
 "MC26E2Q"                      424.809                  0        1.011038285       0.7083749247       0.3013815207        3.992022394       0.5669655436        1.261660256      -0.1465293438        19.31100173       -2.369718517      -0.1225194241     -0.01473957409
 "MC26E2S"                      424.809                  0        1.011038285       0.7083749247       0.3013815207        3.992022394       0.5669655436        1.261660256      -0.1465293438        19.31100173       -2.369718517      -0.1225194241     -0.01473957409
 "MC26E2O"                      424.809                  0        1.011038285       0.7083749247       0.3013815207        3.992022394       0.5669655436        1.261660256      -0.1465293438        19.31100173       -2.369718517      -0.1225194241     -0.01473957409
 "OMCQL"                        424.847              0.076        1.010408981       0.7078122248       0.3125227464        3.949889007        0.554386682        1.256092141      -0.1465293438        19.49208971       -2.382736563      -0.1230795279     -0.01473957409
 "HQ"                           424.885                  0        1.009931528       0.7077587334       0.3237756466        3.907755619       0.5418078204        1.250524026      -0.1465293438        19.67317769       -2.395754608      -0.1236396317     -0.01473957409
 "Q26E2"                         425.12               0.47        1.009180783       0.7010737357       0.3253386491        3.897321024      0.02301866438        1.250557661    0.0001444542431        19.69943159     -0.05377200212      -0.1236319826    3.224716103e-05
 "HQ"                           425.355                  0         1.01019446       0.7062922687       0.3269958681         3.88688643      -0.4957704916        1.250591297       0.1468182523        19.72568548        2.288210604      -0.1236243335      0.01480406841
 "OQLBM"                       425.6875              0.665          1.0077576       0.6921097508        0.235355112        4.287442711      -0.6023402728        1.299408366       0.1468182523        18.27392603        2.183096927      -0.1187019807      0.01480406841
 "MB2L"                          426.02                  0        1.016424362       0.7146307986       0.1519340116        4.687998993       -0.708910054        1.348225435       0.1468182523        16.82216657         2.07798325       -0.113779628      0.01480406841
 "HD"                            426.02                  0        1.016424362       0.7146307986       0.1519340116        4.687998993       -0.708910054        1.348225435       0.1468182523        16.82216657         2.07798325       -0.113779628      0.01480406841
 "BH"                            426.99               1.94       0.9552888429       0.5738510374     -0.05314024868        6.663768778       -1.019485828        1.528565005       0.1861083593        13.34784279        1.785567139      -0.0992506405      0.01495608444
 "HD"                            427.96                  0       0.9819261978       0.5989060907      -0.1870588337        8.639538564       -1.330061601        1.708904576       0.2253984663        9.873519017        1.493151029     -0.08472165304      0.01510810047
 "MB2L"                          427.96                  0       0.9819261978       0.5989060907      -0.1870588337        8.639538564       -1.330061601        1.708904576       0.2253984663        9.873519017        1.493151029     -0.08472165304      0.01510810047
 "OBMBM"                         428.11                0.3       0.9816093427        0.613507607      -0.2011719023        9.052980022       -1.378138194        1.742714346       0.2253984663        9.440292625        1.444087975     -0.08245543797      0.01510810047
 "MB2L"                          428.26                  0       0.9838972463       0.6344848315      -0.2137404473         9.46642148       -1.426214787        1.776524116       0.2253984663        9.007066233         1.39502492      -0.0801892229      0.01510810047
 "HD"                            428.26                  0       0.9838972463       0.6344848315      -0.2137404473         9.46642148       -1.426214787        1.776524116       0.2253984663        9.007066233         1.39502492      -0.0801892229      0.01510810047
 "BH"                            429.23               1.94       0.9420717563       0.6433565971       -0.262780055        12.83233224       -1.736790561        2.033008155       0.2646885733         6.89754821        1.084149407     -0.06541522924       0.0152082929
 "HD"                             430.2                  0        1.005734269       0.9203092282      -0.2649295784        16.19824299       -2.047366335        2.289492194       0.3039786803        4.788030187       0.7732738931     -0.05064123557      0.01530848533
 "MB2L"                           430.2                  0        1.005734269       0.9203092282      -0.2649295784        16.19824299       -2.047366335        2.289492194       0.3039786803        4.788030187       0.7732738931     -0.05064123557      0.01530848533
 "OBMMC"                       430.3445              0.289        1.007114374       0.9588496054      -0.2627197507        16.80331655       -2.093680119        2.333417113       0.3039786803         4.57849114       0.7250486044     -0.04842915944      0.01530848533
 "KX27E2"                       430.639                0.3        1.010650135        1.043639921      -0.2568632206        18.06481125       -2.188070497        2.422938835       0.3039786803        4.180923355       0.6267624623     -0.04392081051      0.01530848533
 "IPU27E2"                      430.789                  0        1.012779566        1.089973533      -0.2533006693         18.7212324        -2.23614709        2.468535637       0.3039786803        3.992894616       0.5767016089     -0.04162453771      0.01530848533
 "MC27E2Q"                      430.789                  0        1.012779566        1.089973533      -0.2533006693         18.7212324        -2.23614709        2.468535637       0.3039786803        3.992894616       0.5767016089     -0.04162453771      0.01530848533
 "MC27E2S"                      430.789                  0        1.012779566        1.089973533      -0.2533006693         18.7212324        -2.23614709        2.468535637       0.3039786803        3.992894616       0.5767016089     -0.04162453771      0.01530848533
 "MC27E2O"                      430.789                  0        1.012779566        1.089973533      -0.2533006693         18.7212324        -2.23614709        2.468535637       0.3039786803        3.992894616       0.5767016089     -0.04162453771      0.01530848533
 "OMCQL"                        430.827              0.076        1.012775156        1.101369898      -0.2523987009        18.89210522       -2.248326494        2.480086827       0.3039786803        3.950029132       0.5640195261     -0.04104281527      0.01530848533
 "HQ"                           430.865                  0        1.012879209        1.112998448      -0.2514704548        19.06297803       -2.260505897        2.491638017       0.3039786803        3.907163648       0.5513374432     -0.04046109283      0.01530848533
 "Q27E2"                         431.09               0.45        1.014936919         1.11590904      -0.2509956584        19.07896345     -0.03427534781        2.494230611      0.01142198888        3.888031577      0.04398844443     -0.03802404056      0.01092563012
 "HQ"                           431.315                  0        1.017041311        1.119420936      -0.2506624602        19.09494886        2.191955201        2.496823206      -0.2811347025        3.868899506      -0.4633605544     -0.03558698829     0.006542774918
 "OQLSM2"                        432.58               2.53       0.9401732672       0.7227215781      -0.2686852924        14.52220601        1.807408242        2.141187808      -0.2811347025        6.046034277      -0.8605275774     -0.02731037801     0.006542774918
 "OSM2"                         435.095                2.5       0.9456149743       0.5319856798     -0.08397597007        7.342277733        1.042874169        1.434134031      -0.2811347025        12.34854938       -1.650152133     -0.01085529909     0.006542774918
 "OSM2MC"                       436.407              0.124        1.037543484       0.6383881667       0.2169954165        4.655231388       0.6440396947        1.065285301      -0.2811347025        16.72962708       -2.062075559    -0.002271178401     0.006542774918
 "KX28E2"                       436.619                0.3        1.042579033       0.6602254331       0.2836171865        4.401492302       0.5795938802        1.005684744      -0.2811347025        17.62391536       -2.128636357   -0.0008841101187     0.006542774918
 "IPU28E2"                      436.769                  0        1.047382517       0.6764478807       0.3336624923        4.227614138       0.5339954265       0.9635145386      -0.2811347025        18.26250627       -2.175731261    9.730611904e-05     0.006542774918
 "MC28E2Q"                      436.769                  0        1.047382517       0.6764478807       0.3336624923        4.227614138       0.5339954265       0.9635145386      -0.2811347025        18.26250627       -2.175731261    9.730611904e-05     0.006542774918
 "MC28E2S"                      436.769                  0        1.047382517       0.6764478807       0.3336624923        4.227614138       0.5339954265       0.9635145386      -0.2811347025        18.26250627       -2.175731261    9.730611904e-05     0.006542774918
 "MC28E2O"                      436.769                  0        1.047382517       0.6764478807       0.3336624923        4.227614138       0.5339954265       0.9635145386      -0.2811347025        18.26250627       -2.175731261    9.730611904e-05     0.006542774918
 "OMCQL"                        436.807              0.076        1.048241193        0.680623379       0.3466596437        4.187908407       0.5224438183       0.9528314199      -0.2811347025        18.42876858        -2.18766197    0.0003459315659     0.006542774918
 "HQ"                           436.845                  0        1.049198006       0.6848155228       0.3598117615        4.148202677         0.51089221       0.9421483012      -0.2811347025        18.59503089       -2.199592679    0.0005945570128     0.006542774918
 "Q28E2"                         437.08               0.47        1.062669939       0.7480095882       0.3706075922        4.164183173     -0.03525289551       0.9013017135      -0.1754239868        18.59052289     0.009233070636     0.002087367171     0.006293371697
 "HQ"                           437.315                  0        1.064992083       0.7471686366        0.381341487        4.180163668       -0.581398001       0.8604551257     -0.06971327103        18.58601489         2.21805882     0.003580177328     0.006043968475
 "OQLKM2"                       437.615                0.6        1.070028267       0.7883533567       0.3027365755        4.586618455      -0.6774246456       0.8395411444     -0.06971327103        17.31251094        2.122506573     0.005393367871     0.006043968475
 "OKM2"                         440.165                4.5       0.8645401342        1.187750116      -0.1438800672         11.7145033       -1.493651124       0.6617723033     -0.06971327103        10.14260085        1.310312477      0.02080548748     0.006043968475
 "OKM2MC"                      442.4795              0.129        1.092685505        2.321058926      -0.2456049148        18.72418343       -2.234496687       0.5004209375     -0.06971327103        4.172261339       0.5731268941      0.03479425252     0.006043968475
 "KX29E2"                       442.694                0.3        1.087440933        2.421616629      -0.2439263482        19.70338023       -2.303155738       0.4854674408     -0.06971327103        3.946885859       0.5048070378      0.03609068376     0.006043968475
 "IPU29E2"                      442.844                  0        1.084661525         2.49413956      -0.2422923937        20.39432695        -2.35116906       0.4750104502     -0.06971327103        3.795443747       0.4570309144      0.03699727903     0.006043968475
 "MC29E2Q"                      442.844                  0        1.084661525         2.49413956      -0.2422923937        20.39432695        -2.35116906       0.4750104502     -0.06971327103        3.795443747       0.4570309144      0.03699727903     0.006043968475
 "MC29E2S"                      442.844                  0        1.084661525         2.49413956      -0.2422923937        20.39432695        -2.35116906       0.4750104502     -0.06971327103        3.795443747       0.4570309144      0.03699727903     0.006043968475
 "MC29E2O"                      442.844                  0        1.084661525         2.49413956      -0.2422923937        20.39432695        -2.35116906       0.4750104502     -0.06971327103        3.795443747       0.4570309144      0.03699727903     0.006043968475
 "OMCQL"                        442.882              0.076        1.083285709        2.511752018      -0.2418644835        20.57394021       -2.363332435       0.4723613459     -0.06971327103        3.761629247       0.4449276299      0.03722694983     0.006043968475
 "HQ"                            442.92                  0        1.082011877        2.529536666      -0.2414148075        20.75355348        -2.37549581       0.4697122416     -0.06971327103        3.727814747       0.4328243453      0.03745662063     0.006043968475
 "Q29E2"                       443.1075              0.375        1.069880125        2.474618845      -0.2420883451        20.88734335      -0.3480832962       0.4483117579      -0.1134434641        3.719315178      0.02321224356      0.03928869234     0.009830185383
 "HQ"                           443.295                  0        1.075182873        2.555228163      -0.2411460235        21.02113323        1.679329218       0.4269112742      -0.1571736571        3.710815608      -0.3863998582      0.04112076405      0.01361640229
 "OQLBM"                       443.6275              0.665         1.06547905        2.433314062      -0.2446341982        19.94456183        1.618904371       0.3746510332      -0.1571736571        4.036253943      -0.4893809554      0.04564821781      0.01361640229
 "MB2L"                          443.96                  0        1.061037611        2.317877974      -0.2465376687        18.86799042        1.558479524       0.3223907922      -0.1571736571        4.361692279      -0.5923620526      0.05017567157      0.01361640229
 "HD"                            443.96                  0        1.061037611        2.317877974      -0.2465376687        18.86799042        1.558479524       0.3223907922      -0.1571736571        4.361692279      -0.5923620526      0.05017567157      0.01361640229
 "BH"                            444.93               1.94       0.8314665879        1.073544417      -0.2548675016        16.18892233          1.3823837       0.2081612707      -0.1178835501        6.077345581      -0.8817296128      0.06330903637      0.01351943578
 "HD"                             445.9                  0       0.6967458342       0.3572378984      -0.2326435551        13.50985424        1.206287875      0.09393174925     -0.07859344311        7.792998883       -1.171097173      0.07644240117      0.01342246927
 "MB2L"                           445.9                  0       0.6967458342       0.3572378984      -0.2326435551        13.50985424        1.206287875      0.09393174925     -0.07859344311        7.792998883       -1.171097173      0.07644240117      0.01342246927
 "OBMBM"                         446.05                0.3        0.686277421       0.3264078193      -0.2232110216        13.15614568        1.179028546      0.08214273279     -0.07859344311        8.158021875       -1.216743309      0.07845577156      0.01342246927
 "MB2L"                           446.2                  0       0.6774008039       0.2972939322       -0.212818774        12.80243712        1.151769217      0.07035371632     -0.07859344311        8.523044868       -1.262389446      0.08046914195      0.01342246927
 "HD"                             446.2                  0       0.6774008039       0.2972939322       -0.212818774        12.80243712        1.151769217      0.07035371632     -0.07859344311        8.523044868       -1.262389446      0.08046914195      0.01342246927
 "BH"                            447.17               1.94       0.5315628629     -0.08615958499      -0.1169816831         10.9115761       0.9756733922      0.03226866312     -0.03930333611        11.51216182       -1.536203691      0.09336938506       0.0132794612
 "HD"                            448.14                  0       0.4891565165      -0.2259720555      0.03149463799        9.020715083       0.7995775677     -0.00581639007   -1.322910786e-05        14.50127878       -1.810017936       0.1062696282      0.01313645313
 "MB2L"                          448.14                  0       0.4891565165      -0.2259720555      0.03149463799        9.020715083       0.7995775677     -0.00581639007   -1.322910786e-05        14.50127878       -1.810017936       0.1062696282      0.01313645313
 "OBMMCOMCOMCQL"               448.2475              0.215       0.4847776421      -0.2319011166      0.05242875126        8.853006115        0.780041715    -0.005817812199   -1.322910786e-05        14.89724809       -1.841717743       0.1076817969      0.01313645313
 "HQ"                           448.355                  0       0.4809876429      -0.2374239463      0.07397185597        8.685297146       0.7605058624    -0.005819234328   -1.322910786e-05        15.29321741       -1.873417549       0.1090939656      0.01313645313
 "Q30E2"                        448.745               0.78       0.4641023638      -0.2142265478      0.01087594783        9.539571844       -1.207953349    -0.006295420799     -0.00125289667        14.37937919         1.04581944       0.1055786733    -0.008775548429
 "HQ"                           449.135                  0       0.4536116798      -0.1861857209     -0.04439959429        10.39384654        -3.17641256     -0.00677160727    -0.002492564231        13.46554098         3.96505643        0.102063381     -0.03068754999
 "OQ6"                       449.202935            0.13587       0.4527481157      -0.1690711444       -0.071980963        10.83527391       -3.248895038    -0.006940939621    -0.002492564231         12.9382711        3.880693921       0.0999786223     -0.03068754999
 "KX30E2"                     449.42087                0.3       0.4550286254      -0.1022739754      -0.1468403868        12.32112678       -3.481418316    -0.007484156607    -0.002492564231        11.32798334        3.610059589       0.0932907311     -0.03068754999
 "IPU30E2"                    449.57087                  0        0.465016267     -0.04512644326      -0.1879483457        13.36555227       -3.641459116    -0.007858041241    -0.002492564231        10.24496547        3.423787765       0.0886875986     -0.03068754999
 "MC30E2Q"                    449.57087                  0       0.4840225766     -0.04897903008      -0.1899373648        13.12771166       -3.582375549    -0.007858041241    -0.002647515647        10.06265584         3.36685471       0.0886875986     -0.03067382073
 "MC30E2S"                    449.57087                  0       0.5037287298     -0.05283820573      -0.1919149437        12.88987105       -3.523291982    -0.007858041241    -0.002802467062        9.880346213        3.309921654       0.0886875986     -0.03066009148
 "MC30E2O"                    449.57087                  0       0.5037287298     -0.05283820573      -0.1919149437        12.88987105       -3.523291982    -0.007858041241    -0.002802467062        9.880346213        3.309921654       0.0886875986     -0.03066009148
 "OQ1"                        449.62087                0.1       0.5070034158     -0.03184697291      -0.2032277703         13.2474034       -3.575323481    -0.007998164594    -0.002802467062        9.555404231         3.24941982      0.08715459403     -0.03066009148
 "HQ"                         449.67087                  0       0.5113042678    -0.009696602557      -0.2137464612        13.60493575       -3.627354981    -0.008138287947    -0.002802467062        9.230462249        3.188917986      0.08562158945     -0.03066009148
 "Q31E2"                      450.00937              0.677       0.5444905609      0.05594223788      -0.2401768552        14.41620132       -1.101796149    -0.008575459763    -0.001265802002        8.199947944        1.640965386      0.08001878534     -0.01687856922
 "HQ"                         450.34787                  0       0.5892806599       0.1344627983      -0.2602212858        15.22746689        1.423762684    -0.009012631578    0.0002708630573        7.169433639       0.0930127851      0.07441598122    -0.003097046968
 "OSE3"                       456.84787                 13       0.2075579394       -0.153350812       0.0314142089        13.51648478       0.1316140084    -0.007252021706    0.0002708630573        17.84838102      -0.8214574908      0.05428517593    -0.003097046968
 "HQ"                         463.34787                  0       0.0947251841      -0.2382948633       0.4527639026        11.80550267       -1.160534667    -0.005491411833    0.0002708630573         28.5273284       -1.735927767      0.03415437064    -0.003097046968
 "Q32E2"                      463.68637              0.677      0.05650548166      -0.1933723193        0.292163633        14.26067744       -3.905016787    -0.005723561755   -0.0006991369145        26.47303232        2.794028647      0.03118766252    -0.008592759671
 "HQ"                         464.02487                  0      0.03173674881      -0.1350459347       0.1641784394        16.71585221       -6.649498907    -0.005955711677    -0.001669136886        24.41873623        7.323985061       0.0282209544     -0.01408847237
 "OQ1"                        464.07487                0.1      0.02852962516       -0.115450104        0.128779352        17.39432694       -6.784747278    -0.006039168521    -0.001669136886        23.69752601        7.212102209      0.02751653078     -0.01408847237
 "KX31E2"                     464.27487                0.3      0.01937889677     -0.02156297807     0.006279573451         20.2705239       -7.325740763    -0.006372995898    -0.001669136886        20.94694455          6.7645708      0.02469883631     -0.01408847237
 "IPU31E2"                    464.42487                  0      0.01937383528      0.06447078684      -0.0685890821        22.46824612       -7.731485876    -0.006623366431    -0.001669136886        18.91757331        6.428922243      0.02258556545     -0.01408847237
 "MC31E2Q"                    464.42487                  0      0.01932453693      0.06449783931     -0.06856932665        22.47023943       -7.732063184    -0.006623366431    -0.001668969389        18.91925161        6.429370878      0.02258556545     -0.01408852149
 "MC31E2S"                    464.42487                  0      0.01927524849        0.064524891     -0.06854957158        22.47223274       -7.732640491    -0.006623366431    -0.001668801892        18.92092992        6.429819512      0.02258556545     -0.01408857061
 "MC31E2O"                    464.42487                  0      0.01927524849        0.064524891     -0.06854957158        22.47223274       -7.732640491    -0.006623366431    -0.001668801892        18.92092992        6.429819512      0.02258556545     -0.01408857061
 "OQ1"                        464.47487                0.1      0.01941775423      0.09712572557     -0.09018516775         23.2590232       -7.867904596    -0.006706806526    -0.001668801892        18.28913732        6.317926019      0.02188113692     -0.01408857061
 "HQ"                         464.52487                  0      0.02029487332       0.1314029386      -0.1105000776        24.04581366       -8.003168701     -0.00679024662    -0.001668801892        17.65734471        6.206032525      0.02117670839     -0.01408857061
 "Q33E2"                      464.81237              0.575       0.0272035903       0.2551575977      -0.1671339016        26.63080898       -4.237451753    -0.006971459666   -0.0006213341286        15.65219221        3.683000933      0.01792489978     -0.01147072881
 "HQ"                         465.09987                  0      0.04241336164       0.4012585391      -0.2120106419        29.21580429      -0.4717348052    -0.007152672711     0.000426133635         13.6470397        1.159969341      0.01467309116    -0.008852887012
 "OQ5"                        465.30637              0.413       0.0510266672       0.4252157026      -0.2195470533        29.41419949      -0.4803757864    -0.007064676116     0.000426133635        13.18263029        1.124478002         0.01284497    -0.008852887012
 "HQ"                         465.51287                  0       0.0601832336       0.4503227093      -0.2267372972        29.61259469      -0.4890167675     -0.00697667952     0.000426133635        12.71822087        1.088986663      0.01101684883    -0.008852887012
 "Q34E2"                      465.80037              0.575      0.07015972509       0.3596828603      -0.2129497308        27.50046164        3.463529036    -0.006566351336     0.001407028667        13.18812872      -0.8628532907     0.008872259391    -0.007564421891
 "HQ"                         466.08787                  0      0.08268967853       0.2726983945       -0.196866635        25.38832858        7.416074839    -0.006156023152     0.002387923698        13.65803657       -2.814693244     0.006727669956     -0.00627595677
 "OQ1"                        466.13787                0.1      0.08491049696       0.2398606508      -0.1883074972        24.65774943        7.305791553    -0.006036626968     0.002387923698        13.94277229       -2.847357156     0.006413872117     -0.00627595677
 "KX32E2"                     466.33787                0.3      0.09587444799       0.1200955751      -0.1480081916        21.86777275        6.864658409    -0.005559042228     0.002387923698        15.12091185       -2.978012804     0.005158680763     -0.00627595677
 "IPU32E2"                    466.48787                  0       0.1087948293      0.03958049105      -0.1105419215        19.80837522        6.533808551    -0.005200853673     0.002387923698        16.01431569       -3.076004539     0.004217287248     -0.00627595677
 "MC32E2Q"                    466.48787                  0       0.1096683854      0.03920541077      -0.1107896757         19.7823756        6.523853212    -0.005200853673     0.002387436898        15.99329598       -3.070426836     0.004217287248    -0.006275356437
 "MC32E2S"                    466.48787                  0        0.110544448      0.03883018978      -0.1110374718        19.75637597        6.513897872    -0.005200853673     0.002386950097        15.97227627       -3.064849133     0.004217287248    -0.006274756103
 "MC32E2O"                    466.48787                  0        0.110544448      0.03883018978      -0.1110374718        19.75637597        6.513897872    -0.005200853673     0.002386950097        15.97227627       -3.064849133     0.004217287248    -0.006274756103
 "OQ1"                        466.53787                0.1       0.1150011306      0.01467919157     -0.09710748372        19.11597779        6.403981799    -0.005081506168     0.002386950097        16.28201473       -3.097384571     0.003903549442    -0.006274756103
 "HQ"                         466.58787                  0       0.1200408594    -0.008698825212     -0.08233436743        18.47557961        6.294065725    -0.004962158663     0.002386950097        16.59175319        -3.12992001     0.003589811637    -0.006274756103
 "Q35E2"                      466.85787               0.54       0.1499035802     -0.06849364366     -0.04592444957         16.5247385        3.792262628    -0.004490597799       0.0017683898        17.01933486      -0.7516562181     0.001804347062    -0.006529616169
 "HQ"                         467.12787                  0       0.1872025251      -0.1238304313    -0.001305590527         14.5738974        1.290459531    -0.004019036934     0.001149829503        17.44691653        1.626607573    1.888248656e-05    -0.006784476234
 "OSE2"                       471.17787                8.1       0.5730005596      -0.1645490614      -0.1133732272        10.12057936       0.5497923503    0.0006377725515     0.001149829503        11.12659972       0.7802860254     -0.02745824626    -0.006784476234
 "OQ4"                        475.99787               1.54        1.555969149      -0.1748055177      -0.2271137933        6.178068595      -0.3316930347     0.006179950754     0.001149829503        5.155772209      -0.2269411008     -0.06015942171    -0.006784476234
 "OMC"                        476.91787                0.3        1.372004732      -0.1633360937      -0.2251720114        6.838858875      -0.4999433571     0.007237793897     0.001149829503        5.631019081      -0.4191919216     -0.06640113984    -0.006784476234
 "OQ1"                        477.11787                0.1        1.317356686      -0.1604638585       -0.223759074        7.042493834      -0.5365195142     0.007467759797     0.001149829503        5.802875215      -0.4609855783     -0.06775803509    -0.006784476234
 "OSE1"                       482.19512            10.0545    -0.003446243615      0.01455803318     -0.01066247728        21.82650088       -1.465050981      0.01330573164     0.001149829503        21.15161908       -1.521969795       -0.102204517    -0.006784476234
 "OQ3"                      487.3146776       0.1846151933       -0.202875501       0.1770227499       0.1753270353        37.00017606       -2.401319695         0.01919235     0.001149829503        36.93274912       -2.591794958      -0.1369380339    -0.006784476234
 "KX33E2"                   487.5569852                0.3      -0.2101620824         0.18797729       0.1890653243        38.17718609       -2.445633098      0.01947096243     0.001149829503        38.20396271       -2.642429561       -0.138581964    -0.006784476234
 "IPU33E2"                  487.7069852                  0      -0.2143712871       0.1947317785       0.1975237782        38.91087602       -2.473065216      0.01964343685     0.001149829503        38.99669158       -2.673774804      -0.1395996355    -0.006784476234
 "MC33E2Q"                  487.7069852                  0      -0.2072360253       0.1820451357       0.1847333282        37.64254294       -2.422743554      0.01964343685      0.00133935413        37.72556126       -2.555177156      -0.1395996355    -0.006811144749
 "MC33E2S"                  487.7069852                  0      -0.1993671528       0.1691636153       0.1717449281        36.37420985       -2.372421891      0.01964343685     0.001528878758        36.45443095       -2.436579509      -0.1395996355    -0.006837813265
 "MC33E2O"                  487.7069852                  0      -0.1993671528       0.1691636153       0.1717449281        36.37420985       -2.372421891      0.01964343685     0.001528878758        36.45443095       -2.436579509      -0.1395996355    -0.006837813265
 "OQ1"                      487.7569852                0.1      -0.2009237046       0.1715377712       0.1743032883        36.61236318       -2.381533272      0.01971988079     0.001528878758        36.69904035       -2.446094017      -0.1399415261    -0.006837813265
 "H_BV2"                    487.8069852                  0      -0.2024513427       0.1739051056        0.176853831        36.85051651       -2.390644653      0.01979632473     0.001528878758        36.94364975       -2.455608525      -0.1402834168    -0.006837813265
 "BV2E2"                    488.4969852               1.38       -0.212106641       0.2087539176       0.2475065319        40.32312326        -2.51638171      0.02085125107     0.001528878754        40.47864638       -2.560156019       -0.130797036      0.01374645167
 "H_BV2"                    489.1869852                  0      -0.2023770514       0.2430738579       0.3765451601        43.79573002       -2.642118766      0.02190617741      0.00152887875        44.01364302       -2.664703512      -0.1213106552      0.03433071661
 "OBV12"                    490.4484926         2.52301481      -0.2280532089       0.3073764012       0.4307353358        51.04182921       -2.872000256      0.02383486927      0.00152887875        51.32251934       -2.896882053     -0.07800220196      0.03433071661
 "H_BV1"                         491.71                  0      -0.2441473655       0.3669701203       0.4813665689        58.28792839       -3.101881746      0.02576356114      0.00152887875        58.63139566       -3.129060594     -0.03469374874      0.03433071661
 "BV1E"                           492.4               1.38      -0.2700959557       0.4015681927       0.4281025261        62.74204233       -3.227618803      0.02681848748     0.001528878754        63.07055347       -3.214978046     -0.02514180537      0.01384145658
 "H_BV1"                         493.09                  0      -0.2771362521       0.4353611274       0.4452518831        67.19615628        -3.35335586      0.02787341382     0.001528878758        67.50971127       -3.300895498     -0.01558986201    -0.006647803463
 "OQ0"                           493.19                0.2      -0.2775059121       0.4404308061       0.4500320379        67.87047201       -3.371578621      0.02802630169     0.001528878758        68.17341458       -3.318516535     -0.01625464235    -0.006647803463
 "KX1E"                          493.44                0.3      -0.2783280037       0.4530756641        0.461955983        69.56992839       -3.417135526      0.02840852138     0.001528878758        69.84588863       -3.362569127     -0.01791659322    -0.006647803463
 "IPU1E"                         493.59                  0      -0.2787528294         0.46061321       0.4690658095        70.59506905       -3.444469669       0.0286378532     0.001528878758        70.85465936       -3.389000682     -0.01891376374    -0.006647803463
 "MC1EQ"                         493.59                  0      -0.2792941818       0.4716103596       0.4801223015        72.13672892       -3.499039659       0.0286378532     0.001520405222        72.40198819       -3.483676789     -0.01891376374    -0.006634973448
 "MC1ES"                         493.59                  0      -0.2797305581       0.4824651636       0.4910352291         73.6783888        -3.55360965       0.0286378532     0.001511931687        73.94931702       -3.578352895     -0.01891376374    -0.006622143433
 "MC1EO"                         493.59                  0      -0.2797305581       0.4824651636       0.4910352291         73.6783888        -3.55360965       0.0286378532     0.001511931687        73.94931702       -3.578352895     -0.01891376374    -0.006622143433
 "OQ2"                           493.64                0.1      -0.2798196049       0.4849454305       0.4935435442         74.0346746       -3.562858048      0.02871344978     0.001511931687        74.30808569       -3.587686726     -0.01924487091    -0.006622143433
 "HQFF"                          493.69                  0      -0.2799035752        0.487418389       0.4960443968        74.39096041       -3.572106446      0.02878904637     0.001511931687        74.66685436       -3.597020558     -0.01957597808    -0.006622143433
 "QFF3E"                         494.03               0.68      -0.2799096795       0.3579810761       0.6877719276        69.60261087        6.566572901       0.0278725896     -0.00265045278        85.46327138       -16.92019027     -0.02289693266    -0.009929527446
 "HQFF"                          494.37                  0      -0.2788785306       0.2495265932        0.893773166        64.81426133        16.70525225      0.02695613283    -0.006812837247         96.2596884       -30.24335998     -0.02621788724     -0.01323691146
 "OO2"                         494.7375              0.735      -0.2734875337      0.05581631931        1.432894885        53.70306967        15.11726757      0.02445241514    -0.006812837247        121.0579766        -33.7391676      -0.0310824522     -0.01323691146
 "HQFF"                         495.105                  0      -0.2642479245     -0.08144439553        2.092580339        42.59187801        13.52928289      0.02194869746    -0.006812837247        145.8562648       -37.23497523     -0.03594701716     -0.01323691146
 "QFF2E"                        495.815               1.42      -0.2642850273     -0.08651804925        1.935580073        40.47981931        1.895811239      0.02151188772   -0.0006592198465        133.0039823        6.258394684      -0.0367681812    -0.001071427023
 "HQFF"                         496.525                  0      -0.2627498818     -0.09103958373        1.772140853        38.36776062       -9.737660415      0.02107507798     0.005494397553        120.1516998        49.75176459     -0.03758934524      0.01109405741
 "OO1"                         496.6825              0.315       -0.266556893      -0.0390184463        1.424136631        41.55902899        -10.1310107       0.0219404456     0.005494397553         105.502371        46.50580554      -0.0358420312      0.01109405741
 "HQFF"                          496.84                  0      -0.2688855394       0.0277092619        1.095681751        44.75029736         -10.524361      0.02280581321     0.005494397553        90.85304228        43.25984649     -0.03409471716      0.01109405741
 "QFF1E"                        497.315               0.95      -0.2636448638        0.115177455        0.687794567        45.70636497      -0.8723837631      0.02310291478    0.0006050693534         68.8918947        26.03940862     -0.03190113646     0.004766798499
 "HQFF"                          497.79                  0      -0.2456911308       0.2672588614       0.2782287346        46.66243258        8.779593469      0.02340001635    -0.004284258847        46.93074711        8.818970744     -0.02970755576    -0.001560460415
 "C_SPD"                        500.415               5.25     -0.05126821702      0.02717054396      0.03536768865        23.63003169         4.38712398      0.01215383687    -0.004284258847        23.76326836        4.412853096     -0.03380376435    -0.001560460415
 "MACHINE$END"                   503.04                  0        12.28610513      -0.1715096589      -0.1024764386       0.5976307894    -0.005345508259    0.0009076574007    -0.004284258847       0.5957896034       0.0067354477     -0.03789997294    -0.001560460415
