           # s        inv_Ta        inv_Tb        inv_Tz
         # (m)         (1/s)         (1/s)         (1/s)
 # delta_s =   0.10000000149011612     
       0.10000   -8.6039E-34   -4.1031E-40   -3.7499E-37
       0.20000   -1.7187E-33   -8.0993E-40   -7.4907E-37
       0.30000   -2.5798E-33   -1.1963E-39   -1.1244E-36
       0.40000   -3.4455E-33   -1.5701E-39   -1.5017E-36
       0.50000   -4.3158E-33   -1.9317E-39   -1.8810E-36
       0.60000   -5.1908E-33   -2.2811E-39   -2.2624E-36
       0.70000   -6.0705E-33   -2.6188E-39   -2.6458E-36
       0.80000   -6.9549E-33   -2.9449E-39   -3.0312E-36
       0.90000   -7.8440E-33   -3.2597E-39   -3.4187E-36
       1.00000   -8.7388E-33   -3.5636E-39   -3.8081E-36
       1.10000   -9.6397E-33   -3.8568E-39   -4.1992E-36
       1.20000   -1.0547E-32   -4.1397E-39   -4.5920E-36
       1.30000   -1.1461E-32   -4.4127E-39   -4.9865E-36
       1.40000   -1.2383E-32   -4.6759E-39   -5.3825E-36
       1.50000   -1.3312E-32   -4.9298E-39   -5.7801E-36
       1.60000   -1.4249E-32   -5.1746E-39   -6.1790E-36
       1.70000   -1.5195E-32   -5.4108E-39   -6.5792E-36
       1.80000   -1.6149E-32   -5.6384E-39   -6.9806E-36
       1.90000   -1.7113E-32   -5.8580E-39   -7.3832E-36
       2.00000   -1.8087E-32   -6.0698E-39   -7.7869E-36
       2.10000   -1.9070E-32   -6.2741E-39   -8.1914E-36
       2.20000   -2.0065E-32   -6.4712E-39   -8.5968E-36
       2.30000   -2.1070E-32   -6.6614E-39   -9.0030E-36
       2.40000   -2.2087E-32   -6.8451E-39   -9.4098E-36
       2.50000   -2.3116E-32   -7.0224E-39   -9.8171E-36
       2.60000   -2.4157E-32   -7.1937E-39   -1.0225E-35
       2.70000   -2.5211E-32   -7.3593E-39   -1.0633E-35
       2.80000   -2.6279E-32   -7.5195E-39   -1.1041E-35
       2.90000   -2.7360E-32   -7.6745E-39   -1.1449E-35
       3.00000   -2.8455E-32   -7.8246E-39   -1.1858E-35
       3.10000   -2.9565E-32   -7.9701E-39   -1.2266E-35
       3.20000   -3.0690E-32   -8.1112E-39   -1.2674E-35
       3.30000   -3.1831E-32   -8.2481E-39   -1.3081E-35
       3.40000   -3.2979E-32   -8.3805E-39   -1.3490E-35
       3.50000   -3.4132E-32   -8.5080E-39   -1.3900E-35
       3.60000   -3.5289E-32   -8.6310E-39   -1.4312E-35
       3.70000   -3.6459E-32   -8.7504E-39   -1.4723E-35
       3.80000   -3.7645E-32   -8.8668E-39   -1.5133E-35
       3.90000   -3.8848E-32   -8.9805E-39   -1.5543E-35
       4.00000   -4.0068E-32   -9.0915E-39   -1.5951E-35
       4.10000   -4.1306E-32   -9.2003E-39   -1.6358E-35
       4.20000   -4.2561E-32   -9.3069E-39   -1.6763E-35
       4.30000   -4.3834E-32   -9.4116E-39   -1.7166E-35
       4.40000   -4.5126E-32   -9.5146E-39   -1.7568E-35
       4.50000   -4.6436E-32   -9.6160E-39   -1.7968E-35
       4.60000   -4.7766E-32   -9.7162E-39   -1.8366E-35
       4.70000   -4.9114E-32   -9.8152E-39   -1.8762E-35
       4.80000   -5.0482E-32   -9.9132E-39   -1.9155E-35
       4.90000   -5.1869E-32   -1.0010E-38   -1.9546E-35
       5.00000   -5.3276E-32   -1.0107E-38   -1.9934E-35
       5.10000   -5.4703E-32   -1.0203E-38   -2.0320E-35
       5.20000   -5.6149E-32   -1.0299E-38   -2.0702E-35
       5.30000   -5.7616E-32   -1.0395E-38   -2.1082E-35
       5.40000   -5.9103E-32   -1.0490E-38   -2.1459E-35
       5.50000   -6.0610E-32   -1.0586E-38   -2.1833E-35
       5.60000   -6.2137E-32   -1.0682E-38   -2.2203E-35
       5.70000   -6.3684E-32   -1.0779E-38   -2.2570E-35
       5.80000   -6.5252E-32   -1.0876E-38   -2.2934E-35
       5.90000   -6.6839E-32   -1.0974E-38   -2.3294E-35
       6.00000   -6.8447E-32   -1.1073E-38   -2.3650E-35
       6.10000   -7.0063E-32   -1.1172E-38   -2.4004E-35
       6.20000   -7.1676E-32   -1.1271E-38   -2.4357E-35
       6.30000   -7.3283E-32   -1.1370E-38   -2.4709E-35
       6.40000   -7.4885E-32   -1.1469E-38   -2.5060E-35
       6.50000   -7.6482E-32   -1.1569E-38   -2.5409E-35
       6.60000   -7.8072E-32   -1.1669E-38   -2.5758E-35
       6.70000   -7.9655E-32   -1.1770E-38   -2.6104E-35
       6.80000   -8.1245E-32   -1.1873E-38   -2.6452E-35
       6.90000   -8.2837E-32   -1.1980E-38   -2.6801E-35
       7.00000   -8.4396E-32   -1.2091E-38   -2.7142E-35
       7.10000   -8.5925E-32   -1.2208E-38   -2.7477E-35
       7.20000   -8.7428E-32   -1.2335E-38   -2.7806E-35
       7.30000   -8.8912E-32   -1.2473E-38   -2.8131E-35
       7.40000   -9.0377E-32   -1.2622E-38   -2.8452E-35
       7.50000   -9.1824E-32   -1.2783E-38   -2.8769E-35
       7.60000   -9.3253E-32   -1.2957E-38   -2.9081E-35
       7.70000   -9.4664E-32   -1.3143E-38   -2.9390E-35
       7.80000   -9.6059E-32   -1.3342E-38   -2.9696E-35
       7.90000   -9.7446E-32   -1.3556E-38   -2.9996E-35
       8.00000   -9.8836E-32   -1.3783E-38   -3.0291E-35
       8.10000   -1.0023E-31   -1.4026E-38   -3.0580E-35
       8.20000   -1.0162E-31   -1.4283E-38   -3.0864E-35
       8.30000   -1.0302E-31   -1.4555E-38   -3.1142E-35
       8.40000   -1.0442E-31   -1.4843E-38   -3.1415E-35
       8.50000   -1.0583E-31   -1.5147E-38   -3.1683E-35
       8.60000   -1.0724E-31   -1.5466E-38   -3.1946E-35
       8.70000   -1.0865E-31   -1.5802E-38   -3.2204E-35
       8.80000   -1.1006E-31   -1.6154E-38   -3.2458E-35
       8.90000   -1.1147E-31   -1.6522E-38   -3.2708E-35
       9.00000   -1.1289E-31   -1.6907E-38   -3.2954E-35
       9.10000   -1.1431E-31   -1.7310E-38   -3.3195E-35
       9.20000   -1.1573E-31   -1.7730E-38   -3.3433E-35
       9.30000   -1.1715E-31   -1.8168E-38   -3.3666E-35
       9.40000   -1.1858E-31   -1.8623E-38   -3.3896E-35
       9.50000   -1.2001E-31   -1.9097E-38   -3.4123E-35
       9.60000   -1.2144E-31   -1.9589E-38   -3.4346E-35
       9.70000   -1.2287E-31   -2.0101E-38   -3.4566E-35
       9.80000   -1.2431E-31   -2.0631E-38   -3.4783E-35
       9.90000   -1.2575E-31   -2.1181E-38   -3.4997E-35
      10.00000   -1.2719E-31   -2.1751E-38   -3.5208E-35
      10.10000   -1.2863E-31   -2.2342E-38   -3.5416E-35
      10.20000   -1.3008E-31   -2.2953E-38   -3.5622E-35
      10.30000   -1.3153E-31   -2.3586E-38   -3.5825E-35
      10.40000   -1.3296E-31   -2.4242E-38   -3.6027E-35
      10.50000   -1.3439E-31   -2.4923E-38   -3.6227E-35
      10.60000   -1.3581E-31   -2.5629E-38   -3.6426E-35
      10.70000   -1.3724E-31   -2.6358E-38   -3.6623E-35
      10.80000   -1.3867E-31   -2.7112E-38   -3.6818E-35
      10.90000   -1.4010E-31   -2.7889E-38   -3.7011E-35
      11.00000   -1.4153E-31   -2.8692E-38   -3.7201E-35
      11.10000   -1.4297E-31   -2.9521E-38   -3.7390E-35
      11.20000   -1.4441E-31   -3.0376E-38   -3.7577E-35
      11.30000   -1.4586E-31   -3.1259E-38   -3.7763E-35
      11.40000   -1.4731E-31   -3.2170E-38   -3.7946E-35
      11.50000   -1.4876E-31   -3.3111E-38   -3.8129E-35
      11.60000   -1.5022E-31   -3.4081E-38   -3.8310E-35
      11.70000   -1.5169E-31   -3.5083E-38   -3.8489E-35
      11.80000   -1.5316E-31   -3.6118E-38   -3.8668E-35
      11.90000   -1.5463E-31   -3.7187E-38   -3.8845E-35
      12.00000   -1.5612E-31   -3.8291E-38   -3.9022E-35
      12.10000   -1.5761E-31   -3.9433E-38   -3.9198E-35
      12.20000   -1.5911E-31   -4.0614E-38   -3.9373E-35
      12.30000   -1.6061E-31   -4.1836E-38   -3.9547E-35
      12.40000   -1.6213E-31   -4.3103E-38   -3.9721E-35
      12.50000   -1.6366E-31   -4.4416E-38   -3.9895E-35
      12.60000   -1.6520E-31   -4.5779E-38   -4.0068E-35
      12.70000   -1.6676E-31   -4.7198E-38   -4.0242E-35
      12.80000   -1.6833E-31   -4.8676E-38   -4.0417E-35
      12.90000   -1.6992E-31   -5.0219E-38   -4.0592E-35
      13.00000   -1.7153E-31   -5.1838E-38   -4.0768E-35
      13.10000   -1.7316E-31   -5.3545E-38   -4.0946E-35
      13.20000   -1.7482E-31   -5.5358E-38   -4.1128E-35
      13.30000   -1.7652E-31   -5.7301E-38   -4.1313E-35
      13.40000   -1.7828E-31   -5.9415E-38   -4.1505E-35
      13.50000   -1.8013E-31   -6.1789E-38   -4.1707E-35
      13.60000   -1.8215E-31   -6.4585E-38   -4.1928E-35
      13.70000   -1.8399E-31   -6.7054E-38   -4.2129E-35
      13.80000   -1.8570E-31   -6.9289E-38   -4.2315E-35
      13.90000   -1.8733E-31   -7.1372E-38   -4.2494E-35
      14.00000   -1.8892E-31   -7.3334E-38   -4.2667E-35
      14.10000   -1.9047E-31   -7.5191E-38   -4.2836E-35
      14.20000   -1.9200E-31   -7.6949E-38   -4.3003E-35
      14.30000   -1.9351E-31   -7.8619E-38   -4.3169E-35
      14.40000   -1.9501E-31   -8.0212E-38   -4.3333E-35
      14.50000   -1.9650E-31   -8.1736E-38   -4.3495E-35
      14.60000   -1.9799E-31   -8.3195E-38   -4.3657E-35
      14.70000   -1.9947E-31   -8.4596E-38   -4.3819E-35
      14.80000   -2.0094E-31   -8.5943E-38   -4.3980E-35
      14.90000   -2.0241E-31   -8.7236E-38   -4.4140E-35
      15.00000   -2.0389E-31   -8.8479E-38   -4.4300E-35
      15.10000   -2.0537E-31   -8.9676E-38   -4.4460E-35
      15.20000   -2.0686E-31   -9.0827E-38   -4.4619E-35
      15.30000   -2.0834E-31   -9.1936E-38   -4.4778E-35
      15.40000   -2.0984E-31   -9.3005E-38   -4.4937E-35
      15.50000   -2.1134E-31   -9.4035E-38   -4.5096E-35
      15.60000   -2.1284E-31   -9.5028E-38   -4.5256E-35
      15.70000   -2.1436E-31   -9.5986E-38   -4.5415E-35
      15.80000   -2.1588E-31   -9.6909E-38   -4.5575E-35
      15.90000   -2.1741E-31   -9.7800E-38   -4.5734E-35
      16.00000   -2.1895E-31   -9.8659E-38   -4.5895E-35
      16.10000   -2.2049E-31   -9.9488E-38   -4.6055E-35
      16.20000   -2.2205E-31   -1.0029E-37   -4.6216E-35
      16.30000   -2.2362E-31   -1.0106E-37   -4.6378E-35
      16.40000   -2.2520E-31   -1.0180E-37   -4.6540E-35
      16.50000   -2.2678E-31   -1.0252E-37   -4.6703E-35
      16.60000   -2.2838E-31   -1.0321E-37   -4.6867E-35
      16.70000   -2.3000E-31   -1.0388E-37   -4.7031E-35
      16.80000   -2.3162E-31   -1.0452E-37   -4.7196E-35
      16.90000   -2.3326E-31   -1.0514E-37   -4.7362E-35
      17.00000   -2.3491E-31   -1.0573E-37   -4.7529E-35
      17.10000   -2.3657E-31   -1.0631E-37   -4.7697E-35
      17.20000   -2.3825E-31   -1.0686E-37   -4.7865E-35
      17.30000   -2.3994E-31   -1.0739E-37   -4.8035E-35
      17.40000   -2.4164E-31   -1.0790E-37   -4.8206E-35
      17.50000   -2.4336E-31   -1.0839E-37   -4.8379E-35
      17.60000   -2.4509E-31   -1.0886E-37   -4.8553E-35
      17.70000   -2.4684E-31   -1.0932E-37   -4.8728E-35
      17.80000   -2.4860E-31   -1.0975E-37   -4.8904E-35
      17.90000   -2.5039E-31   -1.1017E-37   -4.9082E-35
      18.00000   -2.5218E-31   -1.1057E-37   -4.9261E-35
      18.10000   -2.5400E-31   -1.1095E-37   -4.9441E-35
      18.20000   -2.5584E-31   -1.1132E-37   -4.9624E-35
      18.30000   -2.5770E-31   -1.1167E-37   -4.9807E-35
      18.40000   -2.5957E-31   -1.1200E-37   -4.9993E-35
      18.50000   -2.6147E-31   -1.1232E-37   -5.0180E-35
      18.60000   -2.6339E-31   -1.1263E-37   -5.0369E-35
      18.70000   -2.6533E-31   -1.1292E-37   -5.0560E-35
      18.80000   -2.6729E-31   -1.1320E-37   -5.0753E-35
      18.90000   -2.6928E-31   -1.1346E-37   -5.0947E-35
      19.00000   -2.7129E-31   -1.1371E-37   -5.1144E-35
      19.10000   -2.7333E-31   -1.1395E-37   -5.1343E-35
      19.20000   -2.7539E-31   -1.1417E-37   -5.1544E-35
      19.30000   -2.7748E-31   -1.1438E-37   -5.1748E-35
      19.40000   -2.7959E-31   -1.1458E-37   -5.1954E-35
      19.50000   -2.8173E-31   -1.1477E-37   -5.2162E-35
      19.60000   -2.8390E-31   -1.1495E-37   -5.2373E-35
      19.70000   -2.8610E-31   -1.1512E-37   -5.2586E-35
      19.80000   -2.8833E-31   -1.1527E-37   -5.2802E-35
      19.90000   -2.9060E-31   -1.1542E-37   -5.3021E-35
      20.00000   -2.9289E-31   -1.1556E-37   -5.3242E-35
      20.10000   -2.9521E-31   -1.1569E-37   -5.3467E-35
      20.20000   -2.9757E-31   -1.1581E-37   -5.3695E-35
      20.30000   -2.9996E-31   -1.1592E-37   -5.3926E-35
      20.40000   -3.0239E-31   -1.1602E-37   -5.4160E-35
      20.50000   -3.0484E-31   -1.1611E-37   -5.4398E-35
      20.60000   -3.0734E-31   -1.1620E-37   -5.4639E-35
      20.70000   -3.0988E-31   -1.1628E-37   -5.4884E-35
      20.80000   -3.1246E-31   -1.1635E-37   -5.5134E-35
      20.90000   -3.1508E-31   -1.1642E-37   -5.5387E-35
      21.00000   -3.1769E-31   -1.1649E-37   -5.5639E-35
      21.10000   -3.2029E-31   -1.1657E-37   -5.5891E-35
      21.20000   -3.2290E-31   -1.1664E-37   -5.6143E-35
      21.30000   -3.2550E-31   -1.1672E-37   -5.6394E-35
      21.40000   -3.2811E-31   -1.1680E-37   -5.6646E-35
      21.50000   -3.3071E-31   -1.1688E-37   -5.6898E-35
      21.60000   -3.3331E-31   -1.1697E-37   -5.7149E-35
      21.70000   -3.3591E-31   -1.1706E-37   -5.7400E-35
      21.80000   -3.3851E-31   -1.1715E-37   -5.7651E-35
      21.90000   -3.4110E-31   -1.1724E-37   -5.7902E-35
      22.00000   -3.4368E-31   -1.1734E-37   -5.8152E-35
      22.10000   -3.4626E-31   -1.1745E-37   -5.8401E-35
      22.20000   -3.4884E-31   -1.1755E-37   -5.8650E-35
      22.30000   -3.5141E-31   -1.1766E-37   -5.8899E-35
      22.40000   -3.5397E-31   -1.1778E-37   -5.9146E-35
      22.50000   -3.5652E-31   -1.1790E-37   -5.9393E-35
      22.60000   -3.5906E-31   -1.1802E-37   -5.9640E-35
      22.70000   -3.6160E-31   -1.1815E-37   -5.9885E-35
      22.80000   -3.6412E-31   -1.1829E-37   -6.0130E-35
      22.90000   -3.6664E-31   -1.1842E-37   -6.0374E-35
      23.00000   -3.6914E-31   -1.1857E-37   -6.0617E-35
      23.10000   -3.7163E-31   -1.1872E-37   -6.0859E-35
      23.20000   -3.7412E-31   -1.1888E-37   -6.1100E-35
      23.30000   -3.7659E-31   -1.1904E-37   -6.1341E-35
      23.40000   -3.7905E-31   -1.1920E-37   -6.1580E-35
      23.50000   -3.8150E-31   -1.1938E-37   -6.1819E-35
      23.60000   -3.8394E-31   -1.1956E-37   -6.2056E-35
      23.70000   -3.8636E-31   -1.1975E-37   -6.2293E-35
      23.80000   -3.8877E-31   -1.1994E-37   -6.2528E-35
      23.90000   -3.9117E-31   -1.2014E-37   -6.2763E-35
      24.00000   -3.9356E-31   -1.2035E-37   -6.2997E-35
      24.10000   -3.9593E-31   -1.2057E-37   -6.3229E-35
      24.20000   -3.9829E-31   -1.2079E-37   -6.3461E-35
      24.30000   -4.0065E-31   -1.2103E-37   -6.3692E-35
      24.40000   -4.0299E-31   -1.2127E-37   -6.3922E-35
      24.50000   -4.0532E-31   -1.2152E-37   -6.4150E-35
      24.60000   -4.0763E-31   -1.2178E-37   -6.4378E-35
      24.70000   -4.0994E-31   -1.2204E-37   -6.4605E-35
      24.80000   -4.1223E-31   -1.2232E-37   -6.4831E-35
      24.90000   -4.1451E-31   -1.2261E-37   -6.5056E-35
      25.00000   -4.1677E-31   -1.2290E-37   -6.5281E-35
      25.10000   -4.1903E-31   -1.2321E-37   -6.5504E-35
      25.20000   -4.2127E-31   -1.2353E-37   -6.5727E-35
      25.30000   -4.2349E-31   -1.2386E-37   -6.5949E-35
      25.40000   -4.2571E-31   -1.2420E-37   -6.6171E-35
      25.50000   -4.2791E-31   -1.2455E-37   -6.6392E-35
      25.60000   -4.3010E-31   -1.2491E-37   -6.6612E-35
      25.70000   -4.3228E-31   -1.2529E-37   -6.6831E-35
      25.80000   -4.3445E-31   -1.2567E-37   -6.7050E-35
      25.90000   -4.3661E-31   -1.2607E-37   -6.7268E-35
      26.00000   -4.3875E-31   -1.2649E-37   -6.7486E-35
      26.10000   -4.4089E-31   -1.2692E-37   -6.7703E-35
      26.20000   -4.4301E-31   -1.2736E-37   -6.7920E-35
      26.30000   -4.4512E-31   -1.2782E-37   -6.8137E-35
      26.40000   -4.4722E-31   -1.2829E-37   -6.8353E-35
      26.50000   -4.4931E-31   -1.2878E-37   -6.8569E-35
      26.60000   -4.5139E-31   -1.2928E-37   -6.8784E-35
      26.70000   -4.5346E-31   -1.2980E-37   -6.8999E-35
      26.80000   -4.5553E-31   -1.3034E-37   -6.9214E-35
      26.90000   -4.5758E-31   -1.3090E-37   -6.9429E-35
      27.00000   -4.5963E-31   -1.3147E-37   -6.9644E-35
      27.10000   -4.6167E-31   -1.3206E-37   -6.9858E-35
      27.20000   -4.6371E-31   -1.3267E-37   -7.0072E-35
      27.30000   -4.6575E-31   -1.3331E-37   -7.0285E-35
      27.40000   -4.6778E-31   -1.3396E-37   -7.0499E-35
      27.50000   -4.6982E-31   -1.3463E-37   -7.0712E-35
      27.60000   -4.7185E-31   -1.3533E-37   -7.0925E-35
      27.70000   -4.7389E-31   -1.3605E-37   -7.1139E-35
      27.80000   -4.7594E-31   -1.3678E-37   -7.1353E-35
      27.90000   -4.7800E-31   -1.3752E-37   -7.1569E-35
      28.00000   -4.8008E-31   -1.3826E-37   -7.1788E-35
      28.10000   -4.8220E-31   -1.3901E-37   -7.2009E-35
      28.20000   -4.8434E-31   -1.3975E-37   -7.2234E-35
      28.30000   -4.8652E-31   -1.4050E-37   -7.2463E-35
      28.40000   -4.8874E-31   -1.4124E-37   -7.2695E-35
      28.50000   -4.9099E-31   -1.4199E-37   -7.2931E-35
      28.60000   -4.9329E-31   -1.4274E-37   -7.3171E-35
      28.70000   -4.9562E-31   -1.4348E-37   -7.3416E-35
      28.80000   -4.9799E-31   -1.4424E-37   -7.3665E-35
      28.90000   -5.0039E-31   -1.4499E-37   -7.3920E-35
      29.00000   -5.0282E-31   -1.4576E-37   -7.4180E-35
      29.10000   -5.0529E-31   -1.4652E-37   -7.4447E-35
      29.20000   -5.0780E-31   -1.4730E-37   -7.4719E-35
      29.30000   -5.1036E-31   -1.4808E-37   -7.4999E-35
      29.40000   -5.1295E-31   -1.4887E-37   -7.5285E-35
      29.50000   -5.1559E-31   -1.4967E-37   -7.5578E-35
      29.60000   -5.1827E-31   -1.5048E-37   -7.5880E-35
      29.70000   -5.2101E-31   -1.5130E-37   -7.6190E-35
      29.80000   -5.2381E-31   -1.5214E-37   -7.6510E-35
      29.90000   -5.2666E-31   -1.5300E-37   -7.6840E-35
      30.00000   -5.2958E-31   -1.5388E-37   -7.7181E-35
      30.10000   -5.3258E-31   -1.5478E-37   -7.7534E-35
      30.20000   -5.3567E-31   -1.5571E-37   -7.7902E-35
      30.30000   -5.3886E-31   -1.5668E-37   -7.8286E-35
      30.40000   -5.4218E-31   -1.5770E-37   -7.8690E-35
      30.50000   -5.4564E-31   -1.5878E-37   -7.9116E-35
      30.60000   -5.4923E-31   -1.5990E-37   -7.9562E-35
      30.70000   -5.5277E-31   -1.6098E-37   -8.0009E-35
      30.80000   -5.5620E-31   -1.6199E-37   -8.0446E-35
      30.90000   -5.5952E-31   -1.6293E-37   -8.0875E-35
      31.00000   -5.6276E-31   -1.6381E-37   -8.1299E-35
      31.10000   -5.6592E-31   -1.6464E-37   -8.1718E-35
      31.20000   -5.6903E-31   -1.6543E-37   -8.2133E-35
      31.30000   -5.7212E-31   -1.6618E-37   -8.2545E-35
      31.40000   -5.7518E-31   -1.6689E-37   -8.2954E-35
      31.50000   -5.7822E-31   -1.6757E-37   -8.3362E-35
      31.60000   -5.8122E-31   -1.6823E-37   -8.3770E-35
      31.70000   -5.8418E-31   -1.6886E-37   -8.4180E-35
      31.80000   -5.8711E-31   -1.6946E-37   -8.4592E-35
      31.90000   -5.9001E-31   -1.7005E-37   -8.5005E-35
      32.00000   -5.9287E-31   -1.7062E-37   -8.5421E-35
      32.10000   -5.9571E-31   -1.7117E-37   -8.5840E-35
      32.20000   -5.9853E-31   -1.7170E-37   -8.6262E-35
      32.30000   -6.0131E-31   -1.7221E-37   -8.6686E-35
      32.40000   -6.0407E-31   -1.7271E-37   -8.7114E-35
      32.50000   -6.0680E-31   -1.7320E-37   -8.7546E-35
      32.60000   -6.0951E-31   -1.7367E-37   -8.7981E-35
      32.70000   -6.1219E-31   -1.7413E-37   -8.8420E-35
      32.80000   -6.1484E-31   -1.7458E-37   -8.8863E-35
      32.90000   -6.1746E-31   -1.7501E-37   -8.9310E-35
      33.00000   -6.2006E-31   -1.7543E-37   -8.9762E-35
      33.10000   -6.2263E-31   -1.7585E-37   -9.0217E-35
      33.20000   -6.2517E-31   -1.7625E-37   -9.0678E-35
      33.30000   -6.2768E-31   -1.7664E-37   -9.1142E-35
      33.40000   -6.3016E-31   -1.7702E-37   -9.1612E-35
      33.50000   -6.3260E-31   -1.7740E-37   -9.2086E-35
      33.60000   -6.3502E-31   -1.7776E-37   -9.2564E-35
      33.70000   -6.3740E-31   -1.7812E-37   -9.3048E-35
      33.80000   -6.3975E-31   -1.7847E-37   -9.3536E-35
      33.90000   -6.4208E-31   -1.7881E-37   -9.4028E-35
      34.00000   -6.4440E-31   -1.7915E-37   -9.4520E-35
      34.10000   -6.4672E-31   -1.7947E-37   -9.5011E-35
      34.20000   -6.4904E-31   -1.7979E-37   -9.5502E-35
      34.30000   -6.5136E-31   -1.8010E-37   -9.5993E-35
      34.40000   -6.5367E-31   -1.8041E-37   -9.6483E-35
      34.50000   -6.5598E-31   -1.8071E-37   -9.6972E-35
      34.60000   -6.5830E-31   -1.8100E-37   -9.7462E-35
      34.70000   -6.6061E-31   -1.8129E-37   -9.7952E-35
      34.80000   -6.6294E-31   -1.8159E-37   -9.8444E-35
      34.90000   -6.6523E-31   -1.8189E-37   -9.8930E-35
      35.00000   -6.6748E-31   -1.8219E-37   -9.9405E-35
      35.10000   -6.6969E-31   -1.8250E-37   -9.9873E-35
      35.20000   -6.7187E-31   -1.8281E-37   -1.0033E-34
      35.30000   -6.7402E-31   -1.8314E-37   -1.0079E-34
      35.40000   -6.7613E-31   -1.8347E-37   -1.0124E-34
      35.50000   -6.7822E-31   -1.8381E-37   -1.0168E-34
      35.60000   -6.8027E-31   -1.8416E-37   -1.0211E-34
      35.70000   -6.8229E-31   -1.8452E-37   -1.0254E-34
      35.80000   -6.8425E-31   -1.8489E-37   -1.0297E-34
      35.90000   -6.8615E-31   -1.8527E-37   -1.0340E-34
      36.00000   -6.8799E-31   -1.8566E-37   -1.0382E-34
      36.10000   -6.8978E-31   -1.8607E-37   -1.0424E-34
      36.20000   -6.9151E-31   -1.8648E-37   -1.0466E-34
      36.30000   -6.9319E-31   -1.8691E-37   -1.0508E-34
      36.40000   -6.9482E-31   -1.8736E-37   -1.0550E-34
      36.50000   -6.9640E-31   -1.8781E-37   -1.0591E-34
      36.60000   -6.9793E-31   -1.8828E-37   -1.0633E-34
      36.70000   -6.9942E-31   -1.8877E-37   -1.0674E-34
      36.80000   -7.0086E-31   -1.8927E-37   -1.0715E-34
      36.90000   -7.0226E-31   -1.8979E-37   -1.0756E-34
      37.00000   -7.0362E-31   -1.9032E-37   -1.0797E-34
      37.10000   -7.0494E-31   -1.9087E-37   -1.0838E-34
      37.20000   -7.0622E-31   -1.9143E-37   -1.0878E-34
      37.30000   -7.0746E-31   -1.9201E-37   -1.0919E-34
      37.40000   -7.0867E-31   -1.9261E-37   -1.0959E-34
      37.50000   -7.0984E-31   -1.9323E-37   -1.1000E-34
      37.60000   -7.1098E-31   -1.9387E-37   -1.1040E-34
      37.70000   -7.1208E-31   -1.9452E-37   -1.1080E-34
      37.80000   -7.1315E-31   -1.9520E-37   -1.1120E-34
      37.90000   -7.1419E-31   -1.9589E-37   -1.1160E-34
      38.00000   -7.1520E-31   -1.9660E-37   -1.1200E-34
      38.10000   -7.1619E-31   -1.9734E-37   -1.1240E-34
      38.20000   -7.1716E-31   -1.9809E-37   -1.1280E-34
      38.30000   -7.1812E-31   -1.9886E-37   -1.1319E-34
      38.40000   -7.1906E-31   -1.9965E-37   -1.1357E-34
      38.50000   -7.1999E-31   -2.0046E-37   -1.1396E-34
      38.60000   -7.2088E-31   -2.0129E-37   -1.1435E-34
      38.70000   -7.2176E-31   -2.0215E-37   -1.1473E-34
      38.80000   -7.2261E-31   -2.0303E-37   -1.1512E-34
      38.90000   -7.2343E-31   -2.0393E-37   -1.1550E-34
      39.00000   -7.2424E-31   -2.0486E-37   -1.1589E-34
      39.10000   -7.2502E-31   -2.0581E-37   -1.1627E-34
      39.20000   -7.2578E-31   -2.0679E-37   -1.1666E-34
      39.30000   -7.2652E-31   -2.0780E-37   -1.1704E-34
      39.40000   -7.2725E-31   -2.0883E-37   -1.1742E-34
      39.50000   -7.2795E-31   -2.0990E-37   -1.1781E-34
      39.60000   -7.2864E-31   -2.1098E-37   -1.1820E-34
      39.70000   -7.2931E-31   -2.1210E-37   -1.1858E-34
      39.80000   -7.2996E-31   -2.1325E-37   -1.1897E-34
      39.90000   -7.3059E-31   -2.1443E-37   -1.1935E-34
      40.00000   -7.3121E-31   -2.1563E-37   -1.1974E-34
      40.10000   -7.3182E-31   -2.1687E-37   -1.2012E-34
      40.20000   -7.3241E-31   -2.1815E-37   -1.2051E-34
      40.30000   -7.3298E-31   -2.1945E-37   -1.2090E-34
      40.40000   -7.3355E-31   -2.2079E-37   -1.2129E-34
      40.50000   -7.3410E-31   -2.2216E-37   -1.2167E-34
      40.60000   -7.3463E-31   -2.2356E-37   -1.2206E-34
      40.70000   -7.3516E-31   -2.2500E-37   -1.2245E-34
      40.80000   -7.3567E-31   -2.2648E-37   -1.2284E-34
      40.90000   -7.3618E-31   -2.2799E-37   -1.2323E-34
      41.00000   -7.3668E-31   -2.2952E-37   -1.2361E-34
      41.10000   -7.3718E-31   -2.3109E-37   -1.2399E-34
      41.20000   -7.3767E-31   -2.3269E-37   -1.2437E-34
      41.30000   -7.3816E-31   -2.3432E-37   -1.2474E-34
      41.40000   -7.3865E-31   -2.3597E-37   -1.2511E-34
      41.50000   -7.3913E-31   -2.3766E-37   -1.2548E-34
      41.60000   -7.3962E-31   -2.3938E-37   -1.2585E-34
      41.70000   -7.4010E-31   -2.4112E-37   -1.2622E-34
      41.80000   -7.4058E-31   -2.4284E-37   -1.2658E-34
      41.90000   -7.4106E-31   -2.4453E-37   -1.2695E-34
      42.00000   -7.4154E-31   -2.4617E-37   -1.2732E-34
      42.10000   -7.4202E-31   -2.4778E-37   -1.2769E-34
      42.20000   -7.4251E-31   -2.4934E-37   -1.2806E-34
      42.30000   -7.4300E-31   -2.5086E-37   -1.2843E-34
      42.40000   -7.4349E-31   -2.5234E-37   -1.2881E-34
      42.50000   -7.4398E-31   -2.5378E-37   -1.2918E-34
      42.60000   -7.4448E-31   -2.5519E-37   -1.2956E-34
      42.70000   -7.4498E-31   -2.5656E-37   -1.2995E-34
      42.80000   -7.4547E-31   -2.5789E-37   -1.3034E-34
      42.90000   -7.4596E-31   -2.5920E-37   -1.3073E-34
      43.00000   -7.4645E-31   -2.6047E-37   -1.3113E-34
      43.10000   -7.4693E-31   -2.6170E-37   -1.3154E-34
      43.20000   -7.4741E-31   -2.6291E-37   -1.3195E-34
      43.30000   -7.4789E-31   -2.6408E-37   -1.3236E-34
      43.40000   -7.4837E-31   -2.6522E-37   -1.3279E-34
      43.50000   -7.4885E-31   -2.6633E-37   -1.3321E-34
      43.60000   -7.4932E-31   -2.6741E-37   -1.3365E-34
      43.70000   -7.4979E-31   -2.6846E-37   -1.3409E-34
      43.80000   -7.5026E-31   -2.6947E-37   -1.3453E-34
      43.90000   -7.5073E-31   -2.7046E-37   -1.3498E-34
      44.00000   -7.5120E-31   -2.7141E-37   -1.3544E-34
      44.10000   -7.5167E-31   -2.7233E-37   -1.3591E-34
      44.20000   -7.5214E-31   -2.7322E-37   -1.3637E-34
      44.30000   -7.5260E-31   -2.7409E-37   -1.3685E-34
      44.40000   -7.5307E-31   -2.7492E-37   -1.3733E-34
      44.50000   -7.5354E-31   -2.7572E-37   -1.3782E-34
      44.60000   -7.5401E-31   -2.7649E-37   -1.3831E-34
      44.70000   -7.5448E-31   -2.7724E-37   -1.3881E-34
      44.80000   -7.5495E-31   -2.7795E-37   -1.3931E-34
      44.90000   -7.5543E-31   -2.7864E-37   -1.3982E-34
      45.00000   -7.5590E-31   -2.7931E-37   -1.4033E-34
      45.10000   -7.5638E-31   -2.7994E-37   -1.4085E-34
      45.20000   -7.5687E-31   -2.8055E-37   -1.4138E-34
      45.30000   -7.5736E-31   -2.8114E-37   -1.4191E-34
      45.40000   -7.5785E-31   -2.8170E-37   -1.4244E-34
      45.50000   -7.5835E-31   -2.8223E-37   -1.4298E-34
      45.60000   -7.5885E-31   -2.8274E-37   -1.4352E-34
      45.70000   -7.5936E-31   -2.8323E-37   -1.4407E-34
      45.80000   -7.5987E-31   -2.8370E-37   -1.4462E-34
      45.90000   -7.6039E-31   -2.8415E-37   -1.4518E-34
      46.00000   -7.6092E-31   -2.8457E-37   -1.4574E-34
      46.10000   -7.6145E-31   -2.8497E-37   -1.4631E-34
      46.20000   -7.6200E-31   -2.8536E-37   -1.4687E-34
      46.30000   -7.6255E-31   -2.8573E-37   -1.4745E-34
      46.40000   -7.6311E-31   -2.8607E-37   -1.4802E-34
      46.50000   -7.6369E-31   -2.8641E-37   -1.4860E-34
      46.60000   -7.6427E-31   -2.8672E-37   -1.4919E-34
      46.70000   -7.6487E-31   -2.8702E-37   -1.4977E-34
      46.80000   -7.6548E-31   -2.8731E-37   -1.5036E-34
      46.90000   -7.6610E-31   -2.8758E-37   -1.5095E-34
      47.00000   -7.6675E-31   -2.8784E-37   -1.5154E-34
      47.10000   -7.6740E-31   -2.8808E-37   -1.5213E-34
      47.20000   -7.6808E-31   -2.8831E-37   -1.5273E-34
      47.30000   -7.6877E-31   -2.8854E-37   -1.5332E-34
      47.40000   -7.6948E-31   -2.8875E-37   -1.5392E-34
      47.50000   -7.7021E-31   -2.8895E-37   -1.5452E-34
      47.60000   -7.7097E-31   -2.8914E-37   -1.5512E-34
      47.70000   -7.7174E-31   -2.8932E-37   -1.5572E-34
      47.80000   -7.7254E-31   -2.8949E-37   -1.5632E-34
      47.90000   -7.7335E-31   -2.8965E-37   -1.5693E-34
      48.00000   -7.7416E-31   -2.8980E-37   -1.5755E-34
      48.10000   -7.7499E-31   -2.8994E-37   -1.5817E-34
      48.20000   -7.7582E-31   -2.9007E-37   -1.5880E-34
      48.30000   -7.7666E-31   -2.9019E-37   -1.5944E-34
      48.40000   -7.7751E-31   -2.9030E-37   -1.6008E-34
      48.50000   -7.7838E-31   -2.9040E-37   -1.6074E-34
      48.60000   -7.7926E-31   -2.9050E-37   -1.6140E-34
      48.70000   -7.8014E-31   -2.9060E-37   -1.6207E-34
      48.80000   -7.8102E-31   -2.9069E-37   -1.6273E-34
      48.90000   -7.8189E-31   -2.9079E-37   -1.6339E-34
      49.00000   -7.8277E-31   -2.9089E-37   -1.6405E-34
      49.10000   -7.8365E-31   -2.9100E-37   -1.6472E-34
      49.20000   -7.8452E-31   -2.9111E-37   -1.6538E-34
      49.30000   -7.8540E-31   -2.9123E-37   -1.6604E-34
      49.40000   -7.8628E-31   -2.9136E-37   -1.6670E-34
      49.50000   -7.8715E-31   -2.9150E-37   -1.6737E-34
      49.60000   -7.8803E-31   -2.9164E-37   -1.6803E-34
      49.70000   -7.8892E-31   -2.9180E-37   -1.6868E-34
      49.80000   -7.8984E-31   -2.9197E-37   -1.6933E-34
      49.90000   -7.9076E-31   -2.9215E-37   -1.6997E-34
      50.00000   -7.9170E-31   -2.9234E-37   -1.7060E-34
      50.10000   -7.9266E-31   -2.9254E-37   -1.7122E-34
      50.20000   -7.9363E-31   -2.9276E-37   -1.7183E-34
      50.30000   -7.9462E-31   -2.9298E-37   -1.7244E-34
      50.40000   -7.9563E-31   -2.9322E-37   -1.7304E-34
      50.50000   -7.9665E-31   -2.9348E-37   -1.7363E-34
      50.60000   -7.9768E-31   -2.9374E-37   -1.7422E-34
      50.70000   -7.9873E-31   -2.9402E-37   -1.7479E-34
      50.80000   -7.9979E-31   -2.9432E-37   -1.7536E-34
      50.90000   -8.0087E-31   -2.9463E-37   -1.7592E-34
      51.00000   -8.0196E-31   -2.9495E-37   -1.7648E-34
      51.10000   -8.0306E-31   -2.9528E-37   -1.7702E-34
      51.20000   -8.0418E-31   -2.9563E-37   -1.7756E-34
      51.30000   -8.0531E-31   -2.9600E-37   -1.7809E-34
      51.40000   -8.0645E-31   -2.9638E-37   -1.7862E-34
      51.50000   -8.0760E-31   -2.9678E-37   -1.7914E-34
      51.60000   -8.0877E-31   -2.9719E-37   -1.7965E-34
      51.70000   -8.0995E-31   -2.9762E-37   -1.8016E-34
      51.80000   -8.1114E-31   -2.9807E-37   -1.8066E-34
      51.90000   -8.1234E-31   -2.9853E-37   -1.8115E-34
      52.00000   -8.1356E-31   -2.9902E-37   -1.8164E-34
      52.10000   -8.1477E-31   -2.9952E-37   -1.8212E-34
      52.20000   -8.1598E-31   -3.0004E-37   -1.8260E-34
      52.30000   -8.1718E-31   -3.0058E-37   -1.8309E-34
      52.40000   -8.1839E-31   -3.0114E-37   -1.8356E-34
      52.50000   -8.1962E-31   -3.0173E-37   -1.8403E-34
      52.60000   -8.2085E-31   -3.0233E-37   -1.8450E-34
      52.70000   -8.2209E-31   -3.0295E-37   -1.8496E-34
      52.80000   -8.2335E-31   -3.0360E-37   -1.8542E-34
      52.90000   -8.2461E-31   -3.0427E-37   -1.8587E-34
      53.00000   -8.2588E-31   -3.0497E-37   -1.8632E-34
      53.10000   -8.2717E-31   -3.0569E-37   -1.8676E-34
      53.20000   -8.2846E-31   -3.0643E-37   -1.8720E-34
      53.30000   -8.2977E-31   -3.0720E-37   -1.8764E-34
      53.40000   -8.3109E-31   -3.0800E-37   -1.8807E-34
      53.50000   -8.3241E-31   -3.0882E-37   -1.8850E-34
      53.60000   -8.3375E-31   -3.0968E-37   -1.8893E-34
      53.70000   -8.3510E-31   -3.1057E-37   -1.8935E-34
      53.80000   -8.3646E-31   -3.1149E-37   -1.8977E-34
      53.90000   -8.3784E-31   -3.1244E-37   -1.9019E-34
      54.00000   -8.3923E-31   -3.1343E-37   -1.9061E-34
      54.10000   -8.4063E-31   -3.1446E-37   -1.9103E-34
      54.20000   -8.4205E-31   -3.1553E-37   -1.9144E-34
      54.30000   -8.4348E-31   -3.1664E-37   -1.9185E-34
      54.40000   -8.4493E-31   -3.1780E-37   -1.9227E-34
      54.50000   -8.4640E-31   -3.1901E-37   -1.9268E-34
      54.60000   -8.4789E-31   -3.2028E-37   -1.9310E-34
      54.70000   -8.4940E-31   -3.2161E-37   -1.9351E-34
      54.80000   -8.5094E-31   -3.2302E-37   -1.9394E-34
      54.90000   -8.5249E-31   -3.2452E-37   -1.9436E-34
      55.00000   -8.5408E-31   -3.2612E-37   -1.9480E-34
      55.10000   -8.5571E-31   -3.2785E-37   -1.9525E-34
      55.20000   -8.5740E-31   -3.2975E-37   -1.9571E-34
      55.30000   -8.5919E-31   -3.3190E-37   -1.9620E-34
      55.40000   -8.6107E-31   -3.3430E-37   -1.9672E-34
      55.50000   -8.6281E-31   -3.3646E-37   -1.9719E-34
      55.60000   -8.6444E-31   -3.3841E-37   -1.9764E-34
      55.70000   -8.6600E-31   -3.4022E-37   -1.9807E-34
      55.80000   -8.6752E-31   -3.4192E-37   -1.9848E-34
      55.90000   -8.6900E-31   -3.4350E-37   -1.9889E-34
      56.00000   -8.7046E-31   -3.4500E-37   -1.9929E-34
      56.10000   -8.7191E-31   -3.4641E-37   -1.9969E-34
      56.20000   -8.7334E-31   -3.4775E-37   -2.0008E-34
      56.30000   -8.7475E-31   -3.4903E-37   -2.0047E-34
      56.40000   -8.7616E-31   -3.5025E-37   -2.0085E-34
      56.50000   -8.7756E-31   -3.5142E-37   -2.0124E-34
      56.60000   -8.7895E-31   -3.5254E-37   -2.0162E-34
      56.70000   -8.8035E-31   -3.5360E-37   -2.0200E-34
      56.80000   -8.8175E-31   -3.5463E-37   -2.0237E-34
      56.90000   -8.8316E-31   -3.5560E-37   -2.0275E-34
      57.00000   -8.8456E-31   -3.5654E-37   -2.0312E-34
      57.10000   -8.8597E-31   -3.5744E-37   -2.0349E-34
      57.20000   -8.8739E-31   -3.5831E-37   -2.0386E-34
      57.30000   -8.8881E-31   -3.5913E-37   -2.0423E-34
      57.40000   -8.9024E-31   -3.5993E-37   -2.0459E-34
      57.50000   -8.9168E-31   -3.6070E-37   -2.0496E-34
      57.60000   -8.9312E-31   -3.6143E-37   -2.0532E-34
      57.70000   -8.9457E-31   -3.6214E-37   -2.0569E-34
      57.80000   -8.9603E-31   -3.6282E-37   -2.0605E-34
      57.90000   -8.9749E-31   -3.6347E-37   -2.0641E-34
      58.00000   -8.9896E-31   -3.6410E-37   -2.0678E-34
      58.10000   -9.0045E-31   -3.6471E-37   -2.0714E-34
      58.20000   -9.0194E-31   -3.6529E-37   -2.0750E-34
      58.30000   -9.0344E-31   -3.6585E-37   -2.0786E-34
      58.40000   -9.0495E-31   -3.6639E-37   -2.0823E-34
      58.50000   -9.0647E-31   -3.6690E-37   -2.0859E-34
      58.60000   -9.0800E-31   -3.6740E-37   -2.0895E-34
      58.70000   -9.0954E-31   -3.6788E-37   -2.0931E-34
      58.80000   -9.1109E-31   -3.6834E-37   -2.0967E-34
      58.90000   -9.1265E-31   -3.6879E-37   -2.1003E-34
      59.00000   -9.1422E-31   -3.6921E-37   -2.1040E-34
      59.10000   -9.1579E-31   -3.6963E-37   -2.1076E-34
      59.20000   -9.1737E-31   -3.7002E-37   -2.1112E-34
      59.30000   -9.1896E-31   -3.7040E-37   -2.1149E-34
      59.40000   -9.2055E-31   -3.7077E-37   -2.1186E-34
      59.50000   -9.2216E-31   -3.7112E-37   -2.1222E-34
      59.60000   -9.2378E-31   -3.7146E-37   -2.1259E-34
      59.70000   -9.2541E-31   -3.7178E-37   -2.1295E-34
      59.80000   -9.2705E-31   -3.7210E-37   -2.1332E-34
      59.90000   -9.2871E-31   -3.7240E-37   -2.1369E-34
      60.00000   -9.3037E-31   -3.7269E-37   -2.1406E-34
      60.10000   -9.3205E-31   -3.7296E-37   -2.1442E-34
      60.20000   -9.3374E-31   -3.7323E-37   -2.1479E-34
      60.30000   -9.3544E-31   -3.7349E-37   -2.1516E-34
      60.40000   -9.3715E-31   -3.7373E-37   -2.1553E-34
      60.50000   -9.3887E-31   -3.7397E-37   -2.1590E-34
      60.60000   -9.4060E-31   -3.7420E-37   -2.1627E-34
      60.70000   -9.4235E-31   -3.7442E-37   -2.1664E-34
      60.80000   -9.4410E-31   -3.7463E-37   -2.1701E-34
      60.90000   -9.4587E-31   -3.7483E-37   -2.1738E-34
      61.00000   -9.4764E-31   -3.7503E-37   -2.1774E-34
      61.10000   -9.4943E-31   -3.7521E-37   -2.1811E-34
      61.20000   -9.5123E-31   -3.7539E-37   -2.1848E-34
      61.30000   -9.5304E-31   -3.7557E-37   -2.1885E-34
      61.40000   -9.5485E-31   -3.7573E-37   -2.1922E-34
      61.50000   -9.5668E-31   -3.7590E-37   -2.1959E-34
      61.60000   -9.5852E-31   -3.7605E-37   -2.1996E-34
      61.70000   -9.6036E-31   -3.7620E-37   -2.2032E-34
      61.80000   -9.6221E-31   -3.7634E-37   -2.2069E-34
      61.90000   -9.6405E-31   -3.7648E-37   -2.2106E-34
      62.00000   -9.6590E-31   -3.7662E-37   -2.2142E-34
      62.10000   -9.6774E-31   -3.7674E-37   -2.2179E-34
      62.20000   -9.6958E-31   -3.7687E-37   -2.2216E-34
      62.30000   -9.7142E-31   -3.7699E-37   -2.2252E-34
      62.40000   -9.7327E-31   -3.7711E-37   -2.2289E-34
      62.50000   -9.7511E-31   -3.7722E-37   -2.2326E-34
      62.60000   -9.7695E-31   -3.7734E-37   -2.2362E-34
      62.70000   -9.7877E-31   -3.7746E-37   -2.2398E-34
      62.80000   -9.8054E-31   -3.7759E-37   -2.2433E-34
      62.90000   -9.8229E-31   -3.7773E-37   -2.2468E-34
      63.00000   -9.8401E-31   -3.7788E-37   -2.2502E-34
      63.10000   -9.8570E-31   -3.7804E-37   -2.2536E-34
      63.20000   -9.8737E-31   -3.7822E-37   -2.2569E-34
      63.30000   -9.8901E-31   -3.7840E-37   -2.2602E-34
      63.40000   -9.9063E-31   -3.7860E-37   -2.2634E-34
      63.50000   -9.9223E-31   -3.7881E-37   -2.2666E-34
      63.60000   -9.9381E-31   -3.7904E-37   -2.2697E-34
      63.70000   -9.9537E-31   -3.7927E-37   -2.2728E-34
      63.80000   -9.9691E-31   -3.7953E-37   -2.2758E-34
      63.90000   -9.9844E-31   -3.7979E-37   -2.2788E-34
      64.00000   -9.9995E-31   -3.8008E-37   -2.2817E-34
      64.10000   -1.0014E-30   -3.8037E-37   -2.2846E-34
      64.20000   -1.0029E-30   -3.8069E-37   -2.2875E-34
      64.30000   -1.0044E-30   -3.8102E-37   -2.2903E-34
      64.40000   -1.0058E-30   -3.8136E-37   -2.2931E-34
      64.50000   -1.0073E-30   -3.8172E-37   -2.2958E-34
      64.60000   -1.0087E-30   -3.8210E-37   -2.2985E-34
      64.70000   -1.0101E-30   -3.8250E-37   -2.3012E-34
      64.80000   -1.0115E-30   -3.8291E-37   -2.3038E-34
      64.90000   -1.0129E-30   -3.8334E-37   -2.3064E-34
      65.00000   -1.0142E-30   -3.8379E-37   -2.3090E-34
      65.10000   -1.0156E-30   -3.8426E-37   -2.3115E-34
      65.20000   -1.0169E-30   -3.8475E-37   -2.3140E-34
      65.30000   -1.0182E-30   -3.8526E-37   -2.3165E-34
      65.40000   -1.0196E-30   -3.8578E-37   -2.3189E-34
      65.50000   -1.0209E-30   -3.8633E-37   -2.3213E-34
      65.60000   -1.0221E-30   -3.8690E-37   -2.3237E-34
      65.70000   -1.0234E-30   -3.8749E-37   -2.3261E-34
      65.80000   -1.0247E-30   -3.8810E-37   -2.3284E-34
      65.90000   -1.0259E-30   -3.8873E-37   -2.3308E-34
      66.00000   -1.0272E-30   -3.8939E-37   -2.3331E-34
      66.10000   -1.0284E-30   -3.9006E-37   -2.3353E-34
      66.20000   -1.0296E-30   -3.9076E-37   -2.3376E-34
      66.30000   -1.0308E-30   -3.9149E-37   -2.3398E-34
      66.40000   -1.0320E-30   -3.9223E-37   -2.3420E-34
      66.50000   -1.0332E-30   -3.9301E-37   -2.3442E-34
      66.60000   -1.0344E-30   -3.9380E-37   -2.3464E-34
      66.70000   -1.0356E-30   -3.9462E-37   -2.3485E-34
      66.80000   -1.0367E-30   -3.9547E-37   -2.3507E-34
      66.90000   -1.0379E-30   -3.9635E-37   -2.3528E-34
      67.00000   -1.0390E-30   -3.9725E-37   -2.3549E-34
      67.10000   -1.0402E-30   -3.9817E-37   -2.3570E-34
      67.20000   -1.0413E-30   -3.9913E-37   -2.3591E-34
      67.30000   -1.0424E-30   -4.0011E-37   -2.3611E-34
      67.40000   -1.0435E-30   -4.0113E-37   -2.3632E-34
      67.50000   -1.0446E-30   -4.0217E-37   -2.3652E-34
      67.60000   -1.0457E-30   -4.0324E-37   -2.3672E-34
      67.70000   -1.0468E-30   -4.0434E-37   -2.3692E-34
      67.80000   -1.0478E-30   -4.0548E-37   -2.3712E-34
      67.90000   -1.0489E-30   -4.0665E-37   -2.3732E-34
      68.00000   -1.0500E-30   -4.0784E-37   -2.3752E-34
      68.10000   -1.0510E-30   -4.0908E-37   -2.3772E-34
      68.20000   -1.0520E-30   -4.1034E-37   -2.3791E-34
      68.30000   -1.0531E-30   -4.1164E-37   -2.3811E-34
      68.40000   -1.0541E-30   -4.1298E-37   -2.3830E-34
      68.50000   -1.0551E-30   -4.1435E-37   -2.3849E-34
      68.60000   -1.0561E-30   -4.1577E-37   -2.3869E-34
      68.70000   -1.0571E-30   -4.1721E-37   -2.3888E-34
      68.80000   -1.0581E-30   -4.1870E-37   -2.3907E-34
      68.90000   -1.0591E-30   -4.2022E-37   -2.3926E-34
      69.00000   -1.0601E-30   -4.2178E-37   -2.3945E-34
      69.10000   -1.0611E-30   -4.2338E-37   -2.3963E-34
      69.20000   -1.0620E-30   -4.2503E-37   -2.3982E-34
      69.30000   -1.0630E-30   -4.2671E-37   -2.4001E-34
      69.40000   -1.0640E-30   -4.2843E-37   -2.4019E-34
      69.50000   -1.0649E-30   -4.3018E-37   -2.4038E-34
      69.60000   -1.0659E-30   -4.3194E-37   -2.4056E-34
      69.70000   -1.0669E-30   -4.3370E-37   -2.4075E-34
      69.80000   -1.0679E-30   -4.3545E-37   -2.4094E-34
      69.90000   -1.0689E-30   -4.3718E-37   -2.4113E-34
      70.00000   -1.0699E-30   -4.3889E-37   -2.4132E-34
      70.10000   -1.0709E-30   -4.4059E-37   -2.4152E-34
      70.20000   -1.0719E-30   -4.4228E-37   -2.4171E-34
      70.30000   -1.0730E-30   -4.4395E-37   -2.4191E-34
      70.40000   -1.0740E-30   -4.4561E-37   -2.4212E-34
      70.50000   -1.0751E-30   -4.4725E-37   -2.4232E-34
      70.60000   -1.0762E-30   -4.4888E-37   -2.4253E-34
      70.70000   -1.0772E-30   -4.5051E-37   -2.4274E-34
      70.80000   -1.0783E-30   -4.5212E-37   -2.4295E-34
      70.90000   -1.0794E-30   -4.5372E-37   -2.4317E-34
      71.00000   -1.0805E-30   -4.5531E-37   -2.4339E-34
      71.10000   -1.0816E-30   -4.5690E-37   -2.4362E-34
      71.20000   -1.0827E-30   -4.5847E-37   -2.4385E-34
      71.30000   -1.0838E-30   -4.6004E-37   -2.4408E-34
      71.40000   -1.0850E-30   -4.6159E-37   -2.4432E-34
      71.50000   -1.0861E-30   -4.6313E-37   -2.4456E-34
      71.60000   -1.0872E-30   -4.6467E-37   -2.4481E-34
      71.70000   -1.0884E-30   -4.6619E-37   -2.4506E-34
      71.80000   -1.0895E-30   -4.6771E-37   -2.4532E-34
      71.90000   -1.0906E-30   -4.6921E-37   -2.4558E-34
      72.00000   -1.0918E-30   -4.7071E-37   -2.4585E-34
      72.10000   -1.0930E-30   -4.7219E-37   -2.4612E-34
      72.20000   -1.0941E-30   -4.7367E-37   -2.4640E-34
      72.30000   -1.0953E-30   -4.7514E-37   -2.4669E-34
      72.40000   -1.0965E-30   -4.7659E-37   -2.4698E-34
      72.50000   -1.0977E-30   -4.7804E-37   -2.4727E-34
      72.60000   -1.0988E-30   -4.7948E-37   -2.4758E-34
      72.70000   -1.1000E-30   -4.8090E-37   -2.4789E-34
      72.80000   -1.1012E-30   -4.8232E-37   -2.4821E-34
      72.90000   -1.1024E-30   -4.8373E-37   -2.4853E-34
      73.00000   -1.1036E-30   -4.8511E-37   -2.4886E-34
      73.10000   -1.1048E-30   -4.8648E-37   -2.4919E-34
      73.20000   -1.1061E-30   -4.8783E-37   -2.4953E-34
      73.30000   -1.1073E-30   -4.8917E-37   -2.4988E-34
      73.40000   -1.1086E-30   -4.9050E-37   -2.5024E-34
      73.50000   -1.1099E-30   -4.9182E-37   -2.5061E-34
      73.60000   -1.1111E-30   -4.9313E-37   -2.5099E-34
      73.70000   -1.1124E-30   -4.9443E-37   -2.5137E-34
      73.80000   -1.1136E-30   -4.9572E-37   -2.5177E-34
      73.90000   -1.1149E-30   -4.9700E-37   -2.5218E-34
      74.00000   -1.1162E-30   -4.9827E-37   -2.5260E-34
      74.10000   -1.1174E-30   -4.9953E-37   -2.5303E-34
      74.20000   -1.1187E-30   -5.0077E-37   -2.5348E-34
      74.30000   -1.1200E-30   -5.0201E-37   -2.5393E-34
      74.40000   -1.1212E-30   -5.0324E-37   -2.5441E-34
      74.50000   -1.1225E-30   -5.0446E-37   -2.5489E-34
      74.60000   -1.1237E-30   -5.0567E-37   -2.5540E-34
      74.70000   -1.1250E-30   -5.0686E-37   -2.5592E-34
      74.80000   -1.1262E-30   -5.0805E-37   -2.5645E-34
      74.90000   -1.1275E-30   -5.0922E-37   -2.5701E-34
      75.00000   -1.1287E-30   -5.1039E-37   -2.5758E-34
      75.10000   -1.1300E-30   -5.1154E-37   -2.5817E-34
      75.20000   -1.1312E-30   -5.1268E-37   -2.5879E-34
      75.30000   -1.1324E-30   -5.1381E-37   -2.5942E-34
      75.40000   -1.1336E-30   -5.1493E-37   -2.6008E-34
      75.50000   -1.1348E-30   -5.1603E-37   -2.6077E-34
      75.60000   -1.1360E-30   -5.1713E-37   -2.6148E-34
      75.70000   -1.1373E-30   -5.1819E-37   -2.6221E-34
      75.80000   -1.1385E-30   -5.1923E-37   -2.6295E-34
      75.90000   -1.1398E-30   -5.2025E-37   -2.6371E-34
      76.00000   -1.1411E-30   -5.2124E-37   -2.6448E-34
      76.10000   -1.1424E-30   -5.2220E-37   -2.6526E-34
      76.20000   -1.1437E-30   -5.2314E-37   -2.6607E-34
      76.30000   -1.1451E-30   -5.2405E-37   -2.6689E-34
      76.40000   -1.1465E-30   -5.2495E-37   -2.6773E-34
      76.50000   -1.1480E-30   -5.2584E-37   -2.6860E-34
      76.60000   -1.1495E-30   -5.2674E-37   -2.6949E-34
      76.70000   -1.1510E-30   -5.2762E-37   -2.7037E-34
      76.80000   -1.1525E-30   -5.2850E-37   -2.7126E-34
      76.90000   -1.1540E-30   -5.2939E-37   -2.7216E-34
      77.00000   -1.1555E-30   -5.3028E-37   -2.7306E-34
      77.10000   -1.1570E-30   -5.3118E-37   -2.7397E-34
      77.20000   -1.1586E-30   -5.3209E-37   -2.7489E-34
      77.30000   -1.1601E-30   -5.3301E-37   -2.7582E-34
      77.40000   -1.1617E-30   -5.3393E-37   -2.7675E-34
      77.50000   -1.1632E-30   -5.3488E-37   -2.7771E-34
      77.60000   -1.1647E-30   -5.3586E-37   -2.7870E-34
      77.70000   -1.1662E-30   -5.3686E-37   -2.7971E-34
      77.80000   -1.1676E-30   -5.3790E-37   -2.8076E-34
      77.90000   -1.1690E-30   -5.3897E-37   -2.8183E-34
      78.00000   -1.1704E-30   -5.4007E-37   -2.8294E-34
      78.10000   -1.1717E-30   -5.4121E-37   -2.8407E-34
      78.20000   -1.1730E-30   -5.4239E-37   -2.8524E-34
      78.30000   -1.1742E-30   -5.4361E-37   -2.8645E-34
      78.40000   -1.1754E-30   -5.4488E-37   -2.8769E-34
      78.50000   -1.1766E-30   -5.4619E-37   -2.8897E-34
      78.60000   -1.1778E-30   -5.4756E-37   -2.9029E-34
      78.70000   -1.1789E-30   -5.4898E-37   -2.9165E-34
      78.80000   -1.1799E-30   -5.5046E-37   -2.9305E-34
      78.90000   -1.1809E-30   -5.5200E-37   -2.9449E-34
      79.00000   -1.1819E-30   -5.5361E-37   -2.9598E-34
      79.10000   -1.1829E-30   -5.5530E-37   -2.9752E-34
      79.20000   -1.1838E-30   -5.5705E-37   -2.9912E-34
      79.30000   -1.1846E-30   -5.5890E-37   -3.0076E-34
      79.40000   -1.1855E-30   -5.6082E-37   -3.0246E-34
      79.50000   -1.1863E-30   -5.6285E-37   -3.0422E-34
      79.60000   -1.1870E-30   -5.6497E-37   -3.0604E-34
      79.70000   -1.1877E-30   -5.6720E-37   -3.0793E-34
      79.80000   -1.1884E-30   -5.6955E-37   -3.0989E-34
      79.90000   -1.1891E-30   -5.7197E-37   -3.1188E-34
      80.00000   -1.1897E-30   -5.7445E-37   -3.1386E-34
      80.10000   -1.1904E-30   -5.7698E-37   -3.1584E-34
      80.20000   -1.1910E-30   -5.7961E-37   -3.1786E-34
      80.30000   -1.1916E-30   -5.8238E-37   -3.1996E-34
      80.40000   -1.1922E-30   -5.8530E-37   -3.2215E-34
      80.50000   -1.1927E-30   -5.8838E-37   -3.2441E-34
      80.60000   -1.1932E-30   -5.9163E-37   -3.2677E-34
      80.70000   -1.1937E-30   -5.9507E-37   -3.2924E-34
      80.80000   -1.1941E-30   -5.9871E-37   -3.3181E-34
      80.90000   -1.1945E-30   -6.0257E-37   -3.3450E-34
      81.00000   -1.1949E-30   -6.0666E-37   -3.3733E-34
      81.10000   -1.1952E-30   -6.1102E-37   -3.4030E-34
      81.20000   -1.1955E-30   -6.1566E-37   -3.4344E-34
      81.30000   -1.1958E-30   -6.2062E-37   -3.4677E-34
      81.40000   -1.1961E-30   -6.2593E-37   -3.5031E-34
      81.50000   -1.1963E-30   -6.3164E-37   -3.5410E-34
      81.60000   -1.1965E-30   -6.3782E-37   -3.5818E-34
      81.70000   -1.1966E-30   -6.4451E-37   -3.6261E-34
      81.80000   -1.1968E-30   -6.5181E-37   -3.6746E-34
      81.90000   -1.1969E-30   -6.5983E-37   -3.7283E-34
      82.00000   -1.1970E-30   -6.6870E-37   -3.7887E-34
      82.10000   -1.1970E-30   -6.7859E-37   -3.8578E-34
      82.20000   -1.1971E-30   -6.8972E-37   -3.9387E-34
      82.30000   -1.1971E-30   -7.0228E-37   -4.0363E-34
      82.40000   -1.1971E-30   -7.1636E-37   -4.1574E-34
      82.50000   -1.1972E-30   -7.3154E-37   -4.3057E-34
      82.60000   -1.1972E-30   -7.4728E-37   -4.4619E-34
      82.70000   -1.1972E-30   -7.6356E-37   -4.6172E-34
      82.80000   -1.1972E-30   -7.8038E-37   -4.7716E-34
      82.90000   -1.1972E-30   -7.9775E-37   -4.9251E-34
      83.00000   -1.1972E-30   -8.1570E-37   -5.0778E-34
      83.10000   -1.1972E-30   -8.3423E-37   -5.2297E-34
      83.20000   -1.1972E-30   -8.5334E-37   -5.3806E-34
      83.30000   -1.1972E-30   -8.7308E-37   -5.5315E-34
      83.40000   -1.1972E-30   -8.9323E-37   -5.6828E-34
      83.50000   -1.1972E-30   -9.1344E-37   -5.8343E-34
      83.60000   -1.1972E-30   -9.3331E-37   -5.9853E-34
      83.70000   -1.1972E-30   -9.5259E-37   -6.1360E-34
      83.80000   -1.1972E-30   -9.7127E-37   -6.2876E-34
      83.90000   -1.1972E-30   -9.8938E-37   -6.4400E-34
      84.00000   -1.1972E-30   -1.0069E-36   -6.5933E-34
      84.10000   -1.1972E-30   -1.0239E-36   -6.7474E-34
      84.20000   -1.1972E-30   -1.0403E-36   -6.9024E-34
      84.30000   -1.1972E-30   -1.0562E-36   -7.0582E-34
      84.40000   -1.1972E-30   -1.0716E-36   -7.2150E-34
      84.50000   -1.1972E-30   -1.0864E-36   -7.3726E-34
      84.60000   -1.1972E-30   -1.1008E-36   -7.5310E-34
      84.70000   -1.1972E-30   -1.1146E-36   -7.6903E-34
      84.80000   -1.1972E-30   -1.1280E-36   -7.8506E-34
      84.90000   -1.1972E-30   -1.1409E-36   -8.0116E-34
      85.00000   -1.1972E-30   -1.1534E-36   -8.1736E-34
      85.10000   -1.1972E-30   -1.1654E-36   -8.3364E-34
      85.20000   -1.1972E-30   -1.1770E-36   -8.5001E-34
      85.30000   -1.1972E-30   -1.1881E-36   -8.6646E-34
      85.40000   -1.1972E-30   -1.1989E-36   -8.8300E-34
      85.50000   -1.1972E-30   -1.2092E-36   -8.9962E-34
      85.60000   -1.1972E-30   -1.2191E-36   -9.1633E-34
      85.70000   -1.1972E-30   -1.2287E-36   -9.3312E-34
      85.80000   -1.1972E-30   -1.2379E-36   -9.4999E-34
      85.90000   -1.1972E-30   -1.2467E-36   -9.6694E-34
      86.00000   -1.1972E-30   -1.2552E-36   -9.8398E-34
      86.10000   -1.1972E-30   -1.2633E-36   -1.0011E-33
      86.20000   -1.1972E-30   -1.2711E-36   -1.0183E-33
      86.30000   -1.1972E-30   -1.2788E-36   -1.0357E-33
      86.40000   -1.1972E-30   -1.2864E-36   -1.0532E-33
      86.50000   -1.1972E-30   -1.2941E-36   -1.0706E-33
      86.60000   -1.1972E-30   -1.3019E-36   -1.0879E-33
      86.70000   -1.1972E-30   -1.3100E-36   -1.1050E-33
      86.80000   -1.1972E-30   -1.3185E-36   -1.1220E-33
      86.90000   -1.1972E-30   -1.3273E-36   -1.1390E-33
      87.00000   -1.1972E-30   -1.3365E-36   -1.1558E-33
      87.10000   -1.1972E-30   -1.3461E-36   -1.1726E-33
      87.20000   -1.1972E-30   -1.3560E-36   -1.1893E-33
      87.30000   -1.1972E-30   -1.3664E-36   -1.2059E-33
      87.40000   -1.1972E-30   -1.3771E-36   -1.2225E-33
      87.50000   -1.1972E-30   -1.3883E-36   -1.2389E-33
      87.60000   -1.1972E-30   -1.3999E-36   -1.2553E-33
      87.70000   -1.1972E-30   -1.4119E-36   -1.2716E-33
      87.80000   -1.1972E-30   -1.4244E-36   -1.2877E-33
      87.90000   -1.1972E-30   -1.4373E-36   -1.3038E-33
      88.00000   -1.1972E-30   -1.4507E-36   -1.3198E-33
      88.10000   -1.1972E-30   -1.4646E-36   -1.3358E-33
      88.20000   -1.1972E-30   -1.4790E-36   -1.3516E-33
      88.30000   -1.1972E-30   -1.4939E-36   -1.3673E-33
      88.40000   -1.1972E-30   -1.5094E-36   -1.3830E-33
      88.50000   -1.1972E-30   -1.5253E-36   -1.3986E-33
      88.60000   -1.1972E-30   -1.5418E-36   -1.4141E-33
      88.70000   -1.1972E-30   -1.5588E-36   -1.4294E-33
      88.80000   -1.1972E-30   -1.5765E-36   -1.4448E-33
      88.90000   -1.1973E-30   -1.5946E-36   -1.4600E-33
      89.00000   -1.1973E-30   -1.6134E-36   -1.4751E-33
      89.10000   -1.1973E-30   -1.6328E-36   -1.4902E-33
      89.20000   -1.1973E-30   -1.6527E-36   -1.5052E-33
      89.30000   -1.1973E-30   -1.6731E-36   -1.5204E-33
      89.40000   -1.1973E-30   -1.6934E-36   -1.5355E-33
      89.50000   -1.1973E-30   -1.7133E-36   -1.5505E-33
      89.60000   -1.1973E-30   -1.7326E-36   -1.5656E-33
      89.70000   -1.1973E-30   -1.7513E-36   -1.5808E-33
      89.80000   -1.1973E-30   -1.7694E-36   -1.5960E-33
      89.90000   -1.1973E-30   -1.7870E-36   -1.6113E-33
      90.00000   -1.1973E-30   -1.8040E-36   -1.6267E-33
      90.10000   -1.1973E-30   -1.8205E-36   -1.6422E-33
      90.20000   -1.1973E-30   -1.8364E-36   -1.6578E-33
      90.30000   -1.1973E-30   -1.8518E-36   -1.6735E-33
      90.40000   -1.1973E-30   -1.8667E-36   -1.6892E-33
      90.50000   -1.1973E-30   -1.8811E-36   -1.7051E-33
      90.60000   -1.1973E-30   -1.8950E-36   -1.7210E-33
      90.70000   -1.1973E-30   -1.9084E-36   -1.7370E-33
      90.80000   -1.1973E-30   -1.9213E-36   -1.7531E-33
      90.90000   -1.1973E-30   -1.9338E-36   -1.7693E-33
      91.00000   -1.1973E-30   -1.9459E-36   -1.7856E-33
      91.10000   -1.1973E-30   -1.9575E-36   -1.8020E-33
      91.20000   -1.1973E-30   -1.9687E-36   -1.8185E-33
      91.30000   -1.1973E-30   -1.9795E-36   -1.8350E-33
      91.40000   -1.1973E-30   -1.9898E-36   -1.8516E-33
      91.50000   -1.1973E-30   -1.9998E-36   -1.8683E-33
      91.60000   -1.1973E-30   -2.0094E-36   -1.8851E-33
      91.70000   -1.1973E-30   -2.0186E-36   -1.9020E-33
      91.80000   -1.1973E-30   -2.0275E-36   -1.9190E-33
      91.90000   -1.1973E-30   -2.0360E-36   -1.9360E-33
      92.00000   -1.1973E-30   -2.0442E-36   -1.9531E-33
      92.10000   -1.1973E-30   -2.0521E-36   -1.9704E-33
      92.20000   -1.1973E-30   -2.0598E-36   -1.9878E-33
      92.30000   -1.1973E-30   -2.0676E-36   -2.0054E-33
      92.40000   -1.1973E-30   -2.0754E-36   -2.0227E-33
      92.50000   -1.1973E-30   -2.0834E-36   -2.0399E-33
      92.60000   -1.1973E-30   -2.0917E-36   -2.0570E-33
      92.70000   -1.1973E-30   -2.1003E-36   -2.0740E-33
      92.80000   -1.1973E-30   -2.1093E-36   -2.0910E-33
      92.90000   -1.1973E-30   -2.1187E-36   -2.1078E-33
      93.00000   -1.1973E-30   -2.1284E-36   -2.1246E-33
      93.10000   -1.1973E-30   -2.1386E-36   -2.1413E-33
      93.20000   -1.1973E-30   -2.1491E-36   -2.1579E-33
      93.30000   -1.1973E-30   -2.1600E-36   -2.1744E-33
      93.40000   -1.1973E-30   -2.1714E-36   -2.1909E-33
      93.50000   -1.1973E-30   -2.1832E-36   -2.2072E-33
      93.60000   -1.1973E-30   -2.1955E-36   -2.2235E-33
      93.70000   -1.1973E-30   -2.2082E-36   -2.2397E-33
      93.80000   -1.1973E-30   -2.2213E-36   -2.2558E-33
      93.90000   -1.1973E-30   -2.2350E-36   -2.2718E-33
      94.00000   -1.1973E-30   -2.2491E-36   -2.2877E-33
      94.10000   -1.1973E-30   -2.2637E-36   -2.3035E-33
      94.20000   -1.1973E-30   -2.2789E-36   -2.3193E-33
      94.30000   -1.1973E-30   -2.2945E-36   -2.3349E-33
      94.40000   -1.1973E-30   -2.3107E-36   -2.3505E-33
      94.50000   -1.1973E-30   -2.3274E-36   -2.3660E-33
      94.60000   -1.1973E-30   -2.3447E-36   -2.3814E-33
      94.70000   -1.1973E-30   -2.3626E-36   -2.3967E-33
      94.80000   -1.1973E-30   -2.3810E-36   -2.4119E-33
      94.90000   -1.1973E-30   -2.4001E-36   -2.4271E-33
      95.00000   -1.1973E-30   -2.4197E-36   -2.4421E-33
      95.10000   -1.1973E-30   -2.4399E-36   -2.4572E-33
      95.20000   -1.1973E-30   -2.4604E-36   -2.4724E-33
      95.30000   -1.1973E-30   -2.4808E-36   -2.4875E-33
      95.40000   -1.1973E-30   -2.5008E-36   -2.5026E-33
      95.50000   -1.1974E-30   -2.5201E-36   -2.5177E-33
      95.60000   -1.1974E-30   -2.5389E-36   -2.5329E-33
      95.70000   -1.1974E-30   -2.5570E-36   -2.5482E-33
      95.80000   -1.1974E-30   -2.5746E-36   -2.5636E-33
      95.90000   -1.1974E-30   -2.5916E-36   -2.5790E-33
      96.00000   -1.1974E-30   -2.6081E-36   -2.5946E-33
      96.10000   -1.1974E-30   -2.6241E-36   -2.6102E-33
      96.20000   -1.1974E-30   -2.6395E-36   -2.6259E-33
      96.30000   -1.1974E-30   -2.6544E-36   -2.6418E-33
      96.40000   -1.1974E-30   -2.6688E-36   -2.6577E-33
      96.50000   -1.1974E-30   -2.6828E-36   -2.6737E-33
      96.60000   -1.1974E-30   -2.6962E-36   -2.6897E-33
      96.70000   -1.1974E-30   -2.7092E-36   -2.7059E-33
      96.80000   -1.1974E-30   -2.7217E-36   -2.7222E-33
      96.90000   -1.1974E-30   -2.7338E-36   -2.7385E-33
      97.00000   -1.1974E-30   -2.7454E-36   -2.7550E-33
      97.10000   -1.1974E-30   -2.7566E-36   -2.7715E-33
      97.20000   -1.1974E-30   -2.7674E-36   -2.7881E-33
      97.30000   -1.1974E-30   -2.7778E-36   -2.8048E-33
      97.40000   -1.1974E-30   -2.7878E-36   -2.8216E-33
      97.50000   -1.1974E-30   -2.7975E-36   -2.8385E-33
      97.60000   -1.1974E-30   -2.8067E-36   -2.8554E-33
      97.70000   -1.1974E-30   -2.8156E-36   -2.8725E-33
      97.80000   -1.1974E-30   -2.8242E-36   -2.8896E-33
      97.90000   -1.1974E-30   -2.8324E-36   -2.9068E-33
      98.00000   -1.1974E-30   -2.8403E-36   -2.9241E-33
      98.10000   -1.1974E-30   -2.8482E-36   -2.9417E-33
      98.20000   -1.1974E-30   -2.8560E-36   -2.9592E-33
      98.30000   -1.1974E-30   -2.8639E-36   -2.9766E-33
      98.40000   -1.1974E-30   -2.8721E-36   -2.9939E-33
      98.50000   -1.1974E-30   -2.8805E-36   -3.0110E-33
      98.60000   -1.1974E-30   -2.8893E-36   -3.0281E-33
      98.70000   -1.1974E-30   -2.8985E-36   -3.0451E-33
      98.80000   -1.1974E-30   -2.9080E-36   -3.0620E-33
      98.90000   -1.1974E-30   -2.9180E-36   -3.0788E-33
      99.00000   -1.1974E-30   -2.9283E-36   -3.0956E-33
      99.10000   -1.1974E-30   -2.9390E-36   -3.1123E-33
      99.20000   -1.1974E-30   -2.9501E-36   -3.1288E-33
      99.30000   -1.1974E-30   -2.9616E-36   -3.1453E-33
      99.40000   -1.1974E-30   -2.9736E-36   -3.1617E-33
      99.50000   -1.1974E-30   -2.9861E-36   -3.1781E-33
      99.60000   -1.1974E-30   -2.9989E-36   -3.1943E-33
      99.70000   -1.1974E-30   -3.0123E-36   -3.2104E-33
      99.80000   -1.1974E-30   -3.0261E-36   -3.2265E-33
      99.90000   -1.1974E-30   -3.0404E-36   -3.2425E-33
     100.00000   -1.1974E-30   -3.0553E-36   -3.2584E-33
     100.10000   -1.1974E-30   -3.0706E-36   -3.2742E-33
     100.20000   -1.1974E-30   -3.0865E-36   -3.2899E-33
     100.30000   -1.1974E-30   -3.1029E-36   -3.3055E-33
     100.40000   -1.1974E-30   -3.1198E-36   -3.3210E-33
     100.50000   -1.1974E-30   -3.1373E-36   -3.3365E-33
     100.60000   -1.1974E-30   -3.1554E-36   -3.3519E-33
     100.70000   -1.1974E-30   -3.1740E-36   -3.3672E-33
     100.80000   -1.1974E-30   -3.1933E-36   -3.3824E-33
     100.90000   -1.1974E-30   -3.2132E-36   -3.3975E-33
     101.00000   -1.1974E-30   -3.2336E-36   -3.4127E-33
     101.10000   -1.1974E-30   -3.2542E-36   -3.4279E-33
     101.20000   -1.1974E-30   -3.2746E-36   -3.4431E-33
     101.30000   -1.1974E-30   -3.2946E-36   -3.4583E-33
     101.40000   -1.1974E-30   -3.3139E-36   -3.4735E-33
     101.50000   -1.1974E-30   -3.3326E-36   -3.4888E-33
     101.60000   -1.1974E-30   -3.3507E-36   -3.5041E-33
     101.70000   -1.1974E-30   -3.3683E-36   -3.5196E-33
     101.80000   -1.1974E-30   -3.3853E-36   -3.5352E-33
     101.90000   -1.1974E-30   -3.4018E-36   -3.5508E-33
     102.00000   -1.1974E-30   -3.4177E-36   -3.5665E-33
     102.10000   -1.1975E-30   -3.4332E-36   -3.5824E-33
     102.20000   -1.1975E-30   -3.4481E-36   -3.5983E-33
     102.30000   -1.1975E-30   -3.4625E-36   -3.6143E-33
     102.40000   -1.1975E-30   -3.4764E-36   -3.6304E-33
     102.50000   -1.1975E-30   -3.4899E-36   -3.6465E-33
     102.60000   -1.1975E-30   -3.5029E-36   -3.6628E-33
     102.70000   -1.1975E-30   -3.5154E-36   -3.6792E-33
     102.80000   -1.1975E-30   -3.5275E-36   -3.6956E-33
     102.90000   -1.1975E-30   -3.5392E-36   -3.7122E-33
     103.00000   -1.1975E-30   -3.5504E-36   -3.7288E-33
     103.10000   -1.1975E-30   -3.5612E-36   -3.7455E-33
     103.20000   -1.1975E-30   -3.5716E-36   -3.7623E-33
     103.30000   -1.1975E-30   -3.5817E-36   -3.7792E-33
     103.40000   -1.1975E-30   -3.5913E-36   -3.7962E-33
     103.50000   -1.1975E-30   -3.6006E-36   -3.8133E-33
     103.60000   -1.1975E-30   -3.6095E-36   -3.8304E-33
     103.70000   -1.1975E-30   -3.6181E-36   -3.8476E-33
     103.80000   -1.1975E-30   -3.6264E-36   -3.8649E-33
     103.90000   -1.1975E-30   -3.6344E-36   -3.8824E-33
     104.00000   -1.1975E-30   -3.6423E-36   -3.9001E-33
     104.10000   -1.1975E-30   -3.6503E-36   -3.9177E-33
     104.20000   -1.1975E-30   -3.6583E-36   -3.9352E-33
     104.30000   -1.1975E-30   -3.6666E-36   -3.9525E-33
     104.40000   -1.1975E-30   -3.6753E-36   -3.9697E-33
     104.50000   -1.1975E-30   -3.6843E-36   -3.9869E-33
     104.60000   -1.1975E-30   -3.6936E-36   -4.0039E-33
     104.70000   -1.1975E-30   -3.7034E-36   -4.0209E-33
     104.80000   -1.1975E-30   -3.7135E-36   -4.0378E-33
     104.90000   -1.1975E-30   -3.7240E-36   -4.0546E-33
     105.00000   -1.1975E-30   -3.7349E-36   -4.0713E-33
     105.10000   -1.1975E-30   -3.7462E-36   -4.0880E-33
     105.20000   -1.1975E-30   -3.7580E-36   -4.1045E-33
     105.30000   -1.1975E-30   -3.7702E-36   -4.1210E-33
     105.40000   -1.1975E-30   -3.7828E-36   -4.1374E-33
     105.50000   -1.1975E-30   -3.7959E-36   -4.1537E-33
     105.60000   -1.1975E-30   -3.8095E-36   -4.1699E-33
     105.70000   -1.1975E-30   -3.8236E-36   -4.1860E-33
     105.80000   -1.1975E-30   -3.8381E-36   -4.2020E-33
     105.90000   -1.1975E-30   -3.8532E-36   -4.2180E-33
     106.00000   -1.1975E-30   -3.8688E-36   -4.2338E-33
     106.10000   -1.1975E-30   -3.8849E-36   -4.2496E-33
     106.20000   -1.1975E-30   -3.9016E-36   -4.2652E-33
     106.30000   -1.1975E-30   -3.9188E-36   -4.2808E-33
     106.40000   -1.1975E-30   -3.9365E-36   -4.2963E-33
     106.50000   -1.1975E-30   -3.9549E-36   -4.3117E-33
     106.60000   -1.1975E-30   -3.9738E-36   -4.3271E-33
     106.70000   -1.1975E-30   -3.9934E-36   -4.3423E-33
     106.80000   -1.1975E-30   -4.0135E-36   -4.3575E-33
     106.90000   -1.1975E-30   -4.0342E-36   -4.3728E-33
     107.00000   -1.1975E-30   -4.0550E-36   -4.3881E-33
     107.10000   -1.1975E-30   -4.0755E-36   -4.4033E-33
     107.20000   -1.1975E-30   -4.0955E-36   -4.4185E-33
     107.30000   -1.1975E-30   -4.1148E-36   -4.4338E-33
     107.40000   -1.1975E-30   -4.1336E-36   -4.4492E-33
     107.50000   -1.1975E-30   -4.1518E-36   -4.4646E-33
     107.60000   -1.1975E-30   -4.1694E-36   -4.4801E-33
     107.70000   -1.1975E-30   -4.1865E-36   -4.4958E-33
     107.80000   -1.1975E-30   -4.2031E-36   -4.5115E-33
     107.90000   -1.1975E-30   -4.2191E-36   -4.5273E-33
     108.00000   -1.1975E-30   -4.2346E-36   -4.5432E-33
     108.10000   -1.1975E-30   -4.2496E-36   -4.5592E-33
     108.20000   -1.1975E-30   -4.2640E-36   -4.5753E-33
     108.30000   -1.1975E-30   -4.2780E-36   -4.5914E-33
     108.40000   -1.1975E-30   -4.2916E-36   -4.6077E-33
     108.50000   -1.1975E-30   -4.3046E-36   -4.6240E-33
     108.60000   -1.1976E-30   -4.3172E-36   -4.6404E-33
     108.70000   -1.1976E-30   -4.3294E-36   -4.6570E-33
     108.80000   -1.1976E-30   -4.3411E-36   -4.6736E-33
     108.90000   -1.1976E-30   -4.3525E-36   -4.6903E-33
     109.00000   -1.1976E-30   -4.3634E-36   -4.7071E-33
     109.10000   -1.1976E-30   -4.3739E-36   -4.7239E-33
     109.20000   -1.1976E-30   -4.3840E-36   -4.7409E-33
     109.30000   -1.1976E-30   -4.3937E-36   -4.7579E-33
     109.40000   -1.1976E-30   -4.4031E-36   -4.7751E-33
     109.50000   -1.1976E-30   -4.4121E-36   -4.7923E-33
     109.60000   -1.1976E-30   -4.4208E-36   -4.8096E-33
     109.70000   -1.1976E-30   -4.4291E-36   -4.8269E-33
     109.80000   -1.1976E-30   -4.4373E-36   -4.8445E-33
     109.90000   -1.1976E-30   -4.4454E-36   -4.8622E-33
     110.00000   -1.1976E-30   -4.4536E-36   -4.8799E-33
     110.10000   -1.1976E-30   -4.4618E-36   -4.8973E-33
     110.20000   -1.1976E-30   -4.4703E-36   -4.9147E-33
     110.30000   -1.1976E-30   -4.4792E-36   -4.9319E-33
     110.40000   -1.1976E-30   -4.4885E-36   -4.9491E-33
     110.50000   -1.1976E-30   -4.4981E-36   -4.9662E-33
     110.60000   -1.1976E-30   -4.5080E-36   -4.9832E-33
     110.70000   -1.1976E-30   -4.5184E-36   -5.0001E-33
     110.80000   -1.1976E-30   -4.5292E-36   -5.0169E-33
     110.90000   -1.1976E-30   -4.5404E-36   -5.0336E-33
     111.00000   -1.1976E-30   -4.5520E-36   -5.0503E-33
     111.10000   -1.1976E-30   -4.5640E-36   -5.0668E-33
     111.20000   -1.1976E-30   -4.5765E-36   -5.0833E-33
     111.30000   -1.1976E-30   -4.5895E-36   -5.0997E-33
     111.40000   -1.1976E-30   -4.6029E-36   -5.1160E-33
     111.50000   -1.1976E-30   -4.6168E-36   -5.1322E-33
     111.60000   -1.1976E-30   -4.6312E-36   -5.1483E-33
     111.70000   -1.1976E-30   -4.6460E-36   -5.1643E-33
     111.80000   -1.1976E-30   -4.6614E-36   -5.1803E-33
     111.90000   -1.1976E-30   -4.6774E-36   -5.1961E-33
     112.00000   -1.1976E-30   -4.6938E-36   -5.2119E-33
     112.10000   -1.1976E-30   -4.7108E-36   -5.2276E-33
     112.20000   -1.1976E-30   -4.7284E-36   -5.2432E-33
     112.30000   -1.1976E-30   -4.7465E-36   -5.2586E-33
     112.40000   -1.1976E-30   -4.7652E-36   -5.2741E-33
     112.50000   -1.1976E-30   -4.7845E-36   -5.2894E-33
     112.60000   -1.1976E-30   -4.8044E-36   -5.3046E-33
     112.70000   -1.1976E-30   -4.8249E-36   -5.3198E-33
     112.80000   -1.1976E-30   -4.8459E-36   -5.3351E-33
     112.90000   -1.1976E-30   -4.8669E-36   -5.3504E-33
     113.00000   -1.1976E-30   -4.8876E-36   -5.3656E-33
     113.10000   -1.1976E-30   -4.9077E-36   -5.3808E-33
     113.20000   -1.1976E-30   -4.9272E-36   -5.3961E-33
     113.30000   -1.1976E-30   -4.9461E-36   -5.4115E-33
     113.40000   -1.1976E-30   -4.9644E-36   -5.4270E-33
     113.50000   -1.1976E-30   -4.9822E-36   -5.4426E-33
     113.60000   -1.1976E-30   -4.9994E-36   -5.4582E-33
     113.70000   -1.1976E-30   -5.0160E-36   -5.4739E-33
     113.80000   -1.1976E-30   -5.0321E-36   -5.4898E-33
     113.90000   -1.1976E-30   -5.0477E-36   -5.5057E-33
     114.00000   -1.1976E-30   -5.0628E-36   -5.5217E-33
     114.10000   -1.1976E-30   -5.0774E-36   -5.5378E-33
     114.20000   -1.1976E-30   -5.0915E-36   -5.5540E-33
     114.30000   -1.1976E-30   -5.1052E-36   -5.5702E-33
     114.40000   -1.1976E-30   -5.1183E-36   -5.5866E-33
     114.50000   -1.1976E-30   -5.1310E-36   -5.6031E-33
     114.60000   -1.1976E-30   -5.1433E-36   -5.6196E-33
     114.70000   -1.1976E-30   -5.1551E-36   -5.6362E-33
     114.80000   -1.1976E-30   -5.1666E-36   -5.6529E-33
     114.90000   -1.1976E-30   -5.1776E-36   -5.6697E-33
     115.00000   -1.1976E-30   -5.1882E-36   -5.6866E-33
     115.10000   -1.1977E-30   -5.1984E-36   -5.7036E-33
     115.20000   -1.1977E-30   -5.2082E-36   -5.7207E-33
     115.30000   -1.1977E-30   -5.2177E-36   -5.7378E-33
     115.40000   -1.1977E-30   -5.2268E-36   -5.7550E-33
     115.50000   -1.1977E-30   -5.2355E-36   -5.7723E-33
     115.60000   -1.1977E-30   -5.2440E-36   -5.7897E-33
     115.70000   -1.1977E-30   -5.2523E-36   -5.8073E-33
     115.80000   -1.1977E-30   -5.2605E-36   -5.8251E-33
     115.90000   -1.1977E-30   -5.2688E-36   -5.8427E-33
     116.00000   -1.1977E-30   -5.2772E-36   -5.8601E-33
     116.10000   -1.1977E-30   -5.2860E-36   -5.8774E-33
     116.20000   -1.1977E-30   -5.2951E-36   -5.8946E-33
     116.30000   -1.1977E-30   -5.3045E-36   -5.9118E-33
     116.40000   -1.1977E-30   -5.3144E-36   -5.9288E-33
     116.50000   -1.1977E-30   -5.3246E-36   -5.9458E-33
     116.60000   -1.1977E-30   -5.3352E-36   -5.9627E-33
     116.70000   -1.1977E-30   -5.3462E-36   -5.9795E-33
     116.80000   -1.1977E-30   -5.3576E-36   -5.9962E-33
     116.90000   -1.1977E-30   -5.3694E-36   -6.0128E-33
     117.00000   -1.1977E-30   -5.3817E-36   -6.0294E-33
     117.10000   -1.1977E-30   -5.3945E-36   -6.0458E-33
     117.20000   -1.1977E-30   -5.4076E-36   -6.0622E-33
     117.30000   -1.1977E-30   -5.4213E-36   -6.0785E-33
     117.40000   -1.1977E-30   -5.4354E-36   -6.0946E-33
     117.50000   -1.1977E-30   -5.4501E-36   -6.1107E-33
     117.60000   -1.1977E-30   -5.4652E-36   -6.1267E-33
     117.70000   -1.1977E-30   -5.4808E-36   -6.1427E-33
     117.80000   -1.1977E-30   -5.4970E-36   -6.1585E-33
     117.90000   -1.1977E-30   -5.5137E-36   -6.1742E-33
     118.00000   -1.1977E-30   -5.5310E-36   -6.1899E-33
     118.10000   -1.1977E-30   -5.5488E-36   -6.2054E-33
     118.20000   -1.1977E-30   -5.5672E-36   -6.2209E-33
     118.30000   -1.1977E-30   -5.5861E-36   -6.2363E-33
     118.40000   -1.1977E-30   -5.6057E-36   -6.2516E-33
     118.50000   -1.1977E-30   -5.6259E-36   -6.2668E-33
     118.60000   -1.1977E-30   -5.6466E-36   -6.2820E-33
     118.70000   -1.1977E-30   -5.6678E-36   -6.2973E-33
     118.80000   -1.1977E-30   -5.6889E-36   -6.3125E-33
     118.90000   -1.1977E-30   -5.7096E-36   -6.3278E-33
     119.00000   -1.1977E-30   -5.7297E-36   -6.3430E-33
     119.10000   -1.1977E-30   -5.7492E-36   -6.3583E-33
     119.20000   -1.1977E-30   -5.7681E-36   -6.3737E-33
     119.30000   -1.1977E-30   -5.7864E-36   -6.3892E-33
     119.40000   -1.1977E-30   -5.8041E-36   -6.4047E-33
     119.50000   -1.1977E-30   -5.8213E-36   -6.4204E-33
     119.60000   -1.1977E-30   -5.8379E-36   -6.4361E-33
     119.70000   -1.1977E-30   -5.8540E-36   -6.4520E-33
     119.80000   -1.1977E-30   -5.8696E-36   -6.4679E-33
     119.90000   -1.1977E-30   -5.8847E-36   -6.4839E-33
     120.00000   -1.1977E-30   -5.8992E-36   -6.5000E-33
     120.10000   -1.1977E-30   -5.9133E-36   -6.5162E-33
     120.20000   -1.1977E-30   -5.9269E-36   -6.5325E-33
     120.30000   -1.1977E-30   -5.9400E-36   -6.5489E-33
     120.40000   -1.1977E-30   -5.9527E-36   -6.5653E-33
     120.50000   -1.1977E-30   -5.9649E-36   -6.5819E-33
     120.60000   -1.1977E-30   -5.9767E-36   -6.5985E-33
     120.70000   -1.1977E-30   -5.9880E-36   -6.6153E-33
     120.80000   -1.1977E-30   -5.9990E-36   -6.6321E-33
     120.90000   -1.1977E-30   -6.0095E-36   -6.6490E-33
     121.00000   -1.1977E-30   -6.0197E-36   -6.6660E-33
     121.10000   -1.1977E-30   -6.0295E-36   -6.6830E-33
     121.20000   -1.1977E-30   -6.0389E-36   -6.7002E-33
     121.30000   -1.1977E-30   -6.0479E-36   -6.7174E-33
     121.40000   -1.1977E-30   -6.0566E-36   -6.7347E-33
     121.50000   -1.1977E-30   -6.0650E-36   -6.7522E-33
     121.60000   -1.1978E-30   -6.0733E-36   -6.7698E-33
     121.70000   -1.1978E-30   -6.0816E-36   -6.7876E-33
     121.80000   -1.1978E-30   -6.0899E-36   -6.8051E-33
     121.90000   -1.1978E-30   -6.0984E-36   -6.8225E-33
     122.00000   -1.1978E-30   -6.1072E-36   -6.8398E-33
     122.10000   -1.1978E-30   -6.1163E-36   -6.8570E-33
     122.20000   -1.1978E-30   -6.1258E-36   -6.8741E-33
     122.30000   -1.1978E-30   -6.1357E-36   -6.8912E-33
     122.40000   -1.1978E-30   -6.1460E-36   -6.9082E-33
     122.50000   -1.1978E-30   -6.1566E-36   -6.9250E-33
     122.60000   -1.1978E-30   -6.1677E-36   -6.9418E-33
     122.70000   -1.1978E-30   -6.1791E-36   -6.9585E-33
     122.80000   -1.1978E-30   -6.1910E-36   -6.9751E-33
     122.90000   -1.1978E-30   -6.2034E-36   -6.9917E-33
     123.00000   -1.1978E-30   -6.2161E-36   -7.0081E-33
     123.10000   -1.1978E-30   -6.2294E-36   -7.0245E-33
     123.20000   -1.1978E-30   -6.2431E-36   -7.0407E-33
     123.30000   -1.1978E-30   -6.2572E-36   -7.0569E-33
     123.40000   -1.1978E-30   -6.2719E-36   -7.0730E-33
     123.50000   -1.1978E-30   -6.2871E-36   -7.0890E-33
     123.60000   -1.1978E-30   -6.3027E-36   -7.1049E-33
     123.70000   -1.1978E-30   -6.3189E-36   -7.1207E-33
     123.80000   -1.1978E-30   -6.3357E-36   -7.1364E-33
     123.90000   -1.1978E-30   -6.3529E-36   -7.1520E-33
     124.00000   -1.1978E-30   -6.3708E-36   -7.1676E-33
     124.10000   -1.1978E-30   -6.3892E-36   -7.1831E-33
     124.20000   -1.1978E-30   -6.4081E-36   -7.1984E-33
     124.30000   -1.1978E-30   -6.4277E-36   -7.2137E-33
     124.40000   -1.1978E-30   -6.4479E-36   -7.2289E-33
     124.50000   -1.1978E-30   -6.4686E-36   -7.2442E-33
     124.60000   -1.1978E-30   -6.4897E-36   -7.2595E-33
     124.70000   -1.1978E-30   -6.5106E-36   -7.2747E-33
     124.80000   -1.1978E-30   -6.5311E-36   -7.2899E-33
     124.90000   -1.1978E-30   -6.5509E-36   -7.3052E-33
     125.00000   -1.1978E-30   -6.5701E-36   -7.3205E-33
     125.10000   -1.1978E-30   -6.5887E-36   -7.3359E-33
     125.20000   -1.1978E-30   -6.6068E-36   -7.3514E-33
     125.30000   -1.1978E-30   -6.6243E-36   -7.3670E-33
     125.40000   -1.1978E-30   -6.6412E-36   -7.3827E-33
     125.50000   -1.1978E-30   -6.6576E-36   -7.3985E-33
     125.60000   -1.1978E-30   -6.6734E-36   -7.4144E-33
     125.70000   -1.1978E-30   -6.6887E-36   -7.4303E-33
     125.80000   -1.1978E-30   -6.7035E-36   -7.4464E-33
     125.90000   -1.1978E-30   -6.7179E-36   -7.4625E-33
     126.00000   -1.1978E-30   -6.7317E-36   -7.4787E-33
     126.10000   -1.1978E-30   -6.7450E-36   -7.4950E-33
     126.20000   -1.1978E-30   -6.7579E-36   -7.5114E-33
     126.30000   -1.1978E-30   -6.7703E-36   -7.5279E-33
     126.40000   -1.1978E-30   -6.7823E-36   -7.5445E-33
     126.50000   -1.1978E-30   -6.7939E-36   -7.5611E-33
     126.60000   -1.1978E-30   -6.8050E-36   -7.5779E-33
     126.70000   -1.1978E-30   -6.8157E-36   -7.5947E-33
     126.80000   -1.1978E-30   -6.8261E-36   -7.6116E-33
     126.90000   -1.1978E-30   -6.8360E-36   -7.6286E-33
     127.00000   -1.1978E-30   -6.8455E-36   -7.6457E-33
     127.10000   -1.1978E-30   -6.8547E-36   -7.6629E-33
     127.20000   -1.1978E-30   -6.8636E-36   -7.6802E-33
     127.30000   -1.1978E-30   -6.8720E-36   -7.6975E-33
     127.40000   -1.1978E-30   -6.8803E-36   -7.7150E-33
     127.50000   -1.1978E-30   -6.8884E-36   -7.7327E-33
     127.60000   -1.1978E-30   -6.8965E-36   -7.7504E-33
     127.70000   -1.1978E-30   -6.9047E-36   -7.7679E-33
     127.80000   -1.1978E-30   -6.9131E-36   -7.7853E-33
     127.90000   -1.1978E-30   -6.9218E-36   -7.8026E-33
     128.00000   -1.1979E-30   -6.9309E-36   -7.8197E-33
     128.10000   -1.1979E-30   -6.9403E-36   -7.8369E-33
     128.20000   -1.1979E-30   -6.9501E-36   -7.8539E-33
     128.30000   -1.1979E-30   -6.9602E-36   -7.8708E-33
     128.40000   -1.1979E-30   -6.9708E-36   -7.8877E-33
     128.50000   -1.1979E-30   -6.9818E-36   -7.9045E-33
     128.60000   -1.1979E-30   -6.9931E-36   -7.9212E-33
     128.70000   -1.1979E-30   -7.0049E-36   -7.9378E-33
     128.80000   -1.1979E-30   -7.0172E-36   -7.9543E-33
     128.90000   -1.1979E-30   -7.0298E-36   -7.9707E-33
     129.00000   -1.1979E-30   -7.0430E-36   -7.9870E-33
     129.10000   -1.1979E-30   -7.0566E-36   -8.0033E-33
     129.20000   -1.1979E-30   -7.0706E-36   -8.0194E-33
     129.30000   -1.1979E-30   -7.0852E-36   -8.0355E-33
     129.40000   -1.1979E-30   -7.1002E-36   -8.0515E-33
     129.50000   -1.1979E-30   -7.1158E-36   -8.0673E-33
     129.60000   -1.1979E-30   -7.1319E-36   -8.0831E-33
     129.70000   -1.1979E-30   -7.1485E-36   -8.0988E-33
     129.80000   -1.1979E-30   -7.1656E-36   -8.1145E-33
     129.90000   -1.1979E-30   -7.1834E-36   -8.1300E-33
     130.00000   -1.1979E-30   -7.2016E-36   -8.1454E-33
     130.10000   -1.1979E-30   -7.2205E-36   -8.1608E-33
     130.20000   -1.1979E-30   -7.2399E-36   -8.1760E-33
     130.30000   -1.1979E-30   -7.2600E-36   -8.1912E-33
     130.40000   -1.1979E-30   -7.2806E-36   -8.2065E-33
     130.50000   -1.1979E-30   -7.3014E-36   -8.2218E-33
     130.60000   -1.1979E-30   -7.3220E-36   -8.2370E-33
     130.70000   -1.1979E-30   -7.3420E-36   -8.2522E-33
     130.80000   -1.1979E-30   -7.3615E-36   -8.2675E-33
     130.90000   -1.1979E-30   -7.3804E-36   -8.2828E-33
     131.00000   -1.1979E-30   -7.3986E-36   -8.2983E-33
     131.10000   -1.1979E-30   -7.4163E-36   -8.3138E-33
     131.20000   -1.1979E-30   -7.4334E-36   -8.3294E-33
     131.30000   -1.1979E-30   -7.4500E-36   -8.3451E-33
     131.40000   -1.1979E-30   -7.4661E-36   -8.3608E-33
     131.50000   -1.1979E-30   -7.4816E-36   -8.3767E-33
     131.60000   -1.1979E-30   -7.4966E-36   -8.3926E-33
     131.70000   -1.1979E-30   -7.5111E-36   -8.4087E-33
     131.80000   -1.1979E-30   -7.5251E-36   -8.4248E-33
     131.90000   -1.1979E-30   -7.5386E-36   -8.4410E-33
     132.00000   -1.1979E-30   -7.5516E-36   -8.4573E-33
     132.10000   -1.1979E-30   -7.5642E-36   -8.4737E-33
     132.20000   -1.1979E-30   -7.5764E-36   -8.4902E-33
     132.30000   -1.1979E-30   -7.5881E-36   -8.5068E-33
     132.40000   -1.1979E-30   -7.5993E-36   -8.5234E-33
     132.50000   -1.1979E-30   -7.6102E-36   -8.5402E-33
     132.60000   -1.1979E-30   -7.6207E-36   -8.5570E-33
     132.70000   -1.1979E-30   -7.6307E-36   -8.5739E-33
     132.80000   -1.1979E-30   -7.6404E-36   -8.5909E-33
     132.90000   -1.1979E-30   -7.6497E-36   -8.6080E-33
     133.00000   -1.1979E-30   -7.6586E-36   -8.6251E-33
     133.10000   -1.1979E-30   -7.6672E-36   -8.6423E-33
     133.20000   -1.1979E-30   -7.6755E-36   -8.6597E-33
     133.30000   -1.1979E-30   -7.6835E-36   -8.6771E-33
     133.40000   -1.1979E-30   -7.6915E-36   -8.6948E-33
     133.50000   -1.1979E-30   -7.6994E-36   -8.7124E-33
     133.60000   -1.1979E-30   -7.7075E-36   -8.7299E-33
     133.70000   -1.1979E-30   -7.7158E-36   -8.7472E-33
     133.80000   -1.1979E-30   -7.7244E-36   -8.7644E-33
     133.90000   -1.1979E-30   -7.7334E-36   -8.7815E-33
     134.00000   -1.1979E-30   -7.7427E-36   -8.7986E-33
     134.10000   -1.1979E-30   -7.7524E-36   -8.8156E-33
     134.20000   -1.1979E-30   -7.7625E-36   -8.8324E-33
     134.30000   -1.1979E-30   -7.7730E-36   -8.8492E-33
     134.40000   -1.1979E-30   -7.7838E-36   -8.8659E-33
     134.50000   -1.1980E-30   -7.7951E-36   -8.8826E-33
     134.60000   -1.1980E-30   -7.8068E-36   -8.8991E-33
     134.70000   -1.1980E-30   -7.8190E-36   -8.9155E-33
     134.80000   -1.1980E-30   -7.8316E-36   -8.9319E-33
     134.90000   -1.1980E-30   -7.8446E-36   -8.9481E-33
     135.00000   -1.1980E-30   -7.8582E-36   -8.9643E-33
     135.10000   -1.1980E-30   -7.8722E-36   -8.9804E-33
     135.20000   -1.1980E-30   -7.8866E-36   -8.9964E-33
     135.30000   -1.1980E-30   -7.9016E-36   -9.0123E-33
     135.40000   -1.1980E-30   -7.9171E-36   -9.0281E-33
     135.50000   -1.1980E-30   -7.9331E-36   -9.0438E-33
     135.60000   -1.1980E-30   -7.9497E-36   -9.0594E-33
     135.70000   -1.1980E-30   -7.9668E-36   -9.0750E-33
     135.80000   -1.1980E-30   -7.9844E-36   -9.0904E-33
     135.90000   -1.1980E-30   -8.0027E-36   -9.1058E-33
     136.00000   -1.1980E-30   -8.0214E-36   -9.1211E-33
     136.10000   -1.1980E-30   -8.0408E-36   -9.1363E-33
     136.20000   -1.1980E-30   -8.0608E-36   -9.1514E-33
     136.30000   -1.1980E-30   -8.0813E-36   -9.1666E-33
     136.40000   -1.1980E-30   -8.1019E-36   -9.1819E-33
     136.50000   -1.1980E-30   -8.1223E-36   -9.1970E-33
     136.60000   -1.1980E-30   -8.1421E-36   -9.2122E-33
     136.70000   -1.1980E-30   -8.1612E-36   -9.2274E-33
     136.80000   -1.1980E-30   -8.1798E-36   -9.2427E-33
     136.90000   -1.1980E-30   -8.1978E-36   -9.2581E-33
     137.00000   -1.1980E-30   -8.2152E-36   -9.2735E-33
     137.10000   -1.1980E-30   -8.2321E-36   -9.2891E-33
     137.20000   -1.1980E-30   -8.2484E-36   -9.3047E-33
     137.30000   -1.1980E-30   -8.2642E-36   -9.3205E-33
     137.40000   -1.1980E-30   -8.2795E-36   -9.3363E-33
     137.50000   -1.1980E-30   -8.2942E-36   -9.3522E-33
     137.60000   -1.1980E-30   -8.3085E-36   -9.3682E-33
     137.70000   -1.1980E-30   -8.3223E-36   -9.3842E-33
     137.80000   -1.1980E-30   -8.3356E-36   -9.4004E-33
     137.90000   -1.1980E-30   -8.3484E-36   -9.4166E-33
     138.00000   -1.1980E-30   -8.3607E-36   -9.4330E-33
     138.10000   -1.1980E-30   -8.3727E-36   -9.4494E-33
     138.20000   -1.1980E-30   -8.3842E-36   -9.4659E-33
     138.30000   -1.1980E-30   -8.3952E-36   -9.4825E-33
     138.40000   -1.1980E-30   -8.4059E-36   -9.4992E-33
     138.50000   -1.1980E-30   -8.4161E-36   -9.5159E-33
     138.60000   -1.1980E-30   -8.4260E-36   -9.5328E-33
     138.70000   -1.1980E-30   -8.4355E-36   -9.5497E-33
     138.80000   -1.1980E-30   -8.4446E-36   -9.5667E-33
     138.90000   -1.1980E-30   -8.4534E-36   -9.5838E-33
     139.00000   -1.1980E-30   -8.4618E-36   -9.6009E-33
     139.10000   -1.1980E-30   -8.4699E-36   -9.6182E-33
     139.20000   -1.1980E-30   -8.4778E-36   -9.6356E-33
     139.30000   -1.1980E-30   -8.4856E-36   -9.6532E-33
     139.40000   -1.1980E-30   -8.4935E-36   -9.6707E-33
     139.50000   -1.1980E-30   -8.5014E-36   -9.6881E-33
     139.60000   -1.1980E-30   -8.5097E-36   -9.7052E-33
     139.70000   -1.1980E-30   -8.5183E-36   -9.7224E-33
     139.80000   -1.1980E-30   -8.5272E-36   -9.7394E-33
     139.90000   -1.1980E-30   -8.5365E-36   -9.7563E-33
     140.00000   -1.1980E-30   -8.5462E-36   -9.7732E-33
     140.10000   -1.1980E-30   -8.5563E-36   -9.7900E-33
     140.20000   -1.1980E-30   -8.5667E-36   -9.8067E-33
     140.30000   -1.1980E-30   -8.5776E-36   -9.8233E-33
     140.40000   -1.1980E-30   -8.5889E-36   -9.8398E-33
     140.50000   -1.1980E-30   -8.6006E-36   -9.8562E-33
     140.60000   -1.1980E-30   -8.6127E-36   -9.8725E-33
     140.70000   -1.1980E-30   -8.6253E-36   -9.8888E-33
     140.80000   -1.1980E-30   -8.6383E-36   -9.9049E-33
     140.90000   -1.1980E-30   -8.6518E-36   -9.9210E-33
     141.00000   -1.1980E-30   -8.6658E-36   -9.9370E-33
     141.10000   -1.1981E-30   -8.6803E-36   -9.9529E-33
     141.20000   -1.1981E-30   -8.6953E-36   -9.9687E-33
     141.30000   -1.1981E-30   -8.7108E-36   -9.9844E-33
     141.40000   -1.1981E-30   -8.7268E-36   -1.0000E-32
     141.50000   -1.1981E-30   -8.7434E-36   -1.0016E-32
     141.60000   -1.1981E-30   -8.7605E-36   -1.0031E-32
     141.70000   -1.1981E-30   -8.7781E-36   -1.0046E-32
     141.80000   -1.1981E-30   -8.7964E-36   -1.0062E-32
     141.90000   -1.1981E-30   -8.8152E-36   -1.0077E-32
     142.00000   -1.1981E-30   -8.8346E-36   -1.0092E-32
     142.10000   -1.1981E-30   -8.8546E-36   -1.0107E-32
     142.20000   -1.1981E-30   -8.8751E-36   -1.0122E-32
     142.30000   -1.1981E-30   -8.8956E-36   -1.0137E-32
     142.40000   -1.1981E-30   -8.9157E-36   -1.0152E-32
     142.50000   -1.1981E-30   -8.9353E-36   -1.0167E-32
     142.60000   -1.1981E-30   -8.9542E-36   -1.0183E-32
     142.70000   -1.1981E-30   -8.9726E-36   -1.0198E-32
     142.80000   -1.1981E-30   -8.9904E-36   -1.0213E-32
     142.90000   -1.1981E-30   -9.0076E-36   -1.0229E-32
     143.00000   -1.1981E-30   -9.0242E-36   -1.0244E-32
     143.10000   -1.1981E-30   -9.0404E-36   -1.0260E-32
     143.20000   -1.1981E-30   -9.0559E-36   -1.0275E-32
     143.30000   -1.1981E-30   -9.0710E-36   -1.0291E-32
     143.40000   -1.1981E-30   -9.0856E-36   -1.0307E-32
     143.50000   -1.1981E-30   -9.0996E-36   -1.0323E-32
     143.60000   -1.1981E-30   -9.1132E-36   -1.0339E-32
     143.70000   -1.1981E-30   -9.1263E-36   -1.0355E-32
     143.80000   -1.1981E-30   -9.1389E-36   -1.0371E-32
     143.90000   -1.1981E-30   -9.1511E-36   -1.0387E-32
     144.00000   -1.1981E-30   -9.1629E-36   -1.0404E-32
     144.10000   -1.1981E-30   -9.1742E-36   -1.0420E-32
     144.20000   -1.1981E-30   -9.1851E-36   -1.0437E-32
     144.30000   -1.1981E-30   -9.1956E-36   -1.0453E-32
     144.40000   -1.1981E-30   -9.2056E-36   -1.0470E-32
     144.50000   -1.1981E-30   -9.2153E-36   -1.0487E-32
     144.60000   -1.1981E-30   -9.2246E-36   -1.0504E-32
     144.70000   -1.1981E-30   -9.2336E-36   -1.0521E-32
     144.80000   -1.1981E-30   -9.2422E-36   -1.0538E-32
     144.90000   -1.1981E-30   -9.2505E-36   -1.0555E-32
     145.00000   -1.1981E-30   -9.2584E-36   -1.0572E-32
     145.10000   -1.1981E-30   -9.2662E-36   -1.0589E-32
     145.20000   -1.1981E-30   -9.2739E-36   -1.0607E-32
     145.30000   -1.1981E-30   -9.2817E-36   -1.0624E-32
     145.40000   -1.1981E-30   -9.2896E-36   -1.0642E-32
     145.50000   -1.1981E-30   -9.2978E-36   -1.0659E-32
     145.60000   -1.1981E-30   -9.3064E-36   -1.0676E-32
     145.70000   -1.1981E-30   -9.3153E-36   -1.0693E-32
     145.80000   -1.1981E-30   -9.3246E-36   -1.0710E-32
     145.90000   -1.1981E-30   -9.3342E-36   -1.0726E-32
     146.00000   -1.1981E-30   -9.3443E-36   -1.0743E-32
     146.10000   -1.1981E-30   -9.3547E-36   -1.0760E-32
     146.20000   -1.1981E-30   -9.3655E-36   -1.0776E-32
     146.30000   -1.1981E-30   -9.3768E-36   -1.0793E-32
     146.40000   -1.1981E-30   -9.3884E-36   -1.0809E-32
     146.50000   -1.1981E-30   -9.4006E-36   -1.0825E-32
     146.60000   -1.1981E-30   -9.4131E-36   -1.0842E-32
     146.70000   -1.1981E-30   -9.4261E-36   -1.0858E-32
     146.80000   -1.1981E-30   -9.4396E-36   -1.0874E-32
     146.90000   -1.1981E-30   -9.4536E-36   -1.0890E-32
     147.00000   -1.1981E-30   -9.4680E-36   -1.0905E-32
     147.10000   -1.1981E-30   -9.4830E-36   -1.0921E-32
     147.20000   -1.1981E-30   -9.4984E-36   -1.0937E-32
     147.30000   -1.1981E-30   -9.5144E-36   -1.0952E-32
     147.40000   -1.1981E-30   -9.5310E-36   -1.0968E-32
     147.50000   -1.1981E-30   -9.5481E-36   -1.0983E-32
     147.60000   -1.1981E-30   -9.5657E-36   -1.0999E-32
     147.70000   -1.1982E-30   -9.5839E-36   -1.1014E-32
     147.80000   -1.1982E-30   -9.6027E-36   -1.1029E-32
     147.90000   -1.1982E-30   -9.6221E-36   -1.1044E-32
     148.00000   -1.1982E-30   -9.6421E-36   -1.1059E-32
     148.10000   -1.1982E-30   -9.6624E-36   -1.1074E-32
     148.20000   -1.1982E-30   -9.6827E-36   -1.1089E-32
     148.30000   -1.1982E-30   -9.7026E-36   -1.1104E-32
     148.40000   -1.1982E-30   -9.7219E-36   -1.1119E-32
     148.50000   -1.1982E-30   -9.7406E-36   -1.1135E-32
     148.60000   -1.1982E-30   -9.7587E-36   -1.1150E-32
     148.70000   -1.1982E-30   -9.7762E-36   -1.1165E-32
     148.80000   -1.1982E-30   -9.7932E-36   -1.1181E-32
     148.90000   -1.1982E-30   -9.8096E-36   -1.1196E-32
     149.00000   -1.1982E-30   -9.8255E-36   -1.1212E-32
     149.10000   -1.1982E-30   -9.8408E-36   -1.1227E-32
     149.20000   -1.1982E-30   -9.8557E-36   -1.1243E-32
     149.30000   -1.1982E-30   -9.8700E-36   -1.1259E-32
     149.40000   -1.1982E-30   -9.8838E-36   -1.1275E-32
     149.50000   -1.1982E-30   -9.8972E-36   -1.1291E-32
     149.60000   -1.1982E-30   -9.9101E-36   -1.1307E-32
     149.70000   -1.1982E-30   -9.9225E-36   -1.1323E-32
     149.80000   -1.1982E-30   -9.9345E-36   -1.1339E-32
     149.90000   -1.1982E-30   -9.9460E-36   -1.1356E-32
     150.00000   -1.1982E-30   -9.9571E-36   -1.1372E-32
     150.10000   -1.1982E-30   -9.9678E-36   -1.1389E-32
     150.20000   -1.1982E-30   -9.9781E-36   -1.1405E-32
     150.30000   -1.1982E-30   -9.9880E-36   -1.1422E-32
     150.40000   -1.1982E-30   -9.9975E-36   -1.1439E-32
     150.50000   -1.1982E-30   -1.0007E-35   -1.1456E-32
     150.60000   -1.1982E-30   -1.0015E-35   -1.1473E-32
     150.70000   -1.1982E-30   -1.0024E-35   -1.1490E-32
     150.80000   -1.1982E-30   -1.0032E-35   -1.1507E-32
     150.90000   -1.1982E-30   -1.0040E-35   -1.1524E-32
     151.00000   -1.1982E-30   -1.0047E-35   -1.1542E-32
     151.10000   -1.1982E-30   -1.0055E-35   -1.1559E-32
     151.20000   -1.1982E-30   -1.0063E-35   -1.1577E-32
     151.30000   -1.1982E-30   -1.0071E-35   -1.1594E-32
     151.40000   -1.1982E-30   -1.0079E-35   -1.1611E-32
     151.50000   -1.1982E-30   -1.0087E-35   -1.1628E-32
     151.60000   -1.1982E-30   -1.0096E-35   -1.1645E-32
     151.70000   -1.1982E-30   -1.0105E-35   -1.1662E-32
     151.80000   -1.1982E-30   -1.0115E-35   -1.1678E-32
     151.90000   -1.1982E-30   -1.0125E-35   -1.1695E-32
     152.00000   -1.1982E-30   -1.0135E-35   -1.1712E-32
     152.10000   -1.1982E-30   -1.0146E-35   -1.1728E-32
     152.20000   -1.1982E-30   -1.0157E-35   -1.1745E-32
     152.30000   -1.1982E-30   -1.0169E-35   -1.1761E-32
     152.40000   -1.1982E-30   -1.0181E-35   -1.1777E-32
     152.50000   -1.1982E-30   -1.0193E-35   -1.1794E-32
     152.60000   -1.1982E-30   -1.0206E-35   -1.1810E-32
     152.70000   -1.1982E-30   -1.0220E-35   -1.1826E-32
     152.80000   -1.1982E-30   -1.0234E-35   -1.1842E-32
     152.90000   -1.1982E-30   -1.0248E-35   -1.1857E-32
     153.00000   -1.1982E-30   -1.0263E-35   -1.1873E-32
     153.10000   -1.1982E-30   -1.0279E-35   -1.1889E-32
     153.20000   -1.1982E-30   -1.0295E-35   -1.1904E-32
     153.30000   -1.1982E-30   -1.0311E-35   -1.1920E-32
     153.40000   -1.1982E-30   -1.0328E-35   -1.1935E-32
     153.50000   -1.1982E-30   -1.0346E-35   -1.1951E-32
     153.60000   -1.1982E-30   -1.0364E-35   -1.1966E-32
     153.70000   -1.1982E-30   -1.0383E-35   -1.1981E-32
     153.80000   -1.1982E-30   -1.0402E-35   -1.1996E-32
     153.90000   -1.1982E-30   -1.0422E-35   -1.2011E-32
     154.00000   -1.1982E-30   -1.0442E-35   -1.2026E-32
     154.10000   -1.1982E-30   -1.0462E-35   -1.2041E-32
     154.20000   -1.1982E-30   -1.0482E-35   -1.2056E-32
     154.30000   -1.1983E-30   -1.0501E-35   -1.2072E-32
     154.40000   -1.1983E-30   -1.0519E-35   -1.2087E-32
     154.50000   -1.1983E-30   -1.0537E-35   -1.2102E-32
     154.60000   -1.1983E-30   -1.0555E-35   -1.2117E-32
     154.70000   -1.1983E-30   -1.0571E-35   -1.2133E-32
     154.80000   -1.1983E-30   -1.0588E-35   -1.2148E-32
     154.90000   -1.1983E-30   -1.0603E-35   -1.2164E-32
     155.00000   -1.1983E-30   -1.0618E-35   -1.2179E-32
     155.10000   -1.1983E-30   -1.0632E-35   -1.2190E-32
     155.20000   -1.1983E-30   -1.0645E-35   -1.2200E-32
     155.30000   -1.1984E-30   -1.0656E-35   -1.2208E-32
     155.40000   -1.1984E-30   -1.0665E-35   -1.2214E-32
     155.50000   -1.1985E-30   -1.0674E-35   -1.2220E-32
     155.60000   -1.1987E-30   -1.0682E-35   -1.2226E-32
     155.70000   -1.1988E-30   -1.0689E-35   -1.2231E-32
     155.80000   -1.1990E-30   -1.0696E-35   -1.2235E-32
     155.90000   -1.1992E-30   -1.0702E-35   -1.2239E-32
     156.00000   -1.1994E-30   -1.0708E-35   -1.2243E-32
     156.10000   -1.1996E-30   -1.0713E-35   -1.2246E-32
     156.20000   -1.1999E-30   -1.0718E-35   -1.2249E-32
     156.30000   -1.2002E-30   -1.0722E-35   -1.2253E-32
     156.40000   -1.2006E-30   -1.0727E-35   -1.2256E-32
     156.50000   -1.2009E-30   -1.0731E-35   -1.2258E-32
     156.60000   -1.2013E-30   -1.0735E-35   -1.2261E-32
     156.70000   -1.2018E-30   -1.0738E-35   -1.2264E-32
     156.80000   -1.2022E-30   -1.0742E-35   -1.2266E-32
     156.90000   -1.2027E-30   -1.0745E-35   -1.2268E-32
     157.00000   -1.2033E-30   -1.0748E-35   -1.2271E-32
     157.10000   -1.2038E-30   -1.0751E-35   -1.2273E-32
     157.20000   -1.2045E-30   -1.0753E-35   -1.2275E-32
     157.30000   -1.2051E-30   -1.0756E-35   -1.2277E-32
     157.40000   -1.2058E-30   -1.0759E-35   -1.2279E-32
     157.50000   -1.2064E-30   -1.0761E-35   -1.2281E-32
     157.60000   -1.2071E-30   -1.0764E-35   -1.2283E-32
     157.70000   -1.2078E-30   -1.0766E-35   -1.2285E-32
     157.80000   -1.2085E-30   -1.0768E-35   -1.2287E-32
     157.90000   -1.2093E-30   -1.0770E-35   -1.2289E-32
     158.00000   -1.2101E-30   -1.0772E-35   -1.2290E-32
     158.10000   -1.2109E-30   -1.0774E-35   -1.2292E-32
     158.20000   -1.2118E-30   -1.0776E-35   -1.2294E-32
     158.30000   -1.2127E-30   -1.0778E-35   -1.2295E-32
     158.40000   -1.2136E-30   -1.0779E-35   -1.2297E-32
     158.50000   -1.2146E-30   -1.0781E-35   -1.2298E-32
     158.60000   -1.2156E-30   -1.0782E-35   -1.2300E-32
     158.70000   -1.2167E-30   -1.0784E-35   -1.2301E-32
     158.80000   -1.2178E-30   -1.0785E-35   -1.2302E-32
     158.90000   -1.2190E-30   -1.0787E-35   -1.2304E-32
     159.00000   -1.2201E-30   -1.0788E-35   -1.2305E-32
     159.10000   -1.2213E-30   -1.0789E-35   -1.2306E-32
     159.20000   -1.2226E-30   -1.0790E-35   -1.2307E-32
     159.30000   -1.2239E-30   -1.0792E-35   -1.2309E-32
     159.40000   -1.2252E-30   -1.0793E-35   -1.2310E-32
     159.50000   -1.2266E-30   -1.0794E-35   -1.2311E-32
     159.60000   -1.2280E-30   -1.0795E-35   -1.2312E-32
     159.70000   -1.2294E-30   -1.0796E-35   -1.2313E-32
     159.80000   -1.2309E-30   -1.0797E-35   -1.2314E-32
     159.90000   -1.2324E-30   -1.0798E-35   -1.2315E-32
     160.00000   -1.2339E-30   -1.0799E-35   -1.2316E-32
     160.10000   -1.2355E-30   -1.0800E-35   -1.2317E-32
     160.20000   -1.2371E-30   -1.0801E-35   -1.2318E-32
     160.30000   -1.2386E-30   -1.0802E-35   -1.2319E-32
     160.40000   -1.2401E-30   -1.0803E-35   -1.2320E-32
     160.50000   -1.2417E-30   -1.0803E-35   -1.2320E-32
     160.60000   -1.2432E-30   -1.0804E-35   -1.2321E-32
     160.70000   -1.2446E-30   -1.0805E-35   -1.2322E-32
     160.80000   -1.2461E-30   -1.0806E-35   -1.2323E-32
     160.90000   -1.2476E-30   -1.0807E-35   -1.2324E-32
     161.00000   -1.2491E-30   -1.0808E-35   -1.2325E-32
     161.10000   -1.2505E-30   -1.0809E-35   -1.2326E-32
     161.20000   -1.2518E-30   -1.0810E-35   -1.2327E-32
     161.30000   -1.2532E-30   -1.0811E-35   -1.2327E-32
     161.40000   -1.2545E-30   -1.0812E-35   -1.2328E-32
     161.50000   -1.2558E-30   -1.0813E-35   -1.2329E-32
     161.60000   -1.2571E-30   -1.0814E-35   -1.2330E-32
     161.70000   -1.2583E-30   -1.0815E-35   -1.2330E-32
     161.80000   -1.2595E-30   -1.0816E-35   -1.2331E-32
     161.90000   -1.2607E-30   -1.0817E-35   -1.2332E-32
     162.00000   -1.2619E-30   -1.0818E-35   -1.2332E-32
     162.10000   -1.2632E-30   -1.0819E-35   -1.2333E-32
     162.20000   -1.2644E-30   -1.0820E-35   -1.2334E-32
     162.30000   -1.2656E-30   -1.0821E-35   -1.2334E-32
     162.40000   -1.2669E-30   -1.0822E-35   -1.2335E-32
     162.50000   -1.2681E-30   -1.0824E-35   -1.2336E-32
     162.60000   -1.2693E-30   -1.0825E-35   -1.2336E-32
     162.70000   -1.2706E-30   -1.0826E-35   -1.2337E-32
     162.80000   -1.2719E-30   -1.0827E-35   -1.2337E-32
     162.90000   -1.2731E-30   -1.0828E-35   -1.2338E-32
     163.00000   -1.2744E-30   -1.0830E-35   -1.2338E-32
     163.10000   -1.2756E-30   -1.0831E-35   -1.2339E-32
     163.20000   -1.2769E-30   -1.0832E-35   -1.2339E-32
     163.30000   -1.2782E-30   -1.0833E-35   -1.2340E-32
     163.40000   -1.2794E-30   -1.0835E-35   -1.2340E-32
     163.50000   -1.2807E-30   -1.0836E-35   -1.2340E-32
     163.60000   -1.2819E-30   -1.0837E-35   -1.2341E-32
     163.70000   -1.2832E-30   -1.0838E-35   -1.2341E-32
     163.80000   -1.2845E-30   -1.0840E-35   -1.2342E-32
     163.90000   -1.2857E-30   -1.0841E-35   -1.2342E-32
     164.00000   -1.2870E-30   -1.0842E-35   -1.2342E-32
     164.10000   -1.2882E-30   -1.0844E-35   -1.2343E-32
     164.20000   -1.2895E-30   -1.0845E-35   -1.2343E-32
     164.30000   -1.2907E-30   -1.0846E-35   -1.2343E-32
     164.40000   -1.2920E-30   -1.0848E-35   -1.2344E-32
     164.50000   -1.2932E-30   -1.0849E-35   -1.2344E-32
     164.60000   -1.2944E-30   -1.0851E-35   -1.2344E-32
     164.70000   -1.2956E-30   -1.0852E-35   -1.2345E-32
     164.80000   -1.2967E-30   -1.0853E-35   -1.2345E-32
     164.90000   -1.2979E-30   -1.0855E-35   -1.2345E-32
     165.00000   -1.2991E-30   -1.0856E-35   -1.2346E-32
     165.10000   -1.3003E-30   -1.0858E-35   -1.2346E-32
     165.20000   -1.3014E-30   -1.0859E-35   -1.2346E-32
     165.30000   -1.3026E-30   -1.0861E-35   -1.2346E-32
     165.40000   -1.3038E-30   -1.0862E-35   -1.2347E-32
     165.50000   -1.3049E-30   -1.0864E-35   -1.2347E-32
     165.60000   -1.3061E-30   -1.0865E-35   -1.2347E-32
     165.70000   -1.3072E-30   -1.0867E-35   -1.2347E-32
     165.80000   -1.3083E-30   -1.0868E-35   -1.2348E-32
     165.90000   -1.3095E-30   -1.0870E-35   -1.2348E-32
     166.00000   -1.3106E-30   -1.0871E-35   -1.2348E-32
     166.10000   -1.3117E-30   -1.0873E-35   -1.2348E-32
     166.20000   -1.3128E-30   -1.0874E-35   -1.2349E-32
     166.30000   -1.3140E-30   -1.0876E-35   -1.2349E-32
     166.40000   -1.3151E-30   -1.0878E-35   -1.2349E-32
     166.50000   -1.3162E-30   -1.0879E-35   -1.2349E-32
     166.60000   -1.3172E-30   -1.0881E-35   -1.2350E-32
     166.70000   -1.3183E-30   -1.0882E-35   -1.2350E-32
     166.80000   -1.3194E-30   -1.0884E-35   -1.2350E-32
     166.90000   -1.3205E-30   -1.0886E-35   -1.2350E-32
     167.00000   -1.3215E-30   -1.0887E-35   -1.2350E-32
     167.10000   -1.3226E-30   -1.0889E-35   -1.2351E-32
     167.20000   -1.3236E-30   -1.0891E-35   -1.2351E-32
     167.30000   -1.3247E-30   -1.0892E-35   -1.2351E-32
     167.40000   -1.3257E-30   -1.0894E-35   -1.2351E-32
     167.50000   -1.3267E-30   -1.0896E-35   -1.2351E-32
     167.60000   -1.3277E-30   -1.0898E-35   -1.2352E-32
     167.70000   -1.3286E-30   -1.0899E-35   -1.2352E-32
     167.80000   -1.3296E-30   -1.0901E-35   -1.2352E-32
     167.90000   -1.3306E-30   -1.0903E-35   -1.2352E-32
     168.00000   -1.3316E-30   -1.0905E-35   -1.2352E-32
     168.10000   -1.3325E-30   -1.0906E-35   -1.2353E-32
     168.20000   -1.3335E-30   -1.0908E-35   -1.2353E-32
     168.30000   -1.3345E-30   -1.0910E-35   -1.2353E-32
     168.40000   -1.3355E-30   -1.0911E-35   -1.2353E-32
     168.50000   -1.3364E-30   -1.0913E-35   -1.2353E-32
     168.60000   -1.3374E-30   -1.0914E-35   -1.2353E-32
     168.70000   -1.3384E-30   -1.0916E-35   -1.2354E-32
     168.80000   -1.3394E-30   -1.0917E-35   -1.2354E-32
     168.90000   -1.3404E-30   -1.0919E-35   -1.2354E-32
     169.00000   -1.3415E-30   -1.0920E-35   -1.2354E-32
     169.10000   -1.3425E-30   -1.0921E-35   -1.2354E-32
     169.20000   -1.3435E-30   -1.0923E-35   -1.2355E-32
     169.30000   -1.3445E-30   -1.0924E-35   -1.2355E-32
     169.40000   -1.3456E-30   -1.0925E-35   -1.2355E-32
     169.50000   -1.3466E-30   -1.0926E-35   -1.2355E-32
     169.60000   -1.3477E-30   -1.0927E-35   -1.2355E-32
     169.70000   -1.3488E-30   -1.0929E-35   -1.2356E-32
     169.80000   -1.3499E-30   -1.0930E-35   -1.2356E-32
     169.90000   -1.3510E-30   -1.0931E-35   -1.2356E-32
     170.00000   -1.3520E-30   -1.0932E-35   -1.2356E-32
     170.10000   -1.3532E-30   -1.0933E-35   -1.2356E-32
     170.20000   -1.3543E-30   -1.0934E-35   -1.2357E-32
     170.30000   -1.3554E-30   -1.0935E-35   -1.2357E-32
     170.40000   -1.3565E-30   -1.0936E-35   -1.2357E-32
     170.50000   -1.3577E-30   -1.0937E-35   -1.2357E-32
     170.60000   -1.3588E-30   -1.0937E-35   -1.2357E-32
     170.70000   -1.3600E-30   -1.0938E-35   -1.2358E-32
     170.80000   -1.3612E-30   -1.0939E-35   -1.2358E-32
     170.90000   -1.3623E-30   -1.0940E-35   -1.2358E-32
     171.00000   -1.3635E-30   -1.0941E-35   -1.2358E-32
     171.10000   -1.3647E-30   -1.0941E-35   -1.2359E-32
     171.20000   -1.3659E-30   -1.0942E-35   -1.2359E-32
     171.30000   -1.3672E-30   -1.0943E-35   -1.2359E-32
     171.40000   -1.3684E-30   -1.0943E-35   -1.2359E-32
     171.50000   -1.3696E-30   -1.0944E-35   -1.2359E-32
     171.60000   -1.3709E-30   -1.0945E-35   -1.2360E-32
     171.70000   -1.3722E-30   -1.0945E-35   -1.2360E-32
     171.80000   -1.3734E-30   -1.0946E-35   -1.2360E-32
     171.90000   -1.3747E-30   -1.0946E-35   -1.2360E-32
     172.00000   -1.3760E-30   -1.0947E-35   -1.2361E-32
     172.10000   -1.3774E-30   -1.0948E-35   -1.2361E-32
     172.20000   -1.3787E-30   -1.0948E-35   -1.2361E-32
     172.30000   -1.3800E-30   -1.0949E-35   -1.2361E-32
     172.40000   -1.3814E-30   -1.0949E-35   -1.2362E-32
     172.50000   -1.3827E-30   -1.0949E-35   -1.2362E-32
     172.60000   -1.3841E-30   -1.0950E-35   -1.2362E-32
     172.70000   -1.3855E-30   -1.0950E-35   -1.2362E-32
     172.80000   -1.3869E-30   -1.0951E-35   -1.2363E-32
     172.90000   -1.3883E-30   -1.0951E-35   -1.2363E-32
     173.00000   -1.3898E-30   -1.0951E-35   -1.2363E-32
     173.10000   -1.3912E-30   -1.0952E-35   -1.2363E-32
     173.20000   -1.3927E-30   -1.0952E-35   -1.2364E-32
     173.30000   -1.3942E-30   -1.0952E-35   -1.2364E-32
     173.40000   -1.3957E-30   -1.0953E-35   -1.2364E-32
     173.50000   -1.3972E-30   -1.0953E-35   -1.2365E-32
     173.60000   -1.3987E-30   -1.0953E-35   -1.2365E-32
     173.70000   -1.4003E-30   -1.0953E-35   -1.2365E-32
     173.80000   -1.4018E-30   -1.0954E-35   -1.2366E-32
     173.90000   -1.4034E-30   -1.0954E-35   -1.2366E-32
     174.00000   -1.4050E-30   -1.0954E-35   -1.2366E-32
     174.10000   -1.4066E-30   -1.0954E-35   -1.2367E-32
     174.20000   -1.4083E-30   -1.0955E-35   -1.2367E-32
     174.30000   -1.4099E-30   -1.0955E-35   -1.2367E-32
     174.40000   -1.4116E-30   -1.0955E-35   -1.2368E-32
     174.50000   -1.4134E-30   -1.0955E-35   -1.2368E-32
     174.60000   -1.4151E-30   -1.0955E-35   -1.2368E-32
     174.70000   -1.4169E-30   -1.0955E-35   -1.2369E-32
     174.80000   -1.4187E-30   -1.0955E-35   -1.2369E-32
     174.90000   -1.4205E-30   -1.0956E-35   -1.2369E-32
     175.00000   -1.4224E-30   -1.0956E-35   -1.2370E-32
     175.10000   -1.4242E-30   -1.0956E-35   -1.2370E-32
     175.20000   -1.4261E-30   -1.0956E-35   -1.2370E-32
     175.30000   -1.4279E-30   -1.0956E-35   -1.2371E-32
     175.40000   -1.4298E-30   -1.0956E-35   -1.2371E-32
     175.50000   -1.4316E-30   -1.0956E-35   -1.2371E-32
     175.60000   -1.4335E-30   -1.0956E-35   -1.2372E-32
     175.70000   -1.4353E-30   -1.0957E-35   -1.2372E-32
     175.80000   -1.4371E-30   -1.0957E-35   -1.2373E-32
     175.90000   -1.4390E-30   -1.0957E-35   -1.2373E-32
     176.00000   -1.4408E-30   -1.0957E-35   -1.2373E-32
     176.10000   -1.4426E-30   -1.0957E-35   -1.2374E-32
     176.20000   -1.4444E-30   -1.0957E-35   -1.2374E-32
     176.30000   -1.4462E-30   -1.0958E-35   -1.2374E-32
     176.40000   -1.4480E-30   -1.0958E-35   -1.2375E-32
     176.50000   -1.4498E-30   -1.0958E-35   -1.2375E-32
     176.60000   -1.4515E-30   -1.0958E-35   -1.2376E-32
     176.70000   -1.4533E-30   -1.0958E-35   -1.2376E-32
     176.80000   -1.4550E-30   -1.0959E-35   -1.2376E-32
     176.90000   -1.4568E-30   -1.0959E-35   -1.2377E-32
     177.00000   -1.4585E-30   -1.0959E-35   -1.2377E-32
     177.10000   -1.4602E-30   -1.0959E-35   -1.2377E-32
     177.20000   -1.4619E-30   -1.0960E-35   -1.2378E-32
     177.30000   -1.4636E-30   -1.0960E-35   -1.2378E-32
     177.40000   -1.4653E-30   -1.0960E-35   -1.2378E-32
     177.50000   -1.4669E-30   -1.0960E-35   -1.2379E-32
     177.60000   -1.4686E-30   -1.0961E-35   -1.2379E-32
     177.70000   -1.4702E-30   -1.0961E-35   -1.2380E-32
     177.80000   -1.4719E-30   -1.0961E-35   -1.2380E-32
     177.90000   -1.4735E-30   -1.0962E-35   -1.2380E-32
     178.00000   -1.4751E-30   -1.0962E-35   -1.2381E-32
     178.10000   -1.4767E-30   -1.0962E-35   -1.2381E-32
     178.20000   -1.4783E-30   -1.0963E-35   -1.2381E-32
     178.30000   -1.4798E-30   -1.0963E-35   -1.2382E-32
     178.40000   -1.4814E-30   -1.0964E-35   -1.2382E-32
     178.50000   -1.4830E-30   -1.0964E-35   -1.2383E-32
     178.60000   -1.4845E-30   -1.0964E-35   -1.2383E-32
     178.70000   -1.4861E-30   -1.0965E-35   -1.2383E-32
     178.80000   -1.4876E-30   -1.0965E-35   -1.2384E-32
     178.90000   -1.4892E-30   -1.0966E-35   -1.2384E-32
     179.00000   -1.4907E-30   -1.0966E-35   -1.2384E-32
     179.10000   -1.4922E-30   -1.0967E-35   -1.2385E-32
     179.20000   -1.4937E-30   -1.0968E-35   -1.2385E-32
     179.30000   -1.4952E-30   -1.0968E-35   -1.2385E-32
     179.40000   -1.4966E-30   -1.0969E-35   -1.2386E-32
     179.50000   -1.4981E-30   -1.0969E-35   -1.2386E-32
     179.60000   -1.4996E-30   -1.0970E-35   -1.2386E-32
     179.70000   -1.5010E-30   -1.0971E-35   -1.2387E-32
     179.80000   -1.5025E-30   -1.0971E-35   -1.2387E-32
     179.90000   -1.5039E-30   -1.0972E-35   -1.2388E-32
     180.00000   -1.5054E-30   -1.0973E-35   -1.2388E-32
     180.10000   -1.5068E-30   -1.0974E-35   -1.2388E-32
     180.20000   -1.5082E-30   -1.0975E-35   -1.2389E-32
     180.30000   -1.5096E-30   -1.0975E-35   -1.2389E-32
     180.40000   -1.5110E-30   -1.0976E-35   -1.2389E-32
     180.50000   -1.5124E-30   -1.0977E-35   -1.2390E-32
     180.60000   -1.5138E-30   -1.0978E-35   -1.2390E-32
     180.70000   -1.5152E-30   -1.0979E-35   -1.2391E-32
     180.80000   -1.5166E-30   -1.0980E-35   -1.2391E-32
     180.90000   -1.5180E-30   -1.0981E-35   -1.2391E-32
     181.00000   -1.5194E-30   -1.0983E-35   -1.2392E-32
     181.10000   -1.5209E-30   -1.0984E-35   -1.2392E-32
     181.20000   -1.5223E-30   -1.0985E-35   -1.2392E-32
     181.30000   -1.5237E-30   -1.0987E-35   -1.2393E-32
     181.40000   -1.5251E-30   -1.0988E-35   -1.2393E-32
     181.50000   -1.5266E-30   -1.0989E-35   -1.2394E-32
     181.60000   -1.5281E-30   -1.0991E-35   -1.2394E-32
     181.70000   -1.5296E-30   -1.0993E-35   -1.2394E-32
     181.80000   -1.5312E-30   -1.0995E-35   -1.2395E-32
     181.90000   -1.5328E-30   -1.0997E-35   -1.2395E-32
     182.00000   -1.5346E-30   -1.0999E-35   -1.2396E-32
     182.10000   -1.5365E-30   -1.1001E-35   -1.2396E-32
     182.20000   -1.5382E-30   -1.1003E-35   -1.2397E-32
     182.30000   -1.5399E-30   -1.1005E-35   -1.2397E-32
     182.40000   -1.5415E-30   -1.1007E-35   -1.2398E-32
     182.50000   -1.5431E-30   -1.1008E-35   -1.2398E-32
     182.60000   -1.5447E-30   -1.1010E-35   -1.2399E-32
     182.70000   -1.5462E-30   -1.1011E-35   -1.2399E-32
     182.80000   -1.5477E-30   -1.1013E-35   -1.2399E-32
     182.90000   -1.5492E-30   -1.1014E-35   -1.2400E-32
     183.00000   -1.5507E-30   -1.1015E-35   -1.2400E-32
     183.10000   -1.5521E-30   -1.1016E-35   -1.2401E-32
     183.20000   -1.5536E-30   -1.1017E-35   -1.2401E-32
     183.30000   -1.5550E-30   -1.1018E-35   -1.2402E-32
     183.40000   -1.5564E-30   -1.1019E-35   -1.2402E-32
     183.50000   -1.5578E-30   -1.1020E-35   -1.2402E-32
     183.60000   -1.5591E-30   -1.1021E-35   -1.2403E-32
     183.70000   -1.5605E-30   -1.1022E-35   -1.2403E-32
     183.80000   -1.5618E-30   -1.1023E-35   -1.2404E-32
     183.90000   -1.5632E-30   -1.1024E-35   -1.2404E-32
     184.00000   -1.5645E-30   -1.1025E-35   -1.2404E-32
     184.10000   -1.5658E-30   -1.1026E-35   -1.2405E-32
     184.20000   -1.5671E-30   -1.1026E-35   -1.2405E-32
     184.30000   -1.5684E-30   -1.1027E-35   -1.2406E-32
     184.40000   -1.5697E-30   -1.1028E-35   -1.2406E-32
     184.50000   -1.5710E-30   -1.1029E-35   -1.2407E-32
     184.60000   -1.5722E-30   -1.1029E-35   -1.2407E-32
     184.70000   -1.5735E-30   -1.1030E-35   -1.2408E-32
     184.80000   -1.5747E-30   -1.1030E-35   -1.2408E-32
     184.90000   -1.5760E-30   -1.1031E-35   -1.2409E-32
     185.00000   -1.5772E-30   -1.1032E-35   -1.2409E-32
     185.10000   -1.5784E-30   -1.1032E-35   -1.2409E-32
     185.20000   -1.5796E-30   -1.1033E-35   -1.2410E-32
     185.30000   -1.5808E-30   -1.1033E-35   -1.2410E-32
     185.40000   -1.5820E-30   -1.1034E-35   -1.2411E-32
     185.50000   -1.5832E-30   -1.1034E-35   -1.2411E-32
     185.60000   -1.5844E-30   -1.1035E-35   -1.2412E-32
     185.70000   -1.5856E-30   -1.1035E-35   -1.2412E-32
     185.80000   -1.5868E-30   -1.1036E-35   -1.2413E-32
     185.90000   -1.5880E-30   -1.1036E-35   -1.2413E-32
     186.00000   -1.5891E-30   -1.1036E-35   -1.2414E-32
     186.10000   -1.5903E-30   -1.1037E-35   -1.2414E-32
     186.20000   -1.5914E-30   -1.1037E-35   -1.2415E-32
     186.30000   -1.5925E-30   -1.1037E-35   -1.2416E-32
     186.40000   -1.5936E-30   -1.1038E-35   -1.2416E-32
     186.50000   -1.5947E-30   -1.1038E-35   -1.2417E-32
     186.60000   -1.5958E-30   -1.1038E-35   -1.2417E-32
     186.70000   -1.5968E-30   -1.1039E-35   -1.2418E-32
     186.80000   -1.5979E-30   -1.1039E-35   -1.2418E-32
     186.90000   -1.5989E-30   -1.1039E-35   -1.2419E-32
     187.00000   -1.5999E-30   -1.1040E-35   -1.2420E-32
     187.10000   -1.6009E-30   -1.1040E-35   -1.2420E-32
     187.20000   -1.6019E-30   -1.1040E-35   -1.2421E-32
     187.30000   -1.6029E-30   -1.1040E-35   -1.2421E-32
     187.40000   -1.6038E-30   -1.1040E-35   -1.2422E-32
     187.50000   -1.6048E-30   -1.1041E-35   -1.2423E-32
     187.60000   -1.6057E-30   -1.1041E-35   -1.2423E-32
     187.70000   -1.6066E-30   -1.1041E-35   -1.2424E-32
     187.80000   -1.6075E-30   -1.1041E-35   -1.2425E-32
     187.90000   -1.6084E-30   -1.1041E-35   -1.2425E-32
     188.00000   -1.6093E-30   -1.1041E-35   -1.2426E-32
     188.10000   -1.6101E-30   -1.1042E-35   -1.2427E-32
     188.20000   -1.6110E-30   -1.1042E-35   -1.2427E-32
     188.30000   -1.6119E-30   -1.1042E-35   -1.2428E-32
     188.40000   -1.6128E-30   -1.1042E-35   -1.2429E-32
     188.50000   -1.6136E-30   -1.1042E-35   -1.2429E-32
     188.60000   -1.6145E-30   -1.1042E-35   -1.2430E-32
     188.70000   -1.6154E-30   -1.1042E-35   -1.2431E-32
     188.80000   -1.6163E-30   -1.1042E-35   -1.2431E-32
     188.90000   -1.6172E-30   -1.1042E-35   -1.2432E-32
     189.00000   -1.6180E-30   -1.1042E-35   -1.2432E-32
     189.10000   -1.6189E-30   -1.1043E-35   -1.2433E-32
     189.20000   -1.6197E-30   -1.1043E-35   -1.2434E-32
     189.30000   -1.6205E-30   -1.1043E-35   -1.2434E-32
     189.40000   -1.6214E-30   -1.1043E-35   -1.2435E-32
     189.50000   -1.6222E-30   -1.1043E-35   -1.2436E-32
     189.60000   -1.6230E-30   -1.1043E-35   -1.2436E-32
     189.70000   -1.6238E-30   -1.1043E-35   -1.2437E-32
     189.80000   -1.6245E-30   -1.1044E-35   -1.2437E-32
     189.90000   -1.6253E-30   -1.1044E-35   -1.2438E-32
     190.00000   -1.6260E-30   -1.1044E-35   -1.2439E-32
     190.10000   -1.6267E-30   -1.1044E-35   -1.2439E-32
     190.20000   -1.6274E-30   -1.1044E-35   -1.2440E-32
     190.30000   -1.6281E-30   -1.1045E-35   -1.2440E-32
     190.40000   -1.6288E-30   -1.1045E-35   -1.2441E-32
     190.50000   -1.6294E-30   -1.1045E-35   -1.2442E-32
     190.60000   -1.6300E-30   -1.1045E-35   -1.2442E-32
     190.70000   -1.6306E-30   -1.1046E-35   -1.2443E-32
     190.80000   -1.6312E-30   -1.1046E-35   -1.2443E-32
     190.90000   -1.6318E-30   -1.1046E-35   -1.2444E-32
     191.00000   -1.6324E-30   -1.1047E-35   -1.2445E-32
     191.10000   -1.6329E-30   -1.1047E-35   -1.2445E-32
     191.20000   -1.6335E-30   -1.1047E-35   -1.2446E-32
     191.30000   -1.6340E-30   -1.1048E-35   -1.2446E-32
     191.40000   -1.6346E-30   -1.1048E-35   -1.2447E-32
     191.50000   -1.6351E-30   -1.1049E-35   -1.2447E-32
     191.60000   -1.6356E-30   -1.1049E-35   -1.2448E-32
     191.70000   -1.6361E-30   -1.1050E-35   -1.2448E-32
     191.80000   -1.6366E-30   -1.1050E-35   -1.2449E-32
     191.90000   -1.6371E-30   -1.1051E-35   -1.2450E-32
     192.00000   -1.6376E-30   -1.1051E-35   -1.2450E-32
     192.10000   -1.6381E-30   -1.1052E-35   -1.2451E-32
     192.20000   -1.6386E-30   -1.1052E-35   -1.2451E-32
     192.30000   -1.6391E-30   -1.1053E-35   -1.2452E-32
     192.40000   -1.6396E-30   -1.1054E-35   -1.2452E-32
     192.50000   -1.6401E-30   -1.1054E-35   -1.2453E-32
     192.60000   -1.6405E-30   -1.1055E-35   -1.2453E-32
     192.70000   -1.6410E-30   -1.1056E-35   -1.2454E-32
     192.80000   -1.6415E-30   -1.1056E-35   -1.2454E-32
     192.90000   -1.6419E-30   -1.1057E-35   -1.2455E-32
     193.00000   -1.6424E-30   -1.1058E-35   -1.2455E-32
     193.10000   -1.6429E-30   -1.1059E-35   -1.2456E-32
     193.20000   -1.6433E-30   -1.1060E-35   -1.2456E-32
     193.30000   -1.6438E-30   -1.1061E-35   -1.2457E-32
     193.40000   -1.6443E-30   -1.1061E-35   -1.2457E-32
     193.50000   -1.6447E-30   -1.1062E-35   -1.2458E-32
     193.60000   -1.6452E-30   -1.1063E-35   -1.2458E-32
     193.70000   -1.6457E-30   -1.1064E-35   -1.2458E-32
     193.80000   -1.6462E-30   -1.1065E-35   -1.2459E-32
     193.90000   -1.6466E-30   -1.1067E-35   -1.2459E-32
     194.00000   -1.6471E-30   -1.1068E-35   -1.2460E-32
     194.10000   -1.6476E-30   -1.1069E-35   -1.2460E-32
     194.20000   -1.6481E-30   -1.1070E-35   -1.2461E-32
     194.30000   -1.6485E-30   -1.1071E-35   -1.2461E-32
     194.40000   -1.6490E-30   -1.1072E-35   -1.2461E-32
     194.50000   -1.6495E-30   -1.1074E-35   -1.2462E-32
     194.60000   -1.6500E-30   -1.1075E-35   -1.2462E-32
     194.70000   -1.6505E-30   -1.1076E-35   -1.2463E-32
     194.80000   -1.6510E-30   -1.1078E-35   -1.2463E-32
     194.90000   -1.6515E-30   -1.1079E-35   -1.2463E-32
     195.00000   -1.6520E-30   -1.1081E-35   -1.2464E-32
     195.10000   -1.6525E-30   -1.1082E-35   -1.2464E-32
     195.20000   -1.6530E-30   -1.1084E-35   -1.2464E-32
     195.30000   -1.6535E-30   -1.1085E-35   -1.2465E-32
     195.40000   -1.6539E-30   -1.1087E-35   -1.2465E-32
     195.50000   -1.6544E-30   -1.1088E-35   -1.2466E-32
     195.60000   -1.6549E-30   -1.1090E-35   -1.2466E-32
     195.70000   -1.6554E-30   -1.1092E-35   -1.2466E-32
     195.80000   -1.6559E-30   -1.1094E-35   -1.2467E-32
     195.90000   -1.6563E-30   -1.1095E-35   -1.2467E-32
     196.00000   -1.6568E-30   -1.1097E-35   -1.2467E-32
     196.10000   -1.6573E-30   -1.1099E-35   -1.2468E-32
     196.20000   -1.6578E-30   -1.1100E-35   -1.2468E-32
     196.30000   -1.6583E-30   -1.1102E-35   -1.2469E-32
     196.40000   -1.6588E-30   -1.1103E-35   -1.2469E-32
     196.50000   -1.6593E-30   -1.1105E-35   -1.2469E-32
     196.60000   -1.6598E-30   -1.1106E-35   -1.2470E-32
     196.70000   -1.6603E-30   -1.1108E-35   -1.2470E-32
     196.80000   -1.6609E-30   -1.1109E-35   -1.2470E-32
     196.90000   -1.6614E-30   -1.1111E-35   -1.2471E-32
     197.00000   -1.6619E-30   -1.1112E-35   -1.2471E-32
     197.10000   -1.6625E-30   -1.1113E-35   -1.2472E-32
     197.20000   -1.6631E-30   -1.1115E-35   -1.2472E-32
     197.30000   -1.6637E-30   -1.1116E-35   -1.2472E-32
     197.40000   -1.6643E-30   -1.1117E-35   -1.2473E-32
     197.50000   -1.6649E-30   -1.1118E-35   -1.2473E-32
     197.60000   -1.6655E-30   -1.1120E-35   -1.2474E-32
     197.70000   -1.6662E-30   -1.1121E-35   -1.2474E-32
     197.80000   -1.6669E-30   -1.1122E-35   -1.2474E-32
     197.90000   -1.6676E-30   -1.1123E-35   -1.2475E-32
     198.00000   -1.6683E-30   -1.1124E-35   -1.2475E-32
     198.10000   -1.6690E-30   -1.1125E-35   -1.2476E-32
     198.20000   -1.6697E-30   -1.1126E-35   -1.2476E-32
     198.30000   -1.6705E-30   -1.1127E-35   -1.2476E-32
     198.40000   -1.6713E-30   -1.1128E-35   -1.2477E-32
     198.50000   -1.6721E-30   -1.1129E-35   -1.2477E-32
     198.60000   -1.6729E-30   -1.1130E-35   -1.2477E-32
     198.70000   -1.6738E-30   -1.1131E-35   -1.2478E-32
     198.80000   -1.6746E-30   -1.1132E-35   -1.2478E-32
     198.90000   -1.6755E-30   -1.1132E-35   -1.2479E-32
     199.00000   -1.6765E-30   -1.1133E-35   -1.2479E-32
     199.10000   -1.6774E-30   -1.1134E-35   -1.2479E-32
     199.20000   -1.6784E-30   -1.1135E-35   -1.2480E-32
     199.30000   -1.6794E-30   -1.1135E-35   -1.2480E-32
     199.40000   -1.6803E-30   -1.1136E-35   -1.2481E-32
     199.50000   -1.6814E-30   -1.1137E-35   -1.2481E-32
     199.60000   -1.6824E-30   -1.1138E-35   -1.2481E-32
     199.70000   -1.6835E-30   -1.1138E-35   -1.2482E-32
     199.80000   -1.6846E-30   -1.1139E-35   -1.2482E-32
     199.90000   -1.6857E-30   -1.1140E-35   -1.2483E-32
     200.00000   -1.6869E-30   -1.1140E-35   -1.2483E-32
     200.10000   -1.6881E-30   -1.1141E-35   -1.2483E-32
     200.20000   -1.6894E-30   -1.1141E-35   -1.2484E-32
     200.30000   -1.6906E-30   -1.1142E-35   -1.2484E-32
     200.40000   -1.6920E-30   -1.1142E-35   -1.2485E-32
     200.50000   -1.6933E-30   -1.1143E-35   -1.2485E-32
     200.60000   -1.6947E-30   -1.1144E-35   -1.2485E-32
     200.70000   -1.6962E-30   -1.1144E-35   -1.2486E-32
     200.80000   -1.6977E-30   -1.1145E-35   -1.2486E-32
     200.90000   -1.6992E-30   -1.1145E-35   -1.2487E-32
     201.00000   -1.7008E-30   -1.1145E-35   -1.2487E-32
     201.10000   -1.7024E-30   -1.1146E-35   -1.2487E-32
     201.20000   -1.7041E-30   -1.1146E-35   -1.2488E-32
     201.30000   -1.7059E-30   -1.1147E-35   -1.2488E-32
     201.40000   -1.7077E-30   -1.1147E-35   -1.2489E-32
     201.50000   -1.7095E-30   -1.1148E-35   -1.2489E-32
     201.60000   -1.7114E-30   -1.1148E-35   -1.2490E-32
     201.70000   -1.7134E-30   -1.1148E-35   -1.2490E-32
     201.80000   -1.7154E-30   -1.1149E-35   -1.2490E-32
     201.90000   -1.7175E-30   -1.1149E-35   -1.2491E-32
     202.00000   -1.7196E-30   -1.1149E-35   -1.2491E-32
     202.10000   -1.7217E-30   -1.1150E-35   -1.2492E-32
     202.20000   -1.7238E-30   -1.1150E-35   -1.2492E-32
     202.30000   -1.7260E-30   -1.1150E-35   -1.2493E-32
     202.40000   -1.7282E-30   -1.1151E-35   -1.2493E-32
     202.50000   -1.7305E-30   -1.1151E-35   -1.2494E-32
     202.60000   -1.7328E-30   -1.1151E-35   -1.2494E-32
     202.70000   -1.7351E-30   -1.1151E-35   -1.2495E-32
     202.80000   -1.7374E-30   -1.1152E-35   -1.2495E-32
     202.90000   -1.7397E-30   -1.1152E-35   -1.2496E-32
     203.00000   -1.7421E-30   -1.1152E-35   -1.2496E-32
     203.10000   -1.7444E-30   -1.1153E-35   -1.2497E-32
     203.20000   -1.7467E-30   -1.1153E-35   -1.2497E-32
     203.30000   -1.7490E-30   -1.1153E-35   -1.2498E-32
     203.40000   -1.7513E-30   -1.1154E-35   -1.2498E-32
     203.50000   -1.7537E-30   -1.1154E-35   -1.2499E-32
     203.60000   -1.7560E-30   -1.1154E-35   -1.2499E-32
     203.70000   -1.7583E-30   -1.1155E-35   -1.2500E-32
     203.80000   -1.7607E-30   -1.1155E-35   -1.2500E-32
     203.90000   -1.7631E-30   -1.1155E-35   -1.2500E-32
     204.00000   -1.7656E-30   -1.1156E-35   -1.2501E-32
     204.10000   -1.7681E-30   -1.1156E-35   -1.2501E-32
     204.20000   -1.7706E-30   -1.1157E-35   -1.2502E-32
     204.30000   -1.7731E-30   -1.1157E-35   -1.2502E-32
     204.40000   -1.7757E-30   -1.1157E-35   -1.2503E-32
     204.50000   -1.7783E-30   -1.1158E-35   -1.2503E-32
     204.60000   -1.7809E-30   -1.1158E-35   -1.2504E-32
     204.70000   -1.7836E-30   -1.1159E-35   -1.2504E-32
     204.80000   -1.7863E-30   -1.1159E-35   -1.2505E-32
     204.90000   -1.7890E-30   -1.1160E-35   -1.2505E-32
     205.00000   -1.7917E-30   -1.1160E-35   -1.2505E-32
     205.10000   -1.7945E-30   -1.1161E-35   -1.2506E-32
     205.20000   -1.7973E-30   -1.1161E-35   -1.2506E-32
     205.30000   -1.8001E-30   -1.1162E-35   -1.2507E-32
     205.40000   -1.8029E-30   -1.1162E-35   -1.2507E-32
     205.50000   -1.8058E-30   -1.1163E-35   -1.2508E-32
     205.60000   -1.8087E-30   -1.1163E-35   -1.2508E-32
     205.70000   -1.8116E-30   -1.1164E-35   -1.2508E-32
     205.80000   -1.8146E-30   -1.1165E-35   -1.2509E-32
     205.90000   -1.8176E-30   -1.1165E-35   -1.2509E-32
     206.00000   -1.8206E-30   -1.1166E-35   -1.2510E-32
     206.10000   -1.8237E-30   -1.1167E-35   -1.2510E-32
     206.20000   -1.8268E-30   -1.1167E-35   -1.2510E-32
     206.30000   -1.8299E-30   -1.1168E-35   -1.2511E-32
     206.40000   -1.8331E-30   -1.1169E-35   -1.2511E-32
     206.50000   -1.8363E-30   -1.1170E-35   -1.2512E-32
     206.60000   -1.8397E-30   -1.1171E-35   -1.2512E-32
     206.70000   -1.8431E-30   -1.1172E-35   -1.2513E-32
     206.80000   -1.8467E-30   -1.1173E-35   -1.2513E-32
     206.90000   -1.8502E-30   -1.1174E-35   -1.2513E-32
     207.00000   -1.8537E-30   -1.1175E-35   -1.2514E-32
     207.10000   -1.8570E-30   -1.1176E-35   -1.2514E-32
     207.20000   -1.8602E-30   -1.1177E-35   -1.2515E-32
     207.30000   -1.8632E-30   -1.1178E-35   -1.2515E-32
     207.40000   -1.8662E-30   -1.1179E-35   -1.2515E-32
     207.50000   -1.8691E-30   -1.1180E-35   -1.2516E-32
     207.60000   -1.8720E-30   -1.1181E-35   -1.2516E-32
     207.70000   -1.8748E-30   -1.1182E-35   -1.2516E-32
     207.80000   -1.8775E-30   -1.1182E-35   -1.2517E-32
     207.90000   -1.8802E-30   -1.1183E-35   -1.2517E-32
     208.00000   -1.8828E-30   -1.1184E-35   -1.2517E-32
     208.10000   -1.8854E-30   -1.1185E-35   -1.2518E-32
     208.20000   -1.8880E-30   -1.1186E-35   -1.2518E-32
     208.30000   -1.8905E-30   -1.1186E-35   -1.2518E-32
     208.40000   -1.8929E-30   -1.1187E-35   -1.2518E-32
     208.50000   -1.8954E-30   -1.1188E-35   -1.2519E-32
     208.60000   -1.8977E-30   -1.1189E-35   -1.2519E-32
     208.70000   -1.9001E-30   -1.1189E-35   -1.2519E-32
     208.80000   -1.9024E-30   -1.1190E-35   -1.2519E-32
     208.90000   -1.9047E-30   -1.1191E-35   -1.2520E-32
     209.00000   -1.9070E-30   -1.1192E-35   -1.2520E-32
     209.10000   -1.9092E-30   -1.1192E-35   -1.2520E-32
     209.20000   -1.9114E-30   -1.1193E-35   -1.2520E-32
     209.30000   -1.9135E-30   -1.1194E-35   -1.2521E-32
     209.40000   -1.9156E-30   -1.1195E-35   -1.2521E-32
     209.50000   -1.9177E-30   -1.1195E-35   -1.2521E-32
     209.60000   -1.9198E-30   -1.1196E-35   -1.2521E-32
     209.70000   -1.9218E-30   -1.1197E-35   -1.2521E-32
     209.80000   -1.9238E-30   -1.1197E-35   -1.2522E-32
     209.90000   -1.9259E-30   -1.1198E-35   -1.2522E-32
     210.00000   -1.9279E-30   -1.1199E-35   -1.2522E-32
     210.10000   -1.9299E-30   -1.1200E-35   -1.2522E-32
     210.20000   -1.9320E-30   -1.1200E-35   -1.2522E-32
     210.30000   -1.9340E-30   -1.1201E-35   -1.2523E-32
     210.40000   -1.9361E-30   -1.1201E-35   -1.2523E-32
     210.50000   -1.9381E-30   -1.1202E-35   -1.2523E-32
     210.60000   -1.9402E-30   -1.1202E-35   -1.2523E-32
     210.70000   -1.9422E-30   -1.1203E-35   -1.2524E-32
     210.80000   -1.9443E-30   -1.1204E-35   -1.2524E-32
     210.90000   -1.9464E-30   -1.1204E-35   -1.2524E-32
     211.00000   -1.9485E-30   -1.1205E-35   -1.2524E-32
     211.10000   -1.9506E-30   -1.1205E-35   -1.2524E-32
     211.20000   -1.9527E-30   -1.1205E-35   -1.2525E-32
     211.30000   -1.9548E-30   -1.1206E-35   -1.2525E-32
     211.40000   -1.9569E-30   -1.1206E-35   -1.2525E-32
     211.50000   -1.9591E-30   -1.1207E-35   -1.2525E-32
     211.60000   -1.9613E-30   -1.1207E-35   -1.2525E-32
     211.70000   -1.9634E-30   -1.1207E-35   -1.2526E-32
     211.80000   -1.9656E-30   -1.1208E-35   -1.2526E-32
     211.90000   -1.9678E-30   -1.1208E-35   -1.2526E-32
     212.00000   -1.9700E-30   -1.1209E-35   -1.2526E-32
     212.10000   -1.9722E-30   -1.1209E-35   -1.2527E-32
     212.20000   -1.9744E-30   -1.1209E-35   -1.2527E-32
     212.30000   -1.9767E-30   -1.1210E-35   -1.2527E-32
     212.40000   -1.9789E-30   -1.1210E-35   -1.2527E-32
     212.50000   -1.9812E-30   -1.1210E-35   -1.2527E-32
     212.60000   -1.9835E-30   -1.1210E-35   -1.2528E-32
     212.70000   -1.9858E-30   -1.1211E-35   -1.2528E-32
     212.80000   -1.9881E-30   -1.1211E-35   -1.2528E-32
     212.90000   -1.9904E-30   -1.1211E-35   -1.2528E-32
     213.00000   -1.9927E-30   -1.1211E-35   -1.2529E-32
     213.10000   -1.9951E-30   -1.1212E-35   -1.2529E-32
     213.20000   -1.9974E-30   -1.1212E-35   -1.2529E-32
     213.30000   -1.9998E-30   -1.1212E-35   -1.2529E-32
     213.40000   -2.0022E-30   -1.1212E-35   -1.2530E-32
     213.50000   -2.0046E-30   -1.1213E-35   -1.2530E-32
     213.60000   -2.0070E-30   -1.1213E-35   -1.2530E-32
     213.70000   -2.0094E-30   -1.1213E-35   -1.2530E-32
     213.80000   -2.0118E-30   -1.1213E-35   -1.2530E-32
     213.90000   -2.0142E-30   -1.1213E-35   -1.2531E-32
     214.00000   -2.0167E-30   -1.1214E-35   -1.2531E-32
     214.10000   -2.0192E-30   -1.1214E-35   -1.2531E-32
     214.20000   -2.0216E-30   -1.1214E-35   -1.2531E-32
     214.30000   -2.0241E-30   -1.1214E-35   -1.2532E-32
     214.40000   -2.0266E-30   -1.1214E-35   -1.2532E-32
     214.50000   -2.0291E-30   -1.1214E-35   -1.2532E-32
     214.60000   -2.0316E-30   -1.1214E-35   -1.2532E-32
     214.70000   -2.0342E-30   -1.1215E-35   -1.2533E-32
     214.80000   -2.0367E-30   -1.1215E-35   -1.2533E-32
     214.90000   -2.0392E-30   -1.1215E-35   -1.2533E-32
     215.00000   -2.0418E-30   -1.1215E-35   -1.2533E-32
     215.10000   -2.0444E-30   -1.1215E-35   -1.2534E-32
     215.20000   -2.0469E-30   -1.1215E-35   -1.2534E-32
     215.30000   -2.0495E-30   -1.1215E-35   -1.2534E-32
     215.40000   -2.0521E-30   -1.1215E-35   -1.2534E-32
     215.50000   -2.0547E-30   -1.1215E-35   -1.2535E-32
     215.60000   -2.0573E-30   -1.1216E-35   -1.2535E-32
     215.70000   -2.0599E-30   -1.1216E-35   -1.2535E-32
     215.80000   -2.0625E-30   -1.1216E-35   -1.2535E-32
     215.90000   -2.0651E-30   -1.1216E-35   -1.2536E-32
     216.00000   -2.0677E-30   -1.1216E-35   -1.2536E-32
     216.10000   -2.0703E-30   -1.1216E-35   -1.2536E-32
     216.20000   -2.0729E-30   -1.1216E-35   -1.2536E-32
     216.30000   -2.0755E-30   -1.1216E-35   -1.2537E-32
     216.40000   -2.0781E-30   -1.1216E-35   -1.2537E-32
     216.50000   -2.0807E-30   -1.1216E-35   -1.2537E-32
     216.60000   -2.0833E-30   -1.1216E-35   -1.2537E-32
     216.70000   -2.0859E-30   -1.1216E-35   -1.2538E-32
     216.80000   -2.0884E-30   -1.1217E-35   -1.2538E-32
     216.90000   -2.0909E-30   -1.1217E-35   -1.2538E-32
     217.00000   -2.0934E-30   -1.1217E-35   -1.2538E-32
     217.10000   -2.0958E-30   -1.1217E-35   -1.2539E-32
     217.20000   -2.0982E-30   -1.1217E-35   -1.2539E-32
     217.30000   -2.1005E-30   -1.1217E-35   -1.2539E-32
     217.40000   -2.1028E-30   -1.1217E-35   -1.2539E-32
     217.50000   -2.1051E-30   -1.1217E-35   -1.2539E-32
     217.60000   -2.1074E-30   -1.1217E-35   -1.2540E-32
     217.70000   -2.1096E-30   -1.1218E-35   -1.2540E-32
     217.80000   -2.1118E-30   -1.1218E-35   -1.2540E-32
     217.90000   -2.1140E-30   -1.1218E-35   -1.2540E-32
     218.00000   -2.1161E-30   -1.1218E-35   -1.2541E-32
     218.10000   -2.1182E-30   -1.1218E-35   -1.2541E-32
     218.20000   -2.1203E-30   -1.1219E-35   -1.2541E-32
     218.30000   -2.1224E-30   -1.1219E-35   -1.2541E-32
     218.40000   -2.1244E-30   -1.1219E-35   -1.2541E-32
     218.50000   -2.1264E-30   -1.1219E-35   -1.2542E-32
     218.60000   -2.1284E-30   -1.1220E-35   -1.2542E-32
     218.70000   -2.1303E-30   -1.1220E-35   -1.2542E-32
     218.80000   -2.1323E-30   -1.1220E-35   -1.2542E-32
     218.90000   -2.1342E-30   -1.1220E-35   -1.2542E-32
     219.00000   -2.1361E-30   -1.1221E-35   -1.2543E-32
     219.10000   -2.1380E-30   -1.1221E-35   -1.2543E-32
     219.20000   -2.1398E-30   -1.1221E-35   -1.2543E-32
     219.30000   -2.1417E-30   -1.1222E-35   -1.2543E-32
     219.40000   -2.1435E-30   -1.1222E-35   -1.2543E-32
     219.50000   -2.1453E-30   -1.1223E-35   -1.2543E-32
     219.60000   -2.1471E-30   -1.1223E-35   -1.2544E-32
     219.70000   -2.1488E-30   -1.1223E-35   -1.2544E-32
     219.80000   -2.1506E-30   -1.1224E-35   -1.2544E-32
     219.90000   -2.1523E-30   -1.1224E-35   -1.2544E-32
     220.00000   -2.1540E-30   -1.1225E-35   -1.2544E-32
     220.10000   -2.1557E-30   -1.1225E-35   -1.2544E-32
     220.20000   -2.1574E-30   -1.1226E-35   -1.2545E-32
     220.30000   -2.1591E-30   -1.1226E-35   -1.2545E-32
     220.40000   -2.1607E-30   -1.1227E-35   -1.2545E-32
     220.50000   -2.1624E-30   -1.1228E-35   -1.2545E-32
     220.60000   -2.1640E-30   -1.1228E-35   -1.2545E-32
     220.70000   -2.1656E-30   -1.1229E-35   -1.2545E-32
     220.80000   -2.1672E-30   -1.1230E-35   -1.2546E-32
     220.90000   -2.1688E-30   -1.1230E-35   -1.2546E-32
     221.00000   -2.1704E-30   -1.1231E-35   -1.2546E-32
     221.10000   -2.1720E-30   -1.1232E-35   -1.2546E-32
     221.20000   -2.1736E-30   -1.1233E-35   -1.2546E-32
     221.30000   -2.1751E-30   -1.1233E-35   -1.2546E-32
     221.40000   -2.1767E-30   -1.1234E-35   -1.2547E-32
     221.50000   -2.1782E-30   -1.1235E-35   -1.2547E-32
     221.60000   -2.1797E-30   -1.1236E-35   -1.2547E-32
     221.70000   -2.1813E-30   -1.1237E-35   -1.2547E-32
     221.80000   -2.1828E-30   -1.1238E-35   -1.2547E-32
     221.90000   -2.1843E-30   -1.1239E-35   -1.2547E-32
     222.00000   -2.1858E-30   -1.1240E-35   -1.2548E-32
     222.10000   -2.1873E-30   -1.1241E-35   -1.2548E-32
     222.20000   -2.1888E-30   -1.1242E-35   -1.2548E-32
     222.30000   -2.1902E-30   -1.1243E-35   -1.2548E-32
     222.40000   -2.1917E-30   -1.1244E-35   -1.2548E-32
     222.50000   -2.1932E-30   -1.1246E-35   -1.2548E-32
     222.60000   -2.1947E-30   -1.1247E-35   -1.2549E-32
     222.70000   -2.1961E-30   -1.1248E-35   -1.2549E-32
     222.80000   -2.1976E-30   -1.1250E-35   -1.2549E-32
     222.90000   -2.1991E-30   -1.1251E-35   -1.2549E-32
     223.00000   -2.2006E-30   -1.1253E-35   -1.2549E-32
     223.10000   -2.2021E-30   -1.1254E-35   -1.2549E-32
     223.20000   -2.2036E-30   -1.1256E-35   -1.2550E-32
     223.30000   -2.2052E-30   -1.1258E-35   -1.2550E-32
     223.40000   -2.2067E-30   -1.1260E-35   -1.2550E-32
     223.50000   -2.2083E-30   -1.1262E-35   -1.2550E-32
     223.60000   -2.2099E-30   -1.1264E-35   -1.2550E-32
     223.70000   -2.2117E-30   -1.1266E-35   -1.2550E-32
     223.80000   -2.2135E-30   -1.1269E-35   -1.2551E-32
     223.90000   -2.2155E-30   -1.1271E-35   -1.2551E-32
     224.00000   -2.2174E-30   -1.1274E-35   -1.2551E-32
     224.10000   -2.2191E-30   -1.1276E-35   -1.2551E-32
     224.20000   -2.2208E-30   -1.1278E-35   -1.2551E-32
     224.30000   -2.2225E-30   -1.1279E-35   -1.2552E-32
     224.40000   -2.2241E-30   -1.1281E-35   -1.2552E-32
     224.50000   -2.2257E-30   -1.1283E-35   -1.2552E-32
     224.60000   -2.2273E-30   -1.1284E-35   -1.2552E-32
     224.70000   -2.2289E-30   -1.1286E-35   -1.2552E-32
     224.80000   -2.2304E-30   -1.1287E-35   -1.2552E-32
     224.90000   -2.2320E-30   -1.1288E-35   -1.2553E-32
     225.00000   -2.2335E-30   -1.1290E-35   -1.2553E-32
     225.10000   -2.2350E-30   -1.1291E-35   -1.2553E-32
     225.20000   -2.2365E-30   -1.1292E-35   -1.2553E-32
     225.30000   -2.2380E-30   -1.1293E-35   -1.2553E-32
     225.40000   -2.2395E-30   -1.1295E-35   -1.2553E-32
     225.50000   -2.2410E-30   -1.1296E-35   -1.2554E-32
     225.60000   -2.2424E-30   -1.1297E-35   -1.2554E-32
     225.70000   -2.2439E-30   -1.1298E-35   -1.2554E-32
     225.80000   -2.2454E-30   -1.1299E-35   -1.2554E-32
     225.90000   -2.2468E-30   -1.1300E-35   -1.2554E-32
     226.00000   -2.2483E-30   -1.1301E-35   -1.2555E-32
     226.10000   -2.2497E-30   -1.1302E-35   -1.2555E-32
     226.20000   -2.2512E-30   -1.1302E-35   -1.2555E-32
     226.30000   -2.2526E-30   -1.1303E-35   -1.2555E-32
     226.40000   -2.2541E-30   -1.1304E-35   -1.2555E-32
     226.50000   -2.2555E-30   -1.1305E-35   -1.2556E-32
     226.60000   -2.2569E-30   -1.1306E-35   -1.2556E-32
     226.70000   -2.2584E-30   -1.1306E-35   -1.2556E-32
     226.80000   -2.2598E-30   -1.1307E-35   -1.2556E-32
     226.90000   -2.2612E-30   -1.1308E-35   -1.2556E-32
     227.00000   -2.2626E-30   -1.1309E-35   -1.2556E-32
     227.10000   -2.2641E-30   -1.1309E-35   -1.2557E-32
     227.20000   -2.2655E-30   -1.1310E-35   -1.2557E-32
     227.30000   -2.2670E-30   -1.1310E-35   -1.2557E-32
     227.40000   -2.2684E-30   -1.1311E-35   -1.2557E-32
     227.50000   -2.2698E-30   -1.1312E-35   -1.2558E-32
     227.60000   -2.2713E-30   -1.1312E-35   -1.2558E-32
     227.70000   -2.2727E-30   -1.1313E-35   -1.2558E-32
     227.80000   -2.2742E-30   -1.1313E-35   -1.2558E-32
     227.90000   -2.2756E-30   -1.1314E-35   -1.2558E-32
     228.00000   -2.2770E-30   -1.1314E-35   -1.2559E-32
     228.10000   -2.2784E-30   -1.1315E-35   -1.2559E-32
     228.20000   -2.2799E-30   -1.1315E-35   -1.2559E-32
     228.30000   -2.2813E-30   -1.1315E-35   -1.2559E-32
     228.40000   -2.2827E-30   -1.1316E-35   -1.2560E-32
     228.50000   -2.2841E-30   -1.1316E-35   -1.2560E-32
     228.60000   -2.2855E-30   -1.1317E-35   -1.2560E-32
     228.70000   -2.2869E-30   -1.1317E-35   -1.2560E-32
     228.80000   -2.2884E-30   -1.1317E-35   -1.2561E-32
     228.90000   -2.2898E-30   -1.1318E-35   -1.2561E-32
     229.00000   -2.2912E-30   -1.1318E-35   -1.2561E-32
     229.10000   -2.2926E-30   -1.1318E-35   -1.2561E-32
     229.20000   -2.2940E-30   -1.1318E-35   -1.2562E-32
     229.30000   -2.2954E-30   -1.1319E-35   -1.2562E-32
     229.40000   -2.2968E-30   -1.1319E-35   -1.2562E-32
     229.50000   -2.2981E-30   -1.1319E-35   -1.2563E-32
     229.60000   -2.2995E-30   -1.1319E-35   -1.2563E-32
     229.70000   -2.3009E-30   -1.1320E-35   -1.2563E-32
     229.80000   -2.3023E-30   -1.1320E-35   -1.2563E-32
     229.90000   -2.3038E-30   -1.1320E-35   -1.2564E-32
     230.00000   -2.3052E-30   -1.1320E-35   -1.2564E-32
     230.10000   -2.3067E-30   -1.1320E-35   -1.2564E-32
     230.20000   -2.3082E-30   -1.1320E-35   -1.2565E-32
     230.30000   -2.3097E-30   -1.1321E-35   -1.2565E-32
     230.40000   -2.3112E-30   -1.1321E-35   -1.2565E-32
     230.50000   -2.3128E-30   -1.1321E-35   -1.2566E-32
     230.60000   -2.3144E-30   -1.1321E-35   -1.2566E-32
     230.70000   -2.3160E-30   -1.1321E-35   -1.2566E-32
     230.80000   -2.3175E-30   -1.1321E-35   -1.2567E-32
     230.90000   -2.3191E-30   -1.1321E-35   -1.2567E-32
     231.00000   -2.3207E-30   -1.1321E-35   -1.2567E-32
     231.10000   -2.3223E-30   -1.1321E-35   -1.2568E-32
     231.20000   -2.3239E-30   -1.1321E-35   -1.2568E-32
     231.30000   -2.3256E-30   -1.1322E-35   -1.2569E-32
     231.40000   -2.3272E-30   -1.1322E-35   -1.2569E-32
     231.50000   -2.3288E-30   -1.1322E-35   -1.2569E-32
     231.60000   -2.3304E-30   -1.1322E-35   -1.2570E-32
     231.70000   -2.3319E-30   -1.1322E-35   -1.2570E-32
     231.80000   -2.3335E-30   -1.1322E-35   -1.2570E-32
     231.90000   -2.3350E-30   -1.1322E-35   -1.2571E-32
     232.00000   -2.3365E-30   -1.1322E-35   -1.2571E-32
     232.10000   -2.3380E-30   -1.1322E-35   -1.2571E-32
     232.20000   -2.3395E-30   -1.1322E-35   -1.2572E-32
     232.30000   -2.3409E-30   -1.1323E-35   -1.2572E-32
     232.40000   -2.3423E-30   -1.1323E-35   -1.2573E-32
     232.50000   -2.3437E-30   -1.1323E-35   -1.2573E-32
     232.60000   -2.3451E-30   -1.1323E-35   -1.2573E-32
     232.70000   -2.3465E-30   -1.1323E-35   -1.2574E-32
     232.80000   -2.3478E-30   -1.1323E-35   -1.2574E-32
     232.90000   -2.3491E-30   -1.1323E-35   -1.2575E-32
     233.00000   -2.3505E-30   -1.1323E-35   -1.2575E-32
     233.10000   -2.3517E-30   -1.1323E-35   -1.2575E-32
     233.20000   -2.3530E-30   -1.1323E-35   -1.2576E-32
     233.30000   -2.3543E-30   -1.1324E-35   -1.2576E-32
     233.40000   -2.3555E-30   -1.1324E-35   -1.2577E-32
     233.50000   -2.3567E-30   -1.1324E-35   -1.2577E-32
     233.60000   -2.3579E-30   -1.1324E-35   -1.2577E-32
     233.70000   -2.3591E-30   -1.1324E-35   -1.2578E-32
     233.80000   -2.3603E-30   -1.1324E-35   -1.2578E-32
     233.90000   -2.3614E-30   -1.1324E-35   -1.2579E-32
     234.00000   -2.3626E-30   -1.1324E-35   -1.2579E-32
     234.10000   -2.3637E-30   -1.1324E-35   -1.2579E-32
     234.20000   -2.3649E-30   -1.1325E-35   -1.2580E-32
     234.30000   -2.3660E-30   -1.1325E-35   -1.2580E-32
     234.40000   -2.3671E-30   -1.1325E-35   -1.2581E-32
     234.50000   -2.3682E-30   -1.1325E-35   -1.2581E-32
     234.60000   -2.3693E-30   -1.1325E-35   -1.2582E-32
     234.70000   -2.3703E-30   -1.1325E-35   -1.2582E-32
     234.80000   -2.3714E-30   -1.1326E-35   -1.2582E-32
     234.90000   -2.3724E-30   -1.1326E-35   -1.2583E-32
     235.00000   -2.3735E-30   -1.1326E-35   -1.2583E-32
     235.10000   -2.3745E-30   -1.1326E-35   -1.2584E-32
     235.20000   -2.3755E-30   -1.1326E-35   -1.2584E-32
     235.30000   -2.3765E-30   -1.1326E-35   -1.2584E-32
     235.40000   -2.3775E-30   -1.1327E-35   -1.2585E-32
     235.50000   -2.3784E-30   -1.1327E-35   -1.2585E-32
     235.60000   -2.3794E-30   -1.1327E-35   -1.2586E-32
     235.70000   -2.3803E-30   -1.1327E-35   -1.2586E-32
     235.80000   -2.3813E-30   -1.1328E-35   -1.2586E-32
     235.90000   -2.3822E-30   -1.1328E-35   -1.2587E-32
     236.00000   -2.3831E-30   -1.1328E-35   -1.2587E-32
     236.10000   -2.3841E-30   -1.1328E-35   -1.2588E-32
     236.20000   -2.3850E-30   -1.1329E-35   -1.2588E-32
     236.30000   -2.3859E-30   -1.1329E-35   -1.2588E-32
     236.40000   -2.3868E-30   -1.1329E-35   -1.2589E-32
     236.50000   -2.3877E-30   -1.1329E-35   -1.2589E-32
     236.60000   -2.3886E-30   -1.1330E-35   -1.2590E-32
     236.70000   -2.3895E-30   -1.1330E-35   -1.2590E-32
     236.80000   -2.3903E-30   -1.1330E-35   -1.2590E-32
     236.90000   -2.3912E-30   -1.1331E-35   -1.2591E-32
     237.00000   -2.3921E-30   -1.1331E-35   -1.2591E-32
     237.10000   -2.3929E-30   -1.1332E-35   -1.2591E-32
     237.20000   -2.3938E-30   -1.1332E-35   -1.2592E-32
     237.30000   -2.3947E-30   -1.1332E-35   -1.2592E-32
     237.40000   -2.3955E-30   -1.1333E-35   -1.2593E-32
     237.50000   -2.3964E-30   -1.1333E-35   -1.2593E-32
     237.60000   -2.3972E-30   -1.1334E-35   -1.2593E-32
     237.70000   -2.3981E-30   -1.1334E-35   -1.2594E-32
     237.80000   -2.3990E-30   -1.1334E-35   -1.2594E-32
     237.90000   -2.3998E-30   -1.1335E-35   -1.2594E-32
     238.00000   -2.4007E-30   -1.1335E-35   -1.2595E-32
     238.10000   -2.4016E-30   -1.1335E-35   -1.2595E-32
     238.20000   -2.4025E-30   -1.1336E-35   -1.2596E-32
     238.30000   -2.4033E-30   -1.1336E-35   -1.2596E-32
     238.40000   -2.4042E-30   -1.1336E-35   -1.2596E-32
     238.50000   -2.4051E-30   -1.1337E-35   -1.2597E-32
     238.60000   -2.4060E-30   -1.1337E-35   -1.2597E-32
     238.70000   -2.4069E-30   -1.1337E-35   -1.2598E-32
     238.80000   -2.4079E-30   -1.1338E-35   -1.2598E-32
     238.90000   -2.4088E-30   -1.1338E-35   -1.2598E-32
     239.00000   -2.4097E-30   -1.1338E-35   -1.2599E-32
     239.10000   -2.4106E-30   -1.1338E-35   -1.2599E-32
     239.20000   -2.4116E-30   -1.1339E-35   -1.2599E-32
     239.30000   -2.4125E-30   -1.1339E-35   -1.2600E-32
     239.40000   -2.4135E-30   -1.1339E-35   -1.2600E-32
     239.50000   -2.4145E-30   -1.1339E-35   -1.2601E-32
     239.60000   -2.4155E-30   -1.1339E-35   -1.2601E-32
     239.70000   -2.4165E-30   -1.1340E-35   -1.2602E-32
     239.80000   -2.4175E-30   -1.1340E-35   -1.2602E-32
     239.90000   -2.4185E-30   -1.1340E-35   -1.2602E-32
     240.00000   -2.4195E-30   -1.1340E-35   -1.2603E-32
     240.10000   -2.4206E-30   -1.1340E-35   -1.2603E-32
     240.20000   -2.4216E-30   -1.1341E-35   -1.2604E-32
     240.30000   -2.4227E-30   -1.1341E-35   -1.2604E-32
     240.40000   -2.4238E-30   -1.1341E-35   -1.2604E-32
     240.50000   -2.4249E-30   -1.1341E-35   -1.2605E-32
     240.60000   -2.4260E-30   -1.1341E-35   -1.2605E-32
     240.70000   -2.4271E-30   -1.1341E-35   -1.2606E-32
     240.80000   -2.4283E-30   -1.1341E-35   -1.2606E-32
     240.90000   -2.4294E-30   -1.1342E-35   -1.2606E-32
     241.00000   -2.4306E-30   -1.1342E-35   -1.2607E-32
     241.10000   -2.4317E-30   -1.1342E-35   -1.2607E-32
     241.20000   -2.4329E-30   -1.1342E-35   -1.2608E-32
     241.30000   -2.4341E-30   -1.1342E-35   -1.2608E-32
     241.40000   -2.4353E-30   -1.1342E-35   -1.2608E-32
     241.50000   -2.4365E-30   -1.1342E-35   -1.2609E-32
     241.60000   -2.4377E-30   -1.1342E-35   -1.2609E-32
     241.70000   -2.4390E-30   -1.1342E-35   -1.2610E-32
     241.80000   -2.4403E-30   -1.1343E-35   -1.2610E-32
     241.90000   -2.4416E-30   -1.1343E-35   -1.2610E-32
     242.00000   -2.4429E-30   -1.1343E-35   -1.2611E-32
     242.10000   -2.4442E-30   -1.1343E-35   -1.2611E-32
     242.20000   -2.4456E-30   -1.1343E-35   -1.2612E-32
     242.30000   -2.4469E-30   -1.1343E-35   -1.2612E-32
     242.40000   -2.4483E-30   -1.1343E-35   -1.2612E-32
     242.50000   -2.4497E-30   -1.1343E-35   -1.2613E-32
     242.60000   -2.4512E-30   -1.1343E-35   -1.2613E-32
     242.70000   -2.4526E-30   -1.1343E-35   -1.2614E-32
     242.80000   -2.4541E-30   -1.1344E-35   -1.2614E-32
     242.90000   -2.4556E-30   -1.1344E-35   -1.2614E-32
     243.00000   -2.4571E-30   -1.1344E-35   -1.2615E-32
     243.10000   -2.4586E-30   -1.1344E-35   -1.2615E-32
     243.20000   -2.4602E-30   -1.1344E-35   -1.2615E-32
     243.30000   -2.4617E-30   -1.1344E-35   -1.2616E-32
     243.40000   -2.4633E-30   -1.1344E-35   -1.2616E-32
     243.50000   -2.4649E-30   -1.1344E-35   -1.2617E-32
     243.60000   -2.4665E-30   -1.1344E-35   -1.2617E-32
     243.70000   -2.4682E-30   -1.1344E-35   -1.2617E-32
     243.80000   -2.4698E-30   -1.1345E-35   -1.2618E-32
     243.90000   -2.4714E-30   -1.1345E-35   -1.2618E-32
     244.00000   -2.4730E-30   -1.1345E-35   -1.2618E-32
     244.10000   -2.4746E-30   -1.1345E-35   -1.2619E-32
     244.20000   -2.4761E-30   -1.1345E-35   -1.2619E-32
     244.30000   -2.4777E-30   -1.1345E-35   -1.2619E-32
     244.40000   -2.4793E-30   -1.1345E-35   -1.2620E-32
     244.50000   -2.4809E-30   -1.1345E-35   -1.2620E-32
     244.60000   -2.4824E-30   -1.1345E-35   -1.2620E-32
     244.70000   -2.4839E-30   -1.1345E-35   -1.2621E-32
     244.80000   -2.4854E-30   -1.1346E-35   -1.2621E-32
     244.90000   -2.4868E-30   -1.1346E-35   -1.2621E-32
     245.00000   -2.4883E-30   -1.1346E-35   -1.2622E-32
     245.10000   -2.4897E-30   -1.1346E-35   -1.2622E-32
     245.20000   -2.4911E-30   -1.1346E-35   -1.2622E-32
     245.30000   -2.4925E-30   -1.1346E-35   -1.2623E-32
     245.40000   -2.4939E-30   -1.1347E-35   -1.2623E-32
     245.50000   -2.4953E-30   -1.1347E-35   -1.2623E-32
     245.60000   -2.4967E-30   -1.1347E-35   -1.2623E-32
     245.70000   -2.4981E-30   -1.1347E-35   -1.2624E-32
     245.80000   -2.4995E-30   -1.1348E-35   -1.2624E-32
     245.90000   -2.5009E-30   -1.1348E-35   -1.2624E-32
     246.00000   -2.5023E-30   -1.1348E-35   -1.2625E-32
     246.10000   -2.5037E-30   -1.1349E-35   -1.2625E-32
     246.20000   -2.5051E-30   -1.1349E-35   -1.2625E-32
     246.30000   -2.5065E-30   -1.1349E-35   -1.2625E-32
     246.40000   -2.5079E-30   -1.1350E-35   -1.2626E-32
     246.50000   -2.5093E-30   -1.1350E-35   -1.2626E-32
     246.60000   -2.5108E-30   -1.1350E-35   -1.2626E-32
     246.70000   -2.5122E-30   -1.1351E-35   -1.2626E-32
     246.80000   -2.5136E-30   -1.1351E-35   -1.2627E-32
     246.90000   -2.5150E-30   -1.1352E-35   -1.2627E-32
     247.00000   -2.5165E-30   -1.1352E-35   -1.2627E-32
     247.10000   -2.5179E-30   -1.1353E-35   -1.2627E-32
     247.20000   -2.5193E-30   -1.1353E-35   -1.2627E-32
     247.30000   -2.5208E-30   -1.1354E-35   -1.2628E-32
     247.40000   -2.5222E-30   -1.1354E-35   -1.2628E-32
     247.50000   -2.5237E-30   -1.1355E-35   -1.2628E-32
     247.60000   -2.5251E-30   -1.1356E-35   -1.2628E-32
     247.70000   -2.5265E-30   -1.1356E-35   -1.2629E-32
     247.80000   -2.5280E-30   -1.1357E-35   -1.2629E-32
     247.90000   -2.5294E-30   -1.1357E-35   -1.2629E-32
     248.00000   -2.5309E-30   -1.1358E-35   -1.2629E-32
     248.10000   -2.5323E-30   -1.1359E-35   -1.2629E-32
     248.20000   -2.5337E-30   -1.1360E-35   -1.2630E-32
     248.30000   -2.5351E-30   -1.1360E-35   -1.2630E-32
     248.40000   -2.5366E-30   -1.1361E-35   -1.2630E-32
     248.50000   -2.5380E-30   -1.1362E-35   -1.2630E-32
     248.60000   -2.5394E-30   -1.1363E-35   -1.2630E-32
     248.70000   -2.5409E-30   -1.1364E-35   -1.2630E-32
     248.80000   -2.5423E-30   -1.1365E-35   -1.2631E-32
     248.90000   -2.5438E-30   -1.1365E-35   -1.2631E-32
     249.00000   -2.5452E-30   -1.1366E-35   -1.2631E-32
     249.10000   -2.5467E-30   -1.1367E-35   -1.2631E-32
     249.20000   -2.5482E-30   -1.1368E-35   -1.2631E-32
     249.30000   -2.5496E-30   -1.1369E-35   -1.2632E-32
     249.40000   -2.5511E-30   -1.1370E-35   -1.2632E-32
     249.50000   -2.5526E-30   -1.1372E-35   -1.2632E-32
     249.60000   -2.5541E-30   -1.1373E-35   -1.2632E-32
     249.70000   -2.5556E-30   -1.1374E-35   -1.2632E-32
     249.80000   -2.5571E-30   -1.1375E-35   -1.2632E-32
     249.90000   -2.5586E-30   -1.1376E-35   -1.2633E-32
     250.00000   -2.5601E-30   -1.1378E-35   -1.2633E-32
     250.10000   -2.5617E-30   -1.1379E-35   -1.2633E-32
     250.20000   -2.5632E-30   -1.1381E-35   -1.2633E-32
     250.30000   -2.5648E-30   -1.1382E-35   -1.2633E-32
     250.40000   -2.5664E-30   -1.1384E-35   -1.2633E-32
     250.50000   -2.5680E-30   -1.1385E-35   -1.2634E-32
     250.60000   -2.5697E-30   -1.1387E-35   -1.2634E-32
     250.70000   -2.5713E-30   -1.1389E-35   -1.2634E-32
     250.80000   -2.5730E-30   -1.1391E-35   -1.2634E-32
     250.90000   -2.5748E-30   -1.1393E-35   -1.2634E-32
     251.00000   -2.5767E-30   -1.1395E-35   -1.2635E-32
     251.10000   -2.5787E-30   -1.1398E-35   -1.2635E-32
     251.20000   -2.5805E-30   -1.1400E-35   -1.2635E-32
     251.30000   -2.5822E-30   -1.1403E-35   -1.2635E-32
     251.40000   -2.5838E-30   -1.1405E-35   -1.2635E-32
     251.50000   -2.5854E-30   -1.1407E-35   -1.2636E-32
     251.60000   -2.5869E-30   -1.1409E-35   -1.2636E-32
     251.70000   -2.5885E-30   -1.1410E-35   -1.2636E-32
     251.80000   -2.5900E-30   -1.1412E-35   -1.2636E-32
     251.90000   -2.5915E-30   -1.1414E-35   -1.2636E-32
     252.00000   -2.5930E-30   -1.1415E-35   -1.2636E-32
     252.10000   -2.5945E-30   -1.1417E-35   -1.2637E-32
     252.20000   -2.5959E-30   -1.1418E-35   -1.2637E-32
     252.30000   -2.5974E-30   -1.1419E-35   -1.2637E-32
     252.40000   -2.5989E-30   -1.1421E-35   -1.2637E-32
     252.50000   -2.6004E-30   -1.1422E-35   -1.2637E-32
     252.60000   -2.6018E-30   -1.1423E-35   -1.2637E-32
     252.70000   -2.6033E-30   -1.1424E-35   -1.2638E-32
     252.80000   -2.6048E-30   -1.1425E-35   -1.2638E-32
     252.90000   -2.6063E-30   -1.1426E-35   -1.2638E-32
     253.00000   -2.6078E-30   -1.1427E-35   -1.2638E-32
     253.10000   -2.6093E-30   -1.1428E-35   -1.2638E-32
     253.20000   -2.6108E-30   -1.1429E-35   -1.2638E-32
     253.30000   -2.6124E-30   -1.1430E-35   -1.2638E-32
     253.40000   -2.6139E-30   -1.1431E-35   -1.2639E-32
     253.50000   -2.6154E-30   -1.1432E-35   -1.2639E-32
     253.60000   -2.6170E-30   -1.1433E-35   -1.2639E-32
     253.70000   -2.6185E-30   -1.1434E-35   -1.2639E-32
     253.80000   -2.6201E-30   -1.1434E-35   -1.2639E-32
     253.90000   -2.6217E-30   -1.1435E-35   -1.2639E-32
     254.00000   -2.6233E-30   -1.1436E-35   -1.2640E-32
     254.10000   -2.6249E-30   -1.1436E-35   -1.2640E-32
     254.20000   -2.6265E-30   -1.1437E-35   -1.2640E-32
     254.30000   -2.6281E-30   -1.1438E-35   -1.2640E-32
     254.40000   -2.6297E-30   -1.1438E-35   -1.2640E-32
     254.50000   -2.6314E-30   -1.1439E-35   -1.2640E-32
     254.60000   -2.6331E-30   -1.1440E-35   -1.2641E-32
     254.70000   -2.6347E-30   -1.1440E-35   -1.2641E-32
     254.80000   -2.6364E-30   -1.1441E-35   -1.2641E-32
     254.90000   -2.6381E-30   -1.1441E-35   -1.2641E-32
     255.00000   -2.6399E-30   -1.1442E-35   -1.2641E-32
     255.10000   -2.6416E-30   -1.1442E-35   -1.2641E-32
     255.20000   -2.6433E-30   -1.1442E-35   -1.2642E-32
     255.30000   -2.6451E-30   -1.1443E-35   -1.2642E-32
     255.40000   -2.6469E-30   -1.1443E-35   -1.2642E-32
     255.50000   -2.6487E-30   -1.1444E-35   -1.2642E-32
     255.60000   -2.6505E-30   -1.1444E-35   -1.2642E-32
     255.70000   -2.6524E-30   -1.1444E-35   -1.2643E-32
     255.80000   -2.6542E-30   -1.1445E-35   -1.2643E-32
     255.90000   -2.6561E-30   -1.1445E-35   -1.2643E-32
     256.00000   -2.6580E-30   -1.1445E-35   -1.2643E-32
     256.10000   -2.6599E-30   -1.1446E-35   -1.2643E-32
     256.20000   -2.6619E-30   -1.1446E-35   -1.2643E-32
     256.30000   -2.6638E-30   -1.1446E-35   -1.2644E-32
     256.40000   -2.6658E-30   -1.1447E-35   -1.2644E-32
     256.50000   -2.6678E-30   -1.1447E-35   -1.2644E-32
     256.60000   -2.6699E-30   -1.1447E-35   -1.2644E-32
     256.70000   -2.6719E-30   -1.1447E-35   -1.2644E-32
     256.80000   -2.6740E-30   -1.1448E-35   -1.2645E-32
     256.90000   -2.6761E-30   -1.1448E-35   -1.2645E-32
     257.00000   -2.6783E-30   -1.1448E-35   -1.2645E-32
     257.10000   -2.6805E-30   -1.1448E-35   -1.2645E-32
     257.20000   -2.6827E-30   -1.1448E-35   -1.2645E-32
     257.30000   -2.6849E-30   -1.1448E-35   -1.2646E-32
     257.40000   -2.6872E-30   -1.1449E-35   -1.2646E-32
     257.50000   -2.6895E-30   -1.1449E-35   -1.2646E-32
     257.60000   -2.6918E-30   -1.1449E-35   -1.2646E-32
     257.70000   -2.6942E-30   -1.1449E-35   -1.2647E-32
     257.80000   -2.6966E-30   -1.1449E-35   -1.2647E-32
     257.90000   -2.6990E-30   -1.1449E-35   -1.2647E-32
     258.00000   -2.7014E-30   -1.1449E-35   -1.2647E-32
     258.10000   -2.7039E-30   -1.1449E-35   -1.2648E-32
     258.20000   -2.7065E-30   -1.1449E-35   -1.2648E-32
     258.30000   -2.7091E-30   -1.1449E-35   -1.2648E-32
     258.40000   -2.7117E-30   -1.1450E-35   -1.2648E-32
     258.50000   -2.7143E-30   -1.1450E-35   -1.2649E-32
     258.60000   -2.7169E-30   -1.1450E-35   -1.2649E-32
     258.70000   -2.7195E-30   -1.1450E-35   -1.2649E-32
     258.80000   -2.7221E-30   -1.1450E-35   -1.2649E-32
     258.90000   -2.7247E-30   -1.1450E-35   -1.2650E-32
     259.00000   -2.7273E-30   -1.1450E-35   -1.2650E-32
     259.10000   -2.7299E-30   -1.1450E-35   -1.2650E-32
     259.20000   -2.7325E-30   -1.1450E-35   -1.2650E-32
     259.30000   -2.7351E-30   -1.1450E-35   -1.2651E-32
     259.40000   -2.7377E-30   -1.1450E-35   -1.2651E-32
     259.50000   -2.7403E-30   -1.1450E-35   -1.2651E-32
     259.60000   -2.7429E-30   -1.1451E-35   -1.2651E-32
     259.70000   -2.7455E-30   -1.1451E-35   -1.2652E-32
     259.80000   -2.7480E-30   -1.1451E-35   -1.2652E-32
     259.90000   -2.7506E-30   -1.1451E-35   -1.2652E-32
     260.00000   -2.7531E-30   -1.1451E-35   -1.2652E-32
     260.10000   -2.7557E-30   -1.1451E-35   -1.2653E-32
     260.20000   -2.7582E-30   -1.1451E-35   -1.2653E-32
     260.30000   -2.7607E-30   -1.1451E-35   -1.2653E-32
     260.40000   -2.7632E-30   -1.1452E-35   -1.2653E-32
     260.50000   -2.7657E-30   -1.1452E-35   -1.2654E-32
     260.60000   -2.7682E-30   -1.1452E-35   -1.2654E-32
     260.70000   -2.7707E-30   -1.1452E-35   -1.2654E-32
     260.80000   -2.7732E-30   -1.1452E-35   -1.2654E-32
     260.90000   -2.7756E-30   -1.1452E-35   -1.2654E-32
     261.00000   -2.7781E-30   -1.1453E-35   -1.2655E-32
     261.10000   -2.7805E-30   -1.1453E-35   -1.2655E-32
     261.20000   -2.7830E-30   -1.1453E-35   -1.2655E-32
     261.30000   -2.7854E-30   -1.1453E-35   -1.2655E-32
     261.40000   -2.7878E-30   -1.1453E-35   -1.2656E-32
     261.50000   -2.7901E-30   -1.1453E-35   -1.2656E-32
     261.60000   -2.7925E-30   -1.1454E-35   -1.2656E-32
     261.70000   -2.7949E-30   -1.1454E-35   -1.2656E-32
     261.80000   -2.7972E-30   -1.1454E-35   -1.2657E-32
     261.90000   -2.7996E-30   -1.1454E-35   -1.2657E-32
     262.00000   -2.8019E-30   -1.1455E-35   -1.2657E-32
     262.10000   -2.8042E-30   -1.1455E-35   -1.2657E-32
     262.20000   -2.8065E-30   -1.1455E-35   -1.2658E-32
     262.30000   -2.8088E-30   -1.1455E-35   -1.2658E-32
     262.40000   -2.8111E-30   -1.1456E-35   -1.2658E-32
     262.50000   -2.8133E-30   -1.1456E-35   -1.2658E-32
     262.60000   -2.8156E-30   -1.1456E-35   -1.2658E-32
     262.70000   -2.8178E-30   -1.1457E-35   -1.2659E-32
     262.80000   -2.8201E-30   -1.1457E-35   -1.2659E-32
     262.90000   -2.8223E-30   -1.1457E-35   -1.2659E-32
     263.00000   -2.8245E-30   -1.1458E-35   -1.2659E-32
     263.10000   -2.8267E-30   -1.1458E-35   -1.2660E-32
     263.20000   -2.8288E-30   -1.1458E-35   -1.2660E-32
     263.30000   -2.8310E-30   -1.1459E-35   -1.2660E-32
     263.40000   -2.8332E-30   -1.1459E-35   -1.2660E-32
     263.50000   -2.8353E-30   -1.1460E-35   -1.2660E-32
     263.60000   -2.8374E-30   -1.1460E-35   -1.2661E-32
     263.70000   -2.8396E-30   -1.1461E-35   -1.2661E-32
     263.80000   -2.8417E-30   -1.1461E-35   -1.2661E-32
     263.90000   -2.8438E-30   -1.1461E-35   -1.2661E-32
     264.00000   -2.8459E-30   -1.1462E-35   -1.2661E-32
     264.10000   -2.8479E-30   -1.1462E-35   -1.2662E-32
     264.20000   -2.8500E-30   -1.1463E-35   -1.2662E-32
     264.30000   -2.8521E-30   -1.1464E-35   -1.2662E-32
     264.40000   -2.8541E-30   -1.1464E-35   -1.2662E-32
     264.50000   -2.8562E-30   -1.1465E-35   -1.2663E-32
     264.60000   -2.8582E-30   -1.1465E-35   -1.2663E-32
     264.70000   -2.8603E-30   -1.1466E-35   -1.2663E-32
     264.80000   -2.8623E-30   -1.1467E-35   -1.2663E-32
     264.90000   -2.8643E-30   -1.1467E-35   -1.2663E-32
     265.00000   -2.8664E-30   -1.1468E-35   -1.2664E-32
     265.10000   -2.8684E-30   -1.1469E-35   -1.2664E-32
     265.20000   -2.8704E-30   -1.1469E-35   -1.2664E-32
     265.30000   -2.8725E-30   -1.1470E-35   -1.2664E-32
     265.40000   -2.8745E-30   -1.1471E-35   -1.2664E-32
     265.50000   -2.8766E-30   -1.1471E-35   -1.2665E-32
     265.60000   -2.8787E-30   -1.1472E-35   -1.2665E-32
     265.70000   -2.8809E-30   -1.1473E-35   -1.2665E-32
     265.80000   -2.8831E-30   -1.1474E-35   -1.2665E-32
     265.90000   -2.8853E-30   -1.1474E-35   -1.2666E-32
     266.00000   -2.8876E-30   -1.1475E-35   -1.2666E-32
     266.10000   -2.8899E-30   -1.1476E-35   -1.2666E-32
     266.20000   -2.8922E-30   -1.1477E-35   -1.2666E-32
     266.30000   -2.8946E-30   -1.1477E-35   -1.2667E-32
     266.40000   -2.8970E-30   -1.1478E-35   -1.2667E-32
     266.50000   -2.8994E-30   -1.1479E-35   -1.2667E-32
     266.60000   -2.9019E-30   -1.1480E-35   -1.2667E-32
     266.70000   -2.9044E-30   -1.1481E-35   -1.2668E-32
     266.80000   -2.9070E-30   -1.1481E-35   -1.2668E-32
     266.90000   -2.9096E-30   -1.1482E-35   -1.2668E-32
     267.00000   -2.9122E-30   -1.1483E-35   -1.2668E-32
     267.10000   -2.9149E-30   -1.1484E-35   -1.2669E-32
     267.20000   -2.9177E-30   -1.1485E-35   -1.2669E-32
     267.30000   -2.9205E-30   -1.1485E-35   -1.2669E-32
     267.40000   -2.9233E-30   -1.1486E-35   -1.2670E-32
     267.50000   -2.9263E-30   -1.1487E-35   -1.2670E-32
     267.60000   -2.9293E-30   -1.1488E-35   -1.2670E-32
     267.70000   -2.9324E-30   -1.1489E-35   -1.2671E-32
     267.80000   -2.9356E-30   -1.1490E-35   -1.2671E-32
     267.90000   -2.9389E-30   -1.1491E-35   -1.2672E-32
     268.00000   -2.9424E-30   -1.1492E-35   -1.2672E-32
     268.10000   -2.9460E-30   -1.1493E-35   -1.2672E-32
     268.20000   -2.9495E-30   -1.1494E-35   -1.2673E-32
     268.30000   -2.9529E-30   -1.1495E-35   -1.2673E-32
     268.40000   -2.9562E-30   -1.1496E-35   -1.2674E-32
     268.50000   -2.9595E-30   -1.1497E-35   -1.2674E-32
     268.60000   -2.9626E-30   -1.1498E-35   -1.2675E-32
     268.70000   -2.9657E-30   -1.1499E-35   -1.2675E-32
     268.80000   -2.9688E-30   -1.1499E-35   -1.2675E-32
     268.90000   -2.9719E-30   -1.1500E-35   -1.2676E-32
     269.00000   -2.9749E-30   -1.1501E-35   -1.2676E-32
     269.10000   -2.9779E-30   -1.1501E-35   -1.2677E-32
     269.20000   -2.9808E-30   -1.1502E-35   -1.2677E-32
     269.30000   -2.9838E-30   -1.1503E-35   -1.2678E-32
     269.40000   -2.9867E-30   -1.1503E-35   -1.2678E-32
     269.50000   -2.9895E-30   -1.1504E-35   -1.2678E-32
     269.60000   -2.9924E-30   -1.1504E-35   -1.2679E-32
     269.70000   -2.9952E-30   -1.1505E-35   -1.2679E-32
     269.80000   -2.9980E-30   -1.1505E-35   -1.2680E-32
     269.90000   -3.0007E-30   -1.1506E-35   -1.2680E-32
     270.00000   -3.0034E-30   -1.1506E-35   -1.2680E-32
     270.10000   -3.0061E-30   -1.1507E-35   -1.2681E-32
     270.20000   -3.0088E-30   -1.1507E-35   -1.2681E-32
     270.30000   -3.0115E-30   -1.1508E-35   -1.2682E-32
     270.40000   -3.0141E-30   -1.1508E-35   -1.2682E-32
     270.50000   -3.0167E-30   -1.1509E-35   -1.2683E-32
     270.60000   -3.0192E-30   -1.1509E-35   -1.2683E-32
     270.70000   -3.0218E-30   -1.1509E-35   -1.2684E-32
     270.80000   -3.0243E-30   -1.1510E-35   -1.2684E-32
     270.90000   -3.0268E-30   -1.1510E-35   -1.2685E-32
     271.00000   -3.0292E-30   -1.1511E-35   -1.2685E-32
     271.10000   -3.0316E-30   -1.1511E-35   -1.2685E-32
     271.20000   -3.0340E-30   -1.1511E-35   -1.2686E-32
     271.30000   -3.0363E-30   -1.1512E-35   -1.2686E-32
     271.40000   -3.0387E-30   -1.1512E-35   -1.2687E-32
     271.50000   -3.0410E-30   -1.1512E-35   -1.2687E-32
     271.60000   -3.0433E-30   -1.1513E-35   -1.2688E-32
     271.70000   -3.0456E-30   -1.1513E-35   -1.2688E-32
     271.80000   -3.0479E-30   -1.1513E-35   -1.2689E-32
     271.90000   -3.0503E-30   -1.1514E-35   -1.2689E-32
     272.00000   -3.0526E-30   -1.1514E-35   -1.2690E-32
     272.10000   -3.0549E-30   -1.1514E-35   -1.2690E-32
     272.20000   -3.0572E-30   -1.1514E-35   -1.2691E-32
     272.30000   -3.0595E-30   -1.1515E-35   -1.2691E-32
     272.40000   -3.0618E-30   -1.1515E-35   -1.2692E-32
     272.50000   -3.0640E-30   -1.1515E-35   -1.2692E-32
     272.60000   -3.0663E-30   -1.1516E-35   -1.2693E-32
     272.70000   -3.0684E-30   -1.1516E-35   -1.2693E-32
     272.80000   -3.0706E-30   -1.1516E-35   -1.2694E-32
     272.90000   -3.0727E-30   -1.1517E-35   -1.2694E-32
     273.00000   -3.0748E-30   -1.1517E-35   -1.2695E-32
     273.10000   -3.0768E-30   -1.1517E-35   -1.2695E-32
     273.20000   -3.0788E-30   -1.1518E-35   -1.2695E-32
     273.30000   -3.0808E-30   -1.1518E-35   -1.2696E-32
     273.40000   -3.0827E-30   -1.1518E-35   -1.2696E-32
     273.50000   -3.0845E-30   -1.1519E-35   -1.2697E-32
     273.60000   -3.0863E-30   -1.1519E-35   -1.2697E-32
     273.70000   -3.0880E-30   -1.1520E-35   -1.2698E-32
     273.80000   -3.0897E-30   -1.1520E-35   -1.2698E-32
     273.90000   -3.0913E-30   -1.1521E-35   -1.2698E-32
     274.00000   -3.0929E-30   -1.1521E-35   -1.2699E-32
     274.10000   -3.0944E-30   -1.1521E-35   -1.2699E-32
     274.20000   -3.0959E-30   -1.1522E-35   -1.2700E-32
     274.30000   -3.0973E-30   -1.1522E-35   -1.2700E-32
     274.40000   -3.0987E-30   -1.1523E-35   -1.2700E-32
     274.50000   -3.1001E-30   -1.1524E-35   -1.2701E-32
     274.60000   -3.1014E-30   -1.1524E-35   -1.2701E-32
     274.70000   -3.1027E-30   -1.1525E-35   -1.2702E-32
     274.80000   -3.1039E-30   -1.1525E-35   -1.2702E-32
     274.90000   -3.1051E-30   -1.1526E-35   -1.2703E-32
     275.00000   -3.1063E-30   -1.1526E-35   -1.2703E-32
     275.10000   -3.1074E-30   -1.1527E-35   -1.2703E-32
     275.20000   -3.1085E-30   -1.1528E-35   -1.2704E-32
     275.30000   -3.1096E-30   -1.1528E-35   -1.2704E-32
     275.40000   -3.1106E-30   -1.1529E-35   -1.2705E-32
     275.50000   -3.1116E-30   -1.1530E-35   -1.2705E-32
     275.60000   -3.1126E-30   -1.1531E-35   -1.2705E-32
     275.70000   -3.1136E-30   -1.1531E-35   -1.2706E-32
     275.80000   -3.1145E-30   -1.1532E-35   -1.2706E-32
     275.90000   -3.1155E-30   -1.1533E-35   -1.2706E-32
     276.00000   -3.1164E-30   -1.1534E-35   -1.2707E-32
     276.10000   -3.1173E-30   -1.1535E-35   -1.2707E-32
     276.20000   -3.1181E-30   -1.1535E-35   -1.2708E-32
     276.30000   -3.1190E-30   -1.1536E-35   -1.2708E-32
     276.40000   -3.1198E-30   -1.1537E-35   -1.2708E-32
     276.50000   -3.1206E-30   -1.1538E-35   -1.2709E-32
     276.60000   -3.1214E-30   -1.1539E-35   -1.2709E-32
     276.70000   -3.1221E-30   -1.1540E-35   -1.2710E-32
     276.80000   -3.1229E-30   -1.1541E-35   -1.2710E-32
     276.90000   -3.1236E-30   -1.1542E-35   -1.2710E-32
     277.00000   -3.1243E-30   -1.1543E-35   -1.2711E-32
     277.10000   -3.1250E-30   -1.1544E-35   -1.2711E-32
     277.20000   -3.1257E-30   -1.1545E-35   -1.2711E-32
     277.30000   -3.1263E-30   -1.1547E-35   -1.2712E-32
     277.40000   -3.1269E-30   -1.1548E-35   -1.2712E-32
     277.50000   -3.1276E-30   -1.1549E-35   -1.2713E-32
     277.60000   -3.1282E-30   -1.1550E-35   -1.2713E-32
     277.70000   -3.1288E-30   -1.1551E-35   -1.2713E-32
     277.80000   -3.1293E-30   -1.1553E-35   -1.2714E-32
     277.90000   -3.1299E-30   -1.1554E-35   -1.2714E-32
     278.00000   -3.1304E-30   -1.1555E-35   -1.2715E-32
     278.10000   -3.1310E-30   -1.1557E-35   -1.2715E-32
     278.20000   -3.1315E-30   -1.1558E-35   -1.2715E-32
     278.30000   -3.1320E-30   -1.1560E-35   -1.2716E-32
     278.40000   -3.1325E-30   -1.1561E-35   -1.2716E-32
     278.50000   -3.1330E-30   -1.1563E-35   -1.2717E-32
     278.60000   -3.1335E-30   -1.1564E-35   -1.2717E-32
     278.70000   -3.1340E-30   -1.1566E-35   -1.2717E-32
     278.80000   -3.1345E-30   -1.1568E-35   -1.2718E-32
     278.90000   -3.1350E-30   -1.1569E-35   -1.2718E-32
     279.00000   -3.1355E-30   -1.1571E-35   -1.2718E-32
     279.10000   -3.1359E-30   -1.1573E-35   -1.2719E-32
     279.20000   -3.1364E-30   -1.1574E-35   -1.2719E-32
     279.30000   -3.1369E-30   -1.1576E-35   -1.2719E-32
     279.40000   -3.1374E-30   -1.1578E-35   -1.2720E-32
     279.50000   -3.1379E-30   -1.1580E-35   -1.2720E-32
     279.60000   -3.1384E-30   -1.1581E-35   -1.2721E-32
     279.70000   -3.1388E-30   -1.1583E-35   -1.2721E-32
     279.80000   -3.1393E-30   -1.1584E-35   -1.2721E-32
     279.90000   -3.1398E-30   -1.1586E-35   -1.2722E-32
     280.00000   -3.1403E-30   -1.1587E-35   -1.2722E-32
     280.10000   -3.1408E-30   -1.1588E-35   -1.2722E-32
     280.20000   -3.1413E-30   -1.1590E-35   -1.2723E-32
     280.30000   -3.1418E-30   -1.1591E-35   -1.2723E-32
     280.40000   -3.1423E-30   -1.1592E-35   -1.2724E-32
     280.50000   -3.1428E-30   -1.1594E-35   -1.2724E-32
     280.60000   -3.1433E-30   -1.1595E-35   -1.2724E-32
     280.70000   -3.1437E-30   -1.1596E-35   -1.2725E-32
     280.80000   -3.1442E-30   -1.1597E-35   -1.2725E-32
     280.90000   -3.1447E-30   -1.1598E-35   -1.2726E-32
     281.00000   -3.1452E-30   -1.1600E-35   -1.2726E-32
     281.10000   -3.1456E-30   -1.1601E-35   -1.2727E-32
     281.20000   -3.1461E-30   -1.1602E-35   -1.2727E-32
     281.30000   -3.1466E-30   -1.1603E-35   -1.2727E-32
     281.40000   -3.1471E-30   -1.1604E-35   -1.2728E-32
     281.50000   -3.1475E-30   -1.1605E-35   -1.2728E-32
     281.60000   -3.1480E-30   -1.1606E-35   -1.2729E-32
     281.70000   -3.1485E-30   -1.1606E-35   -1.2729E-32
     281.80000   -3.1489E-30   -1.1607E-35   -1.2730E-32
     281.90000   -3.1494E-30   -1.1608E-35   -1.2730E-32
     282.00000   -3.1499E-30   -1.1609E-35   -1.2731E-32
     282.10000   -3.1503E-30   -1.1610E-35   -1.2731E-32
     282.20000   -3.1508E-30   -1.1610E-35   -1.2732E-32
     282.30000   -3.1513E-30   -1.1611E-35   -1.2732E-32
     282.40000   -3.1518E-30   -1.1612E-35   -1.2733E-32
     282.50000   -3.1522E-30   -1.1613E-35   -1.2733E-32
     282.60000   -3.1527E-30   -1.1613E-35   -1.2734E-32
     282.70000   -3.1532E-30   -1.1614E-35   -1.2734E-32
     282.80000   -3.1537E-30   -1.1614E-35   -1.2735E-32
     282.90000   -3.1542E-30   -1.1615E-35   -1.2735E-32
     283.00000   -3.1547E-30   -1.1615E-35   -1.2736E-32
     283.10000   -3.1552E-30   -1.1616E-35   -1.2736E-32
     283.20000   -3.1557E-30   -1.1616E-35   -1.2737E-32
     283.30000   -3.1562E-30   -1.1617E-35   -1.2738E-32
     283.40000   -3.1567E-30   -1.1617E-35   -1.2738E-32
     283.50000   -3.1573E-30   -1.1618E-35   -1.2739E-32
     283.60000   -3.1578E-30   -1.1618E-35   -1.2739E-32
     283.70000   -3.1583E-30   -1.1619E-35   -1.2740E-32
     283.80000   -3.1589E-30   -1.1619E-35   -1.2740E-32
     283.90000   -3.1595E-30   -1.1619E-35   -1.2741E-32
     284.00000   -3.1600E-30   -1.1620E-35   -1.2742E-32
     284.10000   -3.1606E-30   -1.1620E-35   -1.2742E-32
     284.20000   -3.1612E-30   -1.1620E-35   -1.2743E-32
     284.30000   -3.1618E-30   -1.1620E-35   -1.2743E-32
     284.40000   -3.1625E-30   -1.1621E-35   -1.2744E-32
     284.50000   -3.1631E-30   -1.1621E-35   -1.2744E-32
     284.60000   -3.1638E-30   -1.1621E-35   -1.2745E-32
     284.70000   -3.1644E-30   -1.1621E-35   -1.2746E-32
     284.80000   -3.1651E-30   -1.1622E-35   -1.2746E-32
     284.90000   -3.1658E-30   -1.1622E-35   -1.2747E-32
     285.00000   -3.1666E-30   -1.1622E-35   -1.2747E-32
     285.10000   -3.1673E-30   -1.1622E-35   -1.2748E-32
     285.20000   -3.1681E-30   -1.1622E-35   -1.2749E-32
     285.30000   -3.1689E-30   -1.1623E-35   -1.2749E-32
     285.40000   -3.1697E-30   -1.1623E-35   -1.2750E-32
     285.50000   -3.1705E-30   -1.1623E-35   -1.2750E-32
     285.60000   -3.1714E-30   -1.1623E-35   -1.2751E-32
     285.70000   -3.1722E-30   -1.1623E-35   -1.2752E-32
     285.80000   -3.1730E-30   -1.1623E-35   -1.2752E-32
     285.90000   -3.1739E-30   -1.1623E-35   -1.2753E-32
     286.00000   -3.1748E-30   -1.1624E-35   -1.2754E-32
     286.10000   -3.1756E-30   -1.1624E-35   -1.2754E-32
     286.20000   -3.1765E-30   -1.1624E-35   -1.2755E-32
     286.30000   -3.1774E-30   -1.1624E-35   -1.2756E-32
     286.40000   -3.1783E-30   -1.1624E-35   -1.2756E-32
     286.50000   -3.1792E-30   -1.1624E-35   -1.2757E-32
     286.60000   -3.1800E-30   -1.1624E-35   -1.2758E-32
     286.70000   -3.1809E-30   -1.1624E-35   -1.2758E-32
     286.80000   -3.1818E-30   -1.1624E-35   -1.2759E-32
     286.90000   -3.1827E-30   -1.1625E-35   -1.2760E-32
     287.00000   -3.1835E-30   -1.1625E-35   -1.2760E-32
     287.10000   -3.1844E-30   -1.1625E-35   -1.2761E-32
     287.20000   -3.1853E-30   -1.1625E-35   -1.2762E-32
     287.30000   -3.1862E-30   -1.1625E-35   -1.2762E-32
     287.40000   -3.1872E-30   -1.1625E-35   -1.2763E-32
     287.50000   -3.1881E-30   -1.1625E-35   -1.2764E-32
     287.60000   -3.1891E-30   -1.1626E-35   -1.2764E-32
     287.70000   -3.1900E-30   -1.1626E-35   -1.2765E-32
     287.80000   -3.1910E-30   -1.1626E-35   -1.2765E-32
     287.90000   -3.1920E-30   -1.1626E-35   -1.2766E-32
     288.00000   -3.1930E-30   -1.1627E-35   -1.2767E-32
     288.10000   -3.1941E-30   -1.1627E-35   -1.2767E-32
     288.20000   -3.1951E-30   -1.1627E-35   -1.2768E-32
     288.30000   -3.1962E-30   -1.1627E-35   -1.2768E-32
     288.40000   -3.1973E-30   -1.1628E-35   -1.2769E-32
     288.50000   -3.1984E-30   -1.1628E-35   -1.2769E-32
     288.60000   -3.1995E-30   -1.1628E-35   -1.2770E-32
     288.70000   -3.2006E-30   -1.1629E-35   -1.2770E-32
     288.80000   -3.2017E-30   -1.1629E-35   -1.2771E-32
     288.90000   -3.2029E-30   -1.1630E-35   -1.2772E-32
     289.00000   -3.2040E-30   -1.1630E-35   -1.2772E-32
     289.10000   -3.2052E-30   -1.1630E-35   -1.2773E-32
     289.20000   -3.2064E-30   -1.1631E-35   -1.2773E-32
     289.30000   -3.2076E-30   -1.1631E-35   -1.2774E-32
     289.40000   -3.2088E-30   -1.1632E-35   -1.2774E-32
     289.50000   -3.2100E-30   -1.1632E-35   -1.2775E-32
     289.60000   -3.2112E-30   -1.1633E-35   -1.2775E-32
     289.70000   -3.2124E-30   -1.1633E-35   -1.2776E-32
     289.80000   -3.2136E-30   -1.1634E-35   -1.2776E-32
     289.90000   -3.2148E-30   -1.1634E-35   -1.2776E-32
     290.00000   -3.2160E-30   -1.1635E-35   -1.2777E-32
     290.10000   -3.2173E-30   -1.1636E-35   -1.2777E-32
     290.20000   -3.2185E-30   -1.1636E-35   -1.2778E-32
     290.30000   -3.2198E-30   -1.1637E-35   -1.2778E-32
     290.40000   -3.2210E-30   -1.1637E-35   -1.2779E-32
     290.50000   -3.2223E-30   -1.1638E-35   -1.2779E-32
     290.60000   -3.2236E-30   -1.1639E-35   -1.2780E-32
     290.70000   -3.2249E-30   -1.1640E-35   -1.2780E-32
     290.80000   -3.2262E-30   -1.1640E-35   -1.2781E-32
     290.90000   -3.2275E-30   -1.1641E-35   -1.2781E-32
     291.00000   -3.2289E-30   -1.1642E-35   -1.2781E-32
     291.10000   -3.2302E-30   -1.1643E-35   -1.2782E-32
     291.20000   -3.2316E-30   -1.1644E-35   -1.2782E-32
     291.30000   -3.2329E-30   -1.1645E-35   -1.2783E-32
     291.40000   -3.2343E-30   -1.1646E-35   -1.2783E-32
     291.50000   -3.2357E-30   -1.1647E-35   -1.2784E-32
     291.60000   -3.2371E-30   -1.1648E-35   -1.2784E-32
     291.70000   -3.2385E-30   -1.1649E-35   -1.2784E-32
     291.80000   -3.2399E-30   -1.1650E-35   -1.2785E-32
     291.90000   -3.2414E-30   -1.1651E-35   -1.2785E-32
     292.00000   -3.2429E-30   -1.1652E-35   -1.2786E-32
     292.10000   -3.2444E-30   -1.1654E-35   -1.2786E-32
     292.20000   -3.2459E-30   -1.1655E-35   -1.2786E-32
     292.30000   -3.2474E-30   -1.1656E-35   -1.2787E-32
     292.40000   -3.2490E-30   -1.1658E-35   -1.2787E-32
     292.50000   -3.2506E-30   -1.1659E-35   -1.2788E-32
     292.60000   -3.2522E-30   -1.1661E-35   -1.2788E-32
     292.70000   -3.2539E-30   -1.1663E-35   -1.2789E-32
     292.80000   -3.2557E-30   -1.1665E-35   -1.2789E-32
     292.90000   -3.2576E-30   -1.1668E-35   -1.2790E-32
     293.00000   -3.2593E-30   -1.1670E-35   -1.2790E-32
     293.10000   -3.2609E-30   -1.1672E-35   -1.2791E-32
     293.20000   -3.2625E-30   -1.1674E-35   -1.2791E-32
     293.30000   -3.2640E-30   -1.1675E-35   -1.2791E-32
     293.40000   -3.2655E-30   -1.1677E-35   -1.2792E-32
     293.50000   -3.2669E-30   -1.1678E-35   -1.2792E-32
     293.60000   -3.2684E-30   -1.1680E-35   -1.2793E-32
     293.70000   -3.2698E-30   -1.1681E-35   -1.2793E-32
     293.80000   -3.2712E-30   -1.1682E-35   -1.2793E-32
     293.90000   -3.2726E-30   -1.1684E-35   -1.2794E-32
     294.00000   -3.2740E-30   -1.1685E-35   -1.2794E-32
     294.10000   -3.2754E-30   -1.1686E-35   -1.2795E-32
     294.20000   -3.2768E-30   -1.1687E-35   -1.2795E-32
     294.30000   -3.2782E-30   -1.1688E-35   -1.2795E-32
     294.40000   -3.2796E-30   -1.1689E-35   -1.2796E-32
     294.50000   -3.2810E-30   -1.1690E-35   -1.2796E-32
     294.60000   -3.2824E-30   -1.1691E-35   -1.2796E-32
     294.70000   -3.2838E-30   -1.1692E-35   -1.2797E-32
     294.80000   -3.2853E-30   -1.1692E-35   -1.2797E-32
     294.90000   -3.2867E-30   -1.1693E-35   -1.2798E-32
     295.00000   -3.2881E-30   -1.1694E-35   -1.2798E-32
     295.10000   -3.2896E-30   -1.1695E-35   -1.2798E-32
     295.20000   -3.2910E-30   -1.1695E-35   -1.2799E-32
     295.30000   -3.2925E-30   -1.1696E-35   -1.2799E-32
     295.40000   -3.2940E-30   -1.1697E-35   -1.2799E-32
     295.50000   -3.2954E-30   -1.1697E-35   -1.2800E-32
     295.60000   -3.2969E-30   -1.1698E-35   -1.2800E-32
     295.70000   -3.2984E-30   -1.1698E-35   -1.2800E-32
     295.80000   -3.2999E-30   -1.1699E-35   -1.2801E-32
     295.90000   -3.3014E-30   -1.1700E-35   -1.2801E-32
     296.00000   -3.3029E-30   -1.1700E-35   -1.2802E-32
     296.10000   -3.3045E-30   -1.1701E-35   -1.2802E-32
     296.20000   -3.3060E-30   -1.1701E-35   -1.2802E-32
     296.30000   -3.3076E-30   -1.1702E-35   -1.2803E-32
     296.40000   -3.3091E-30   -1.1702E-35   -1.2803E-32
     296.50000   -3.3107E-30   -1.1702E-35   -1.2803E-32
     296.60000   -3.3123E-30   -1.1703E-35   -1.2804E-32
     296.70000   -3.3138E-30   -1.1703E-35   -1.2804E-32
     296.80000   -3.3154E-30   -1.1704E-35   -1.2804E-32
     296.90000   -3.3170E-30   -1.1704E-35   -1.2805E-32
     297.00000   -3.3186E-30   -1.1704E-35   -1.2805E-32
     297.10000   -3.3203E-30   -1.1705E-35   -1.2806E-32
     297.20000   -3.3219E-30   -1.1705E-35   -1.2806E-32
     297.30000   -3.3235E-30   -1.1705E-35   -1.2806E-32
     297.40000   -3.3252E-30   -1.1706E-35   -1.2807E-32
     297.50000   -3.3269E-30   -1.1706E-35   -1.2807E-32
     297.60000   -3.3285E-30   -1.1706E-35   -1.2807E-32
     297.70000   -3.3302E-30   -1.1706E-35   -1.2808E-32
     297.80000   -3.3319E-30   -1.1707E-35   -1.2808E-32
     297.90000   -3.3336E-30   -1.1707E-35   -1.2808E-32
     298.00000   -3.3354E-30   -1.1707E-35   -1.2809E-32
     298.10000   -3.3371E-30   -1.1707E-35   -1.2809E-32
     298.20000   -3.3388E-30   -1.1708E-35   -1.2810E-32
     298.30000   -3.3406E-30   -1.1708E-35   -1.2810E-32
     298.40000   -3.3424E-30   -1.1708E-35   -1.2810E-32
     298.50000   -3.3441E-30   -1.1708E-35   -1.2811E-32
     298.60000   -3.3459E-30   -1.1708E-35   -1.2811E-32
     298.70000   -3.3477E-30   -1.1709E-35   -1.2811E-32
     298.80000   -3.3495E-30   -1.1709E-35   -1.2812E-32
     298.90000   -3.3514E-30   -1.1709E-35   -1.2812E-32
     299.00000   -3.3532E-30   -1.1709E-35   -1.2813E-32
     299.10000   -3.3550E-30   -1.1709E-35   -1.2813E-32
     299.20000   -3.3569E-30   -1.1709E-35   -1.2813E-32
     299.30000   -3.3587E-30   -1.1709E-35   -1.2814E-32
     299.40000   -3.3606E-30   -1.1710E-35   -1.2814E-32
     299.50000   -3.3624E-30   -1.1710E-35   -1.2814E-32
     299.60000   -3.3643E-30   -1.1710E-35   -1.2815E-32
     299.70000   -3.3661E-30   -1.1710E-35   -1.2815E-32
     299.80000   -3.3679E-30   -1.1710E-35   -1.2815E-32
     299.90000   -3.3698E-30   -1.1710E-35   -1.2816E-32
     300.00000   -3.3716E-30   -1.1710E-35   -1.2816E-32
     300.10000   -3.3735E-30   -1.1710E-35   -1.2817E-32
     300.20000   -3.3753E-30   -1.1711E-35   -1.2817E-32
     300.30000   -3.3770E-30   -1.1711E-35   -1.2817E-32
     300.40000   -3.3788E-30   -1.1711E-35   -1.2818E-32
     300.50000   -3.3805E-30   -1.1711E-35   -1.2818E-32
     300.60000   -3.3822E-30   -1.1711E-35   -1.2818E-32
     300.70000   -3.3839E-30   -1.1711E-35   -1.2819E-32
     300.80000   -3.3855E-30   -1.1712E-35   -1.2819E-32
     300.90000   -3.3871E-30   -1.1712E-35   -1.2819E-32
     301.00000   -3.3887E-30   -1.1712E-35   -1.2820E-32
     301.10000   -3.3903E-30   -1.1712E-35   -1.2820E-32
     301.20000   -3.3918E-30   -1.1712E-35   -1.2820E-32
     301.30000   -3.3934E-30   -1.1713E-35   -1.2820E-32
     301.40000   -3.3949E-30   -1.1713E-35   -1.2821E-32
     301.50000   -3.3964E-30   -1.1713E-35   -1.2821E-32
     301.60000   -3.3979E-30   -1.1714E-35   -1.2821E-32
     301.70000   -3.3994E-30   -1.1714E-35   -1.2822E-32
     301.80000   -3.4008E-30   -1.1714E-35   -1.2822E-32
     301.90000   -3.4023E-30   -1.1715E-35   -1.2822E-32
     302.00000   -3.4037E-30   -1.1715E-35   -1.2822E-32
     302.10000   -3.4051E-30   -1.1715E-35   -1.2823E-32
     302.20000   -3.4065E-30   -1.1716E-35   -1.2823E-32
     302.30000   -3.4079E-30   -1.1716E-35   -1.2823E-32
     302.40000   -3.4093E-30   -1.1717E-35   -1.2824E-32
     302.50000   -3.4107E-30   -1.1717E-35   -1.2824E-32
     302.60000   -3.4120E-30   -1.1717E-35   -1.2824E-32
     302.70000   -3.4134E-30   -1.1718E-35   -1.2824E-32
     302.80000   -3.4147E-30   -1.1718E-35   -1.2825E-32
     302.90000   -3.4160E-30   -1.1719E-35   -1.2825E-32
     303.00000   -3.4173E-30   -1.1720E-35   -1.2825E-32
     303.10000   -3.4186E-30   -1.1720E-35   -1.2825E-32
     303.20000   -3.4199E-30   -1.1721E-35   -1.2826E-32
     303.30000   -3.4211E-30   -1.1721E-35   -1.2826E-32
     303.40000   -3.4224E-30   -1.1722E-35   -1.2826E-32
     303.50000   -3.4236E-30   -1.1723E-35   -1.2826E-32
     303.60000   -3.4248E-30   -1.1723E-35   -1.2826E-32
     303.70000   -3.4261E-30   -1.1724E-35   -1.2827E-32
     303.80000   -3.4273E-30   -1.1725E-35   -1.2827E-32
     303.90000   -3.4285E-30   -1.1725E-35   -1.2827E-32
     304.00000   -3.4297E-30   -1.1726E-35   -1.2827E-32
     304.10000   -3.4308E-30   -1.1727E-35   -1.2828E-32
     304.20000   -3.4320E-30   -1.1728E-35   -1.2828E-32
     304.30000   -3.4332E-30   -1.1729E-35   -1.2828E-32
     304.40000   -3.4343E-30   -1.1730E-35   -1.2828E-32
     304.50000   -3.4355E-30   -1.1730E-35   -1.2828E-32
     304.60000   -3.4366E-30   -1.1731E-35   -1.2829E-32
     304.70000   -3.4377E-30   -1.1732E-35   -1.2829E-32
     304.80000   -3.4388E-30   -1.1733E-35   -1.2829E-32
     304.90000   -3.4399E-30   -1.1734E-35   -1.2829E-32
     305.00000   -3.4410E-30   -1.1735E-35   -1.2829E-32
     305.10000   -3.4421E-30   -1.1737E-35   -1.2830E-32
     305.20000   -3.4432E-30   -1.1738E-35   -1.2830E-32
     305.30000   -3.4443E-30   -1.1739E-35   -1.2830E-32
     305.40000   -3.4453E-30   -1.1740E-35   -1.2830E-32
     305.50000   -3.4464E-30   -1.1741E-35   -1.2830E-32
     305.60000   -3.4474E-30   -1.1742E-35   -1.2831E-32
     305.70000   -3.4484E-30   -1.1744E-35   -1.2831E-32
     305.80000   -3.4495E-30   -1.1745E-35   -1.2831E-32
     305.90000   -3.4505E-30   -1.1746E-35   -1.2831E-32
     306.00000   -3.4515E-30   -1.1748E-35   -1.2831E-32
     306.10000   -3.4525E-30   -1.1749E-35   -1.2832E-32
     306.20000   -3.4535E-30   -1.1751E-35   -1.2832E-32
     306.30000   -3.4545E-30   -1.1752E-35   -1.2832E-32
     306.40000   -3.4555E-30   -1.1754E-35   -1.2832E-32
     306.50000   -3.4565E-30   -1.1755E-35   -1.2832E-32
     306.60000   -3.4575E-30   -1.1757E-35   -1.2833E-32
     306.70000   -3.4584E-30   -1.1758E-35   -1.2833E-32
     306.80000   -3.4594E-30   -1.1760E-35   -1.2833E-32
     306.90000   -3.4604E-30   -1.1762E-35   -1.2833E-32
     307.00000   -3.4613E-30   -1.1764E-35   -1.2833E-32
     307.10000   -3.4623E-30   -1.1765E-35   -1.2833E-32
     307.20000   -3.4633E-30   -1.1767E-35   -1.2834E-32
     307.30000   -3.4643E-30   -1.1769E-35   -1.2834E-32
     307.40000   -3.4653E-30   -1.1771E-35   -1.2834E-32
     307.50000   -3.4663E-30   -1.1772E-35   -1.2834E-32
     307.60000   -3.4673E-30   -1.1774E-35   -1.2834E-32
     307.70000   -3.4683E-30   -1.1776E-35   -1.2835E-32
     307.80000   -3.4694E-30   -1.1777E-35   -1.2835E-32
     307.90000   -3.4704E-30   -1.1779E-35   -1.2835E-32
     308.00000   -3.4715E-30   -1.1781E-35   -1.2835E-32
     308.10000   -3.4726E-30   -1.1782E-35   -1.2835E-32
     308.20000   -3.4736E-30   -1.1784E-35   -1.2836E-32
     308.30000   -3.4747E-30   -1.1785E-35   -1.2836E-32
     308.40000   -3.4758E-30   -1.1787E-35   -1.2836E-32
     308.50000   -3.4769E-30   -1.1789E-35   -1.2836E-32
     308.60000   -3.4780E-30   -1.1790E-35   -1.2837E-32
     308.70000   -3.4791E-30   -1.1792E-35   -1.2837E-32
     308.80000   -3.4802E-30   -1.1793E-35   -1.2837E-32
     308.90000   -3.4814E-30   -1.1795E-35   -1.2837E-32
     309.00000   -3.4825E-30   -1.1796E-35   -1.2837E-32
     309.10000   -3.4836E-30   -1.1798E-35   -1.2838E-32
     309.20000   -3.4848E-30   -1.1800E-35   -1.2838E-32
     309.30000   -3.4859E-30   -1.1801E-35   -1.2838E-32
     309.40000   -3.4871E-30   -1.1803E-35   -1.2838E-32
     309.50000   -3.4882E-30   -1.1804E-35   -1.2839E-32
     309.60000   -3.4894E-30   -1.1806E-35   -1.2839E-32
     309.70000   -3.4905E-30   -1.1807E-35   -1.2839E-32
     309.80000   -3.4917E-30   -1.1808E-35   -1.2840E-32
     309.90000   -3.4929E-30   -1.1810E-35   -1.2840E-32
     310.00000   -3.4941E-30   -1.1811E-35   -1.2840E-32
     310.10000   -3.4953E-30   -1.1813E-35   -1.2840E-32
     310.20000   -3.4964E-30   -1.1814E-35   -1.2841E-32
     310.30000   -3.4976E-30   -1.1816E-35   -1.2841E-32
     310.40000   -3.4988E-30   -1.1817E-35   -1.2841E-32
     310.50000   -3.5000E-30   -1.1818E-35   -1.2842E-32
     310.60000   -3.5013E-30   -1.1820E-35   -1.2842E-32
     310.70000   -3.5025E-30   -1.1821E-35   -1.2842E-32
     310.80000   -3.5038E-30   -1.1822E-35   -1.2843E-32
     310.90000   -3.5050E-30   -1.1824E-35   -1.2843E-32
     311.00000   -3.5063E-30   -1.1825E-35   -1.2844E-32
     311.10000   -3.5075E-30   -1.1826E-35   -1.2844E-32
     311.20000   -3.5088E-30   -1.1828E-35   -1.2844E-32
     311.30000   -3.5101E-30   -1.1829E-35   -1.2845E-32
     311.40000   -3.5113E-30   -1.1830E-35   -1.2845E-32
     311.50000   -3.5126E-30   -1.1832E-35   -1.2846E-32
     311.60000   -3.5139E-30   -1.1833E-35   -1.2846E-32
     311.70000   -3.5151E-30   -1.1834E-35   -1.2846E-32
     311.80000   -3.5164E-30   -1.1835E-35   -1.2847E-32
     311.90000   -3.5176E-30   -1.1837E-35   -1.2847E-32
     312.00000   -3.5189E-30   -1.1838E-35   -1.2848E-32
     312.10000   -3.5202E-30   -1.1839E-35   -1.2848E-32
     312.20000   -3.5214E-30   -1.1840E-35   -1.2849E-32
     312.30000   -3.5227E-30   -1.1841E-35   -1.2849E-32
     312.40000   -3.5239E-30   -1.1842E-35   -1.2850E-32
     312.50000   -3.5252E-30   -1.1844E-35   -1.2851E-32
     312.60000   -3.5264E-30   -1.1845E-35   -1.2851E-32
     312.70000   -3.5276E-30   -1.1846E-35   -1.2852E-32
     312.80000   -3.5288E-30   -1.1847E-35   -1.2852E-32
     312.90000   -3.5301E-30   -1.1848E-35   -1.2853E-32
     313.00000   -3.5313E-30   -1.1849E-35   -1.2854E-32
     313.10000   -3.5325E-30   -1.1850E-35   -1.2854E-32
     313.20000   -3.5337E-30   -1.1851E-35   -1.2855E-32
     313.30000   -3.5349E-30   -1.1852E-35   -1.2856E-32
     313.40000   -3.5362E-30   -1.1853E-35   -1.2857E-32
     313.50000   -3.5375E-30   -1.1854E-35   -1.2857E-32
     313.60000   -3.5388E-30   -1.1855E-35   -1.2858E-32
     313.70000   -3.5402E-30   -1.1856E-35   -1.2859E-32
     313.80000   -3.5416E-30   -1.1857E-35   -1.2860E-32
     313.90000   -3.5430E-30   -1.1858E-35   -1.2861E-32
     314.00000   -3.5445E-30   -1.1859E-35   -1.2862E-32
     314.10000   -3.5459E-30   -1.1860E-35   -1.2862E-32
     314.20000   -3.5474E-30   -1.1861E-35   -1.2863E-32
     314.30000   -3.5489E-30   -1.1862E-35   -1.2864E-32
     314.40000   -3.5504E-30   -1.1863E-35   -1.2865E-32
     314.50000   -3.5519E-30   -1.1864E-35   -1.2866E-32
     314.60000   -3.5535E-30   -1.1864E-35   -1.2867E-32
     314.70000   -3.5550E-30   -1.1865E-35   -1.2868E-32
     314.80000   -3.5566E-30   -1.1866E-35   -1.2869E-32
     314.90000   -3.5581E-30   -1.1867E-35   -1.2870E-32
     315.00000   -3.5597E-30   -1.1868E-35   -1.2871E-32
     315.10000   -3.5612E-30   -1.1869E-35   -1.2872E-32
     315.20000   -3.5626E-30   -1.1870E-35   -1.2873E-32
     315.30000   -3.5641E-30   -1.1871E-35   -1.2874E-32
     315.40000   -3.5655E-30   -1.1872E-35   -1.2875E-32
     315.50000   -3.5668E-30   -1.1873E-35   -1.2876E-32
     315.60000   -3.5681E-30   -1.1874E-35   -1.2877E-32
     315.70000   -3.5694E-30   -1.1876E-35   -1.2878E-32
     315.80000   -3.5707E-30   -1.1877E-35   -1.2879E-32
     315.90000   -3.5719E-30   -1.1878E-35   -1.2881E-32
     316.00000   -3.5730E-30   -1.1879E-35   -1.2882E-32
     316.10000   -3.5742E-30   -1.1881E-35   -1.2883E-32
     316.20000   -3.5753E-30   -1.1882E-35   -1.2885E-32
     316.30000   -3.5763E-30   -1.1884E-35   -1.2886E-32
     316.40000   -3.5773E-30   -1.1885E-35   -1.2888E-32
     316.50000   -3.5783E-30   -1.1887E-35   -1.2889E-32
     316.60000   -3.5792E-30   -1.1889E-35   -1.2891E-32
     316.70000   -3.5801E-30   -1.1890E-35   -1.2892E-32
     316.80000   -3.5810E-30   -1.1892E-35   -1.2894E-32
     316.90000   -3.5818E-30   -1.1894E-35   -1.2896E-32
     317.00000   -3.5826E-30   -1.1896E-35   -1.2897E-32
     317.10000   -3.5834E-30   -1.1898E-35   -1.2899E-32
     317.20000   -3.5841E-30   -1.1901E-35   -1.2901E-32
     317.30000   -3.5848E-30   -1.1903E-35   -1.2903E-32
     317.40000   -3.5854E-30   -1.1905E-35   -1.2905E-32
     317.50000   -3.5861E-30   -1.1908E-35   -1.2907E-32
     317.60000   -3.5868E-30   -1.1910E-35   -1.2909E-32
     317.70000   -3.5874E-30   -1.1913E-35   -1.2911E-32
     317.80000   -3.5880E-30   -1.1916E-35   -1.2913E-32
     317.90000   -3.5886E-30   -1.1919E-35   -1.2915E-32
     318.00000   -3.5891E-30   -1.1922E-35   -1.2918E-32
     318.10000   -3.5896E-30   -1.1925E-35   -1.2920E-32
     318.20000   -3.5900E-30   -1.1929E-35   -1.2922E-32
     318.30000   -3.5905E-30   -1.1932E-35   -1.2925E-32
     318.40000   -3.5908E-30   -1.1936E-35   -1.2928E-32
     318.50000   -3.5912E-30   -1.1940E-35   -1.2931E-32
     318.60000   -3.5915E-30   -1.1945E-35   -1.2934E-32
     318.70000   -3.5918E-30   -1.1949E-35   -1.2937E-32
     318.80000   -3.5921E-30   -1.1954E-35   -1.2940E-32
     318.90000   -3.5923E-30   -1.1960E-35   -1.2944E-32
     319.00000   -3.5926E-30   -1.1966E-35   -1.2947E-32
     319.10000   -3.5927E-30   -1.1972E-35   -1.2952E-32
     319.20000   -3.5929E-30   -1.1979E-35   -1.2956E-32
     319.30000   -3.5930E-30   -1.1986E-35   -1.2961E-32
     319.40000   -3.5932E-30   -1.1994E-35   -1.2966E-32
     319.50000   -3.5932E-30   -1.2003E-35   -1.2973E-32
     319.60000   -3.5933E-30   -1.2013E-35   -1.2980E-32
     319.70000   -3.5934E-30   -1.2024E-35   -1.2988E-32
     319.80000   -3.5934E-30   -1.2037E-35   -1.2998E-32
     319.90000   -3.5934E-30   -1.2051E-35   -1.3010E-32
     320.00000   -3.5934E-30   -1.2067E-35   -1.3026E-32
     320.10000   -3.5934E-30   -1.2083E-35   -1.3041E-32
     320.20000   -3.5934E-30   -1.2099E-35   -1.3057E-32
     320.30000   -3.5934E-30   -1.2116E-35   -1.3072E-32
     320.40000   -3.5934E-30   -1.2133E-35   -1.3087E-32
     320.50000   -3.5934E-30   -1.2151E-35   -1.3103E-32
     320.60000   -3.5934E-30   -1.2170E-35   -1.3118E-32
     320.70000   -3.5934E-30   -1.2189E-35   -1.3133E-32
     320.80000   -3.5934E-30   -1.2209E-35   -1.3148E-32
     320.90000   -3.5934E-30   -1.2229E-35   -1.3163E-32
     321.00000   -3.5934E-30   -1.2249E-35   -1.3178E-32
     321.10000   -3.5934E-30   -1.2269E-35   -1.3193E-32
     321.20000   -3.5934E-30   -1.2288E-35   -1.3209E-32
     321.30000   -3.5934E-30   -1.2307E-35   -1.3224E-32
     321.40000   -3.5934E-30   -1.2325E-35   -1.3239E-32
     321.50000   -3.5934E-30   -1.2342E-35   -1.3254E-32
     321.60000   -3.5934E-30   -1.2359E-35   -1.3270E-32
     321.70000   -3.5934E-30   -1.2376E-35   -1.3285E-32
     321.80000   -3.5934E-30   -1.2391E-35   -1.3301E-32
     321.90000   -3.5934E-30   -1.2407E-35   -1.3317E-32
     322.00000   -3.5934E-30   -1.2422E-35   -1.3332E-32
     322.10000   -3.5934E-30   -1.2436E-35   -1.3348E-32
     322.20000   -3.5934E-30   -1.2450E-35   -1.3364E-32
     322.30000   -3.5934E-30   -1.2463E-35   -1.3380E-32
     322.40000   -3.5934E-30   -1.2476E-35   -1.3396E-32
     322.50000   -3.5935E-30   -1.2488E-35   -1.3412E-32
     322.60000   -3.5935E-30   -1.2500E-35   -1.3429E-32
     322.70000   -3.5935E-30   -1.2512E-35   -1.3445E-32
     322.80000   -3.5935E-30   -1.2523E-35   -1.3462E-32
     322.90000   -3.5935E-30   -1.2533E-35   -1.3478E-32
     323.00000   -3.5935E-30   -1.2544E-35   -1.3495E-32
     323.10000   -3.5935E-30   -1.2554E-35   -1.3511E-32
     323.20000   -3.5935E-30   -1.2563E-35   -1.3528E-32
     323.30000   -3.5935E-30   -1.2572E-35   -1.3545E-32
     323.40000   -3.5935E-30   -1.2581E-35   -1.3562E-32
     323.50000   -3.5935E-30   -1.2589E-35   -1.3579E-32
     323.60000   -3.5935E-30   -1.2597E-35   -1.3596E-32
     323.70000   -3.5935E-30   -1.2605E-35   -1.3614E-32
     323.80000   -3.5935E-30   -1.2613E-35   -1.3631E-32
     323.90000   -3.5935E-30   -1.2621E-35   -1.3648E-32
     324.00000   -3.5935E-30   -1.2628E-35   -1.3666E-32
     324.10000   -3.5935E-30   -1.2636E-35   -1.3683E-32
     324.20000   -3.5935E-30   -1.2644E-35   -1.3700E-32
     324.30000   -3.5935E-30   -1.2653E-35   -1.3717E-32
     324.40000   -3.5935E-30   -1.2662E-35   -1.3734E-32
     324.50000   -3.5935E-30   -1.2671E-35   -1.3751E-32
     324.60000   -3.5935E-30   -1.2681E-35   -1.3768E-32
     324.70000   -3.5935E-30   -1.2691E-35   -1.3784E-32
     324.80000   -3.5935E-30   -1.2701E-35   -1.3801E-32
     324.90000   -3.5935E-30   -1.2712E-35   -1.3818E-32
     325.00000   -3.5935E-30   -1.2723E-35   -1.3834E-32
     325.10000   -3.5935E-30   -1.2735E-35   -1.3850E-32
     325.20000   -3.5935E-30   -1.2747E-35   -1.3867E-32
     325.30000   -3.5935E-30   -1.2759E-35   -1.3883E-32
     325.40000   -3.5935E-30   -1.2772E-35   -1.3899E-32
     325.50000   -3.5935E-30   -1.2786E-35   -1.3915E-32
     325.60000   -3.5935E-30   -1.2800E-35   -1.3931E-32
     325.70000   -3.5935E-30   -1.2814E-35   -1.3947E-32
     325.80000   -3.5935E-30   -1.2829E-35   -1.3962E-32
     325.90000   -3.5935E-30   -1.2845E-35   -1.3978E-32
     326.00000   -3.5935E-30   -1.2861E-35   -1.3994E-32
     326.10000   -3.5935E-30   -1.2877E-35   -1.4009E-32
     326.20000   -3.5935E-30   -1.2894E-35   -1.4024E-32
     326.30000   -3.5935E-30   -1.2912E-35   -1.4040E-32
     326.40000   -3.5935E-30   -1.2930E-35   -1.4055E-32
     326.50000   -3.5935E-30   -1.2949E-35   -1.4070E-32
     326.60000   -3.5935E-30   -1.2969E-35   -1.4085E-32
     326.70000   -3.5935E-30   -1.2989E-35   -1.4100E-32
     326.80000   -3.5935E-30   -1.3009E-35   -1.4115E-32
     326.90000   -3.5935E-30   -1.3029E-35   -1.4130E-32
     327.00000   -3.5935E-30   -1.3049E-35   -1.4145E-32
     327.10000   -3.5935E-30   -1.3068E-35   -1.4161E-32
     327.20000   -3.5935E-30   -1.3087E-35   -1.4176E-32
     327.30000   -3.5935E-30   -1.3105E-35   -1.4191E-32
     327.40000   -3.5935E-30   -1.3122E-35   -1.4206E-32
     327.50000   -3.5935E-30   -1.3139E-35   -1.4222E-32
     327.60000   -3.5935E-30   -1.3156E-35   -1.4237E-32
     327.70000   -3.5935E-30   -1.3172E-35   -1.4253E-32
     327.80000   -3.5935E-30   -1.3187E-35   -1.4268E-32
     327.90000   -3.5935E-30   -1.3202E-35   -1.4284E-32
     328.00000   -3.5935E-30   -1.3216E-35   -1.4300E-32
     328.10000   -3.5935E-30   -1.3230E-35   -1.4316E-32
     328.20000   -3.5935E-30   -1.3243E-35   -1.4332E-32
     328.30000   -3.5935E-30   -1.3256E-35   -1.4348E-32
     328.40000   -3.5935E-30   -1.3269E-35   -1.4364E-32
     328.50000   -3.5935E-30   -1.3281E-35   -1.4381E-32
     328.60000   -3.5935E-30   -1.3292E-35   -1.4397E-32
     328.70000   -3.5935E-30   -1.3303E-35   -1.4414E-32
     328.80000   -3.5935E-30   -1.3314E-35   -1.4430E-32
     328.90000   -3.5935E-30   -1.3324E-35   -1.4447E-32
     329.00000   -3.5936E-30   -1.3334E-35   -1.4464E-32
     329.10000   -3.5936E-30   -1.3344E-35   -1.4480E-32
     329.20000   -3.5936E-30   -1.3353E-35   -1.4497E-32
     329.30000   -3.5936E-30   -1.3362E-35   -1.4514E-32
     329.40000   -3.5936E-30   -1.3370E-35   -1.4531E-32
     329.50000   -3.5936E-30   -1.3378E-35   -1.4548E-32
     329.60000   -3.5936E-30   -1.3386E-35   -1.4566E-32
     329.70000   -3.5936E-30   -1.3394E-35   -1.4583E-32
     329.80000   -3.5936E-30   -1.3402E-35   -1.4601E-32
     329.90000   -3.5936E-30   -1.3410E-35   -1.4618E-32
     330.00000   -3.5936E-30   -1.3418E-35   -1.4635E-32
     330.10000   -3.5936E-30   -1.3426E-35   -1.4652E-32
     330.20000   -3.5936E-30   -1.3435E-35   -1.4669E-32
     330.30000   -3.5936E-30   -1.3444E-35   -1.4686E-32
     330.40000   -3.5936E-30   -1.3453E-35   -1.4703E-32
     330.50000   -3.5936E-30   -1.3463E-35   -1.4720E-32
     330.60000   -3.5936E-30   -1.3473E-35   -1.4736E-32
     330.70000   -3.5936E-30   -1.3484E-35   -1.4753E-32
     330.80000   -3.5936E-30   -1.3495E-35   -1.4770E-32
     330.90000   -3.5936E-30   -1.3506E-35   -1.4786E-32
     331.00000   -3.5936E-30   -1.3518E-35   -1.4802E-32
     331.10000   -3.5936E-30   -1.3530E-35   -1.4819E-32
     331.20000   -3.5936E-30   -1.3543E-35   -1.4835E-32
     331.30000   -3.5936E-30   -1.3556E-35   -1.4851E-32
     331.40000   -3.5936E-30   -1.3570E-35   -1.4867E-32
     331.50000   -3.5936E-30   -1.3584E-35   -1.4883E-32
     331.60000   -3.5936E-30   -1.3599E-35   -1.4899E-32
     331.70000   -3.5936E-30   -1.3614E-35   -1.4914E-32
     331.80000   -3.5936E-30   -1.3630E-35   -1.4930E-32
     331.90000   -3.5936E-30   -1.3646E-35   -1.4945E-32
     332.00000   -3.5936E-30   -1.3663E-35   -1.4961E-32
     332.10000   -3.5936E-30   -1.3680E-35   -1.4976E-32
     332.20000   -3.5936E-30   -1.3698E-35   -1.4992E-32
     332.30000   -3.5936E-30   -1.3717E-35   -1.5007E-32
     332.40000   -3.5936E-30   -1.3736E-35   -1.5022E-32
     332.50000   -3.5936E-30   -1.3756E-35   -1.5037E-32
     332.60000   -3.5936E-30   -1.3776E-35   -1.5052E-32
     332.70000   -3.5936E-30   -1.3796E-35   -1.5067E-32
     332.80000   -3.5936E-30   -1.3817E-35   -1.5082E-32
     332.90000   -3.5936E-30   -1.3837E-35   -1.5098E-32
     333.00000   -3.5936E-30   -1.3856E-35   -1.5113E-32
     333.10000   -3.5936E-30   -1.3874E-35   -1.5128E-32
     333.20000   -3.5936E-30   -1.3893E-35   -1.5143E-32
     333.30000   -3.5936E-30   -1.3910E-35   -1.5159E-32
     333.40000   -3.5936E-30   -1.3927E-35   -1.5174E-32
     333.50000   -3.5936E-30   -1.3943E-35   -1.5190E-32
     333.60000   -3.5936E-30   -1.3959E-35   -1.5205E-32
     333.70000   -3.5936E-30   -1.3975E-35   -1.5221E-32
     333.80000   -3.5936E-30   -1.3990E-35   -1.5237E-32
     333.90000   -3.5936E-30   -1.4004E-35   -1.5253E-32
     334.00000   -3.5936E-30   -1.4018E-35   -1.5269E-32
     334.10000   -3.5936E-30   -1.4031E-35   -1.5285E-32
     334.20000   -3.5936E-30   -1.4044E-35   -1.5301E-32
     334.30000   -3.5936E-30   -1.4056E-35   -1.5317E-32
     334.40000   -3.5936E-30   -1.4068E-35   -1.5334E-32
     334.50000   -3.5936E-30   -1.4080E-35   -1.5350E-32
     334.60000   -3.5936E-30   -1.4091E-35   -1.5367E-32
     334.70000   -3.5936E-30   -1.4102E-35   -1.5383E-32
     334.80000   -3.5936E-30   -1.4112E-35   -1.5400E-32
     334.90000   -3.5936E-30   -1.4122E-35   -1.5417E-32
     335.00000   -3.5936E-30   -1.4132E-35   -1.5434E-32
     335.10000   -3.5936E-30   -1.4141E-35   -1.5451E-32
     335.20000   -3.5936E-30   -1.4150E-35   -1.5468E-32
     335.30000   -3.5936E-30   -1.4158E-35   -1.5485E-32
     335.40000   -3.5936E-30   -1.4167E-35   -1.5502E-32
     335.50000   -3.5936E-30   -1.4175E-35   -1.5519E-32
     335.60001   -3.5937E-30   -1.4182E-35   -1.5537E-32
     335.70001   -3.5937E-30   -1.4190E-35   -1.5554E-32
     335.80001   -3.5937E-30   -1.4198E-35   -1.5572E-32
     335.90001   -3.5937E-30   -1.4206E-35   -1.5589E-32
     336.00001   -3.5937E-30   -1.4215E-35   -1.5606E-32
     336.10001   -3.5937E-30   -1.4224E-35   -1.5623E-32
     336.20001   -3.5937E-30   -1.4233E-35   -1.5640E-32
     336.30001   -3.5937E-30   -1.4242E-35   -1.5657E-32
     336.40001   -3.5937E-30   -1.4252E-35   -1.5674E-32
     336.50001   -3.5937E-30   -1.4263E-35   -1.5691E-32
     336.60001   -3.5937E-30   -1.4274E-35   -1.5707E-32
     336.70001   -3.5937E-30   -1.4285E-35   -1.5724E-32
     336.80001   -3.5937E-30   -1.4296E-35   -1.5740E-32
     336.90001   -3.5937E-30   -1.4308E-35   -1.5757E-32
     337.00001   -3.5937E-30   -1.4321E-35   -1.5773E-32
     337.10001   -3.5937E-30   -1.4334E-35   -1.5789E-32
     337.20001   -3.5937E-30   -1.4347E-35   -1.5806E-32
     337.30001   -3.5937E-30   -1.4361E-35   -1.5822E-32
     337.40001   -3.5937E-30   -1.4376E-35   -1.5838E-32
     337.50001   -3.5937E-30   -1.4390E-35   -1.5853E-32
     337.60001   -3.5937E-30   -1.4406E-35   -1.5869E-32
     337.70001   -3.5937E-30   -1.4422E-35   -1.5885E-32
     337.80001   -3.5937E-30   -1.4438E-35   -1.5900E-32
     337.90001   -3.5937E-30   -1.4455E-35   -1.5916E-32
     338.00001   -3.5937E-30   -1.4473E-35   -1.5931E-32
     338.10001   -3.5937E-30   -1.4491E-35   -1.5947E-32
     338.20001   -3.5937E-30   -1.4510E-35   -1.5962E-32
     338.30001   -3.5937E-30   -1.4529E-35   -1.5977E-32
     338.40001   -3.5937E-30   -1.4549E-35   -1.5992E-32
     338.50001   -3.5937E-30   -1.4569E-35   -1.6008E-32
     338.60001   -3.5937E-30   -1.4590E-35   -1.6023E-32
     338.70001   -3.5937E-30   -1.4610E-35   -1.6038E-32
     338.80001   -3.5937E-30   -1.4630E-35   -1.6053E-32
     338.90001   -3.5937E-30   -1.4650E-35   -1.6068E-32
     339.00001   -3.5937E-30   -1.4668E-35   -1.6084E-32
     339.10001   -3.5937E-30   -1.4686E-35   -1.6099E-32
     339.20001   -3.5937E-30   -1.4704E-35   -1.6115E-32
     339.30001   -3.5937E-30   -1.4721E-35   -1.6130E-32
     339.40001   -3.5937E-30   -1.4737E-35   -1.6146E-32
     339.50001   -3.5937E-30   -1.4753E-35   -1.6162E-32
     339.60001   -3.5937E-30   -1.4768E-35   -1.6177E-32
     339.70001   -3.5937E-30   -1.4783E-35   -1.6193E-32
     339.80001   -3.5937E-30   -1.4798E-35   -1.6209E-32
     339.90001   -3.5937E-30   -1.4811E-35   -1.6225E-32
     340.00001   -3.5937E-30   -1.4825E-35   -1.6242E-32
     340.10001   -3.5937E-30   -1.4838E-35   -1.6258E-32
     340.20001   -3.5937E-30   -1.4850E-35   -1.6274E-32
     340.30001   -3.5937E-30   -1.4862E-35   -1.6291E-32
     340.40001   -3.5937E-30   -1.4874E-35   -1.6307E-32
     340.50001   -3.5937E-30   -1.4885E-35   -1.6324E-32
     340.60001   -3.5937E-30   -1.4896E-35   -1.6341E-32
     340.70001   -3.5937E-30   -1.4906E-35   -1.6357E-32
     340.80001   -3.5937E-30   -1.4916E-35   -1.6374E-32
     340.90001   -3.5937E-30   -1.4926E-35   -1.6391E-32
     341.00001   -3.5937E-30   -1.4935E-35   -1.6408E-32
     341.10001   -3.5937E-30   -1.4944E-35   -1.6426E-32
     341.20001   -3.5937E-30   -1.4952E-35   -1.6443E-32
     341.30001   -3.5937E-30   -1.4961E-35   -1.6460E-32
     341.40001   -3.5937E-30   -1.4969E-35   -1.6478E-32
     341.50001   -3.5937E-30   -1.4977E-35   -1.6495E-32
     341.60001   -3.5937E-30   -1.4985E-35   -1.6513E-32
     341.70001   -3.5937E-30   -1.4993E-35   -1.6530E-32
     341.80001   -3.5937E-30   -1.5001E-35   -1.6548E-32
     341.90001   -3.5937E-30   -1.5010E-35   -1.6565E-32
     342.00001   -3.5938E-30   -1.5019E-35   -1.6582E-32
     342.10001   -3.5938E-30   -1.5028E-35   -1.6599E-32
     342.20001   -3.5938E-30   -1.5038E-35   -1.6616E-32
     342.30001   -3.5938E-30   -1.5048E-35   -1.6633E-32
     342.40001   -3.5938E-30   -1.5059E-35   -1.6650E-32
     342.50001   -3.5938E-30   -1.5070E-35   -1.6666E-32
     342.60001   -3.5938E-30   -1.5081E-35   -1.6683E-32
     342.70001   -3.5938E-30   -1.5093E-35   -1.6700E-32
     342.80001   -3.5938E-30   -1.5105E-35   -1.6716E-32
     342.90001   -3.5938E-30   -1.5118E-35   -1.6732E-32
     343.00001   -3.5938E-30   -1.5131E-35   -1.6749E-32
     343.10001   -3.5938E-30   -1.5145E-35   -1.6765E-32
     343.20001   -3.5938E-30   -1.5159E-35   -1.6781E-32
     343.30001   -3.5938E-30   -1.5173E-35   -1.6797E-32
     343.40001   -3.5938E-30   -1.5188E-35   -1.6813E-32
     343.50001   -3.5938E-30   -1.5204E-35   -1.6829E-32
     343.60001   -3.5938E-30   -1.5220E-35   -1.6845E-32
     343.70001   -3.5938E-30   -1.5237E-35   -1.6860E-32
     343.80001   -3.5938E-30   -1.5254E-35   -1.6876E-32
     343.90001   -3.5938E-30   -1.5272E-35   -1.6891E-32
     344.00001   -3.5938E-30   -1.5291E-35   -1.6907E-32
     344.10001   -3.5938E-30   -1.5310E-35   -1.6922E-32
     344.20001   -3.5938E-30   -1.5329E-35   -1.6937E-32
     344.30001   -3.5938E-30   -1.5349E-35   -1.6952E-32
     344.40001   -3.5938E-30   -1.5370E-35   -1.6968E-32
     344.50001   -3.5938E-30   -1.5391E-35   -1.6983E-32
     344.60001   -3.5938E-30   -1.5411E-35   -1.6998E-32
     344.70001   -3.5938E-30   -1.5431E-35   -1.7013E-32
     344.80001   -3.5938E-30   -1.5451E-35   -1.7029E-32
     344.90001   -3.5938E-30   -1.5469E-35   -1.7044E-32
     345.00001   -3.5938E-30   -1.5487E-35   -1.7060E-32
     345.10001   -3.5938E-30   -1.5505E-35   -1.7075E-32
     345.20001   -3.5938E-30   -1.5522E-35   -1.7091E-32
     345.30001   -3.5938E-30   -1.5538E-35   -1.7107E-32
     345.40001   -3.5938E-30   -1.5554E-35   -1.7122E-32
     345.50001   -3.5938E-30   -1.5570E-35   -1.7138E-32
     345.60001   -3.5938E-30   -1.5585E-35   -1.7154E-32
     345.70001   -3.5938E-30   -1.5599E-35   -1.7170E-32
     345.80001   -3.5938E-30   -1.5613E-35   -1.7186E-32
     345.90001   -3.5938E-30   -1.5626E-35   -1.7203E-32
     346.00001   -3.5938E-30   -1.5639E-35   -1.7219E-32
     346.10001   -3.5938E-30   -1.5652E-35   -1.7236E-32
     346.20001   -3.5938E-30   -1.5664E-35   -1.7252E-32
     346.30001   -3.5938E-30   -1.5676E-35   -1.7269E-32
     346.40001   -3.5938E-30   -1.5687E-35   -1.7285E-32
     346.50001   -3.5938E-30   -1.5698E-35   -1.7302E-32
     346.60001   -3.5938E-30   -1.5708E-35   -1.7319E-32
     346.70001   -3.5938E-30   -1.5718E-35   -1.7336E-32
     346.80001   -3.5938E-30   -1.5728E-35   -1.7353E-32
     346.90001   -3.5938E-30   -1.5737E-35   -1.7370E-32
     347.00001   -3.5938E-30   -1.5746E-35   -1.7387E-32
     347.10001   -3.5938E-30   -1.5755E-35   -1.7405E-32
     347.20001   -3.5938E-30   -1.5763E-35   -1.7422E-32
     347.30001   -3.5938E-30   -1.5772E-35   -1.7440E-32
     347.40001   -3.5938E-30   -1.5780E-35   -1.7458E-32
     347.50001   -3.5938E-30   -1.5788E-35   -1.7475E-32
     347.60001   -3.5938E-30   -1.5796E-35   -1.7493E-32
     347.70001   -3.5938E-30   -1.5805E-35   -1.7510E-32
     347.80001   -3.5938E-30   -1.5814E-35   -1.7527E-32
     347.90001   -3.5938E-30   -1.5823E-35   -1.7544E-32
     348.00001   -3.5938E-30   -1.5833E-35   -1.7561E-32
     348.10001   -3.5938E-30   -1.5843E-35   -1.7578E-32
     348.20001   -3.5938E-30   -1.5853E-35   -1.7595E-32
     348.30001   -3.5938E-30   -1.5864E-35   -1.7612E-32
     348.40001   -3.5938E-30   -1.5875E-35   -1.7629E-32
     348.50001   -3.5939E-30   -1.5887E-35   -1.7645E-32
     348.60001   -3.5939E-30   -1.5899E-35   -1.7662E-32
     348.70001   -3.5939E-30   -1.5911E-35   -1.7678E-32
     348.80001   -3.5939E-30   -1.5924E-35   -1.7695E-32
     348.90001   -3.5939E-30   -1.5938E-35   -1.7711E-32
     349.00001   -3.5939E-30   -1.5952E-35   -1.7727E-32
     349.10001   -3.5939E-30   -1.5966E-35   -1.7743E-32
     349.20001   -3.5939E-30   -1.5981E-35   -1.7759E-32
     349.30001   -3.5939E-30   -1.5997E-35   -1.7775E-32
     349.40001   -3.5939E-30   -1.6013E-35   -1.7791E-32
     349.50001   -3.5939E-30   -1.6029E-35   -1.7807E-32
     349.60001   -3.5939E-30   -1.6046E-35   -1.7823E-32
     349.70001   -3.5939E-30   -1.6064E-35   -1.7838E-32
     349.80001   -3.5939E-30   -1.6082E-35   -1.7854E-32
     349.90001   -3.5939E-30   -1.6101E-35   -1.7869E-32
     350.00001   -3.5939E-30   -1.6120E-35   -1.7884E-32
     350.10001   -3.5939E-30   -1.6140E-35   -1.7900E-32
     350.20001   -3.5939E-30   -1.6161E-35   -1.7915E-32
     350.30001   -3.5939E-30   -1.6182E-35   -1.7930E-32
     350.40001   -3.5939E-30   -1.6203E-35   -1.7945E-32
     350.50001   -3.5939E-30   -1.6223E-35   -1.7961E-32
     350.60001   -3.5939E-30   -1.6243E-35   -1.7976E-32
     350.70001   -3.5939E-30   -1.6263E-35   -1.7991E-32
     350.80001   -3.5939E-30   -1.6282E-35   -1.8007E-32
     350.90001   -3.5939E-30   -1.6300E-35   -1.8022E-32
     351.00001   -3.5939E-30   -1.6318E-35   -1.8038E-32
     351.10001   -3.5939E-30   -1.6335E-35   -1.8053E-32
     351.20001   -3.5939E-30   -1.6351E-35   -1.8069E-32
     351.30001   -3.5939E-30   -1.6367E-35   -1.8085E-32
     351.40001   -3.5939E-30   -1.6383E-35   -1.8101E-32
     351.50001   -3.5939E-30   -1.6398E-35   -1.8117E-32
     351.60001   -3.5939E-30   -1.6412E-35   -1.8133E-32
     351.70001   -3.5939E-30   -1.6427E-35   -1.8149E-32
     351.80001   -3.5939E-30   -1.6440E-35   -1.8165E-32
     351.90001   -3.5939E-30   -1.6453E-35   -1.8182E-32
     352.00001   -3.5939E-30   -1.6466E-35   -1.8198E-32
     352.10001   -3.5939E-30   -1.6478E-35   -1.8215E-32
     352.20001   -3.5939E-30   -1.6490E-35   -1.8231E-32
     352.30001   -3.5939E-30   -1.6501E-35   -1.8248E-32
     352.40001   -3.5939E-30   -1.6512E-35   -1.8265E-32
     352.50001   -3.5939E-30   -1.6523E-35   -1.8282E-32
     352.60001   -3.5939E-30   -1.6533E-35   -1.8299E-32
     352.70001   -3.5939E-30   -1.6543E-35   -1.8316E-32
     352.80001   -3.5939E-30   -1.6552E-35   -1.8333E-32
     352.90001   -3.5939E-30   -1.6561E-35   -1.8350E-32
     353.00001   -3.5939E-30   -1.6570E-35   -1.8368E-32
     353.10001   -3.5939E-30   -1.6578E-35   -1.8385E-32
     353.20001   -3.5939E-30   -1.6586E-35   -1.8403E-32
     353.30001   -3.5939E-30   -1.6595E-35   -1.8420E-32
     353.40001   -3.5939E-30   -1.6603E-35   -1.8438E-32
     353.50001   -3.5939E-30   -1.6612E-35   -1.8455E-32
     353.60001   -3.5939E-30   -1.6620E-35   -1.8473E-32
     353.70001   -3.5939E-30   -1.6629E-35   -1.8490E-32
     353.80001   -3.5939E-30   -1.6639E-35   -1.8507E-32
     353.90001   -3.5939E-30   -1.6649E-35   -1.8524E-32
     354.00001   -3.5939E-30   -1.6659E-35   -1.8541E-32
     354.10001   -3.5939E-30   -1.6670E-35   -1.8558E-32
     354.20001   -3.5939E-30   -1.6681E-35   -1.8575E-32
     354.30001   -3.5939E-30   -1.6692E-35   -1.8591E-32
     354.40001   -3.5939E-30   -1.6704E-35   -1.8608E-32
     354.50001   -3.5939E-30   -1.6717E-35   -1.8625E-32
     354.60001   -3.5939E-30   -1.6729E-35   -1.8641E-32
     354.70001   -3.5939E-30   -1.6743E-35   -1.8657E-32
     354.80001   -3.5939E-30   -1.6756E-35   -1.8674E-32
     354.90001   -3.5939E-30   -1.6770E-35   -1.8690E-32
     355.00001   -3.5940E-30   -1.6785E-35   -1.8706E-32
     355.10001   -3.5940E-30   -1.6800E-35   -1.8722E-32
     355.20001   -3.5940E-30   -1.6816E-35   -1.8738E-32
     355.30001   -3.5940E-30   -1.6832E-35   -1.8754E-32
     355.40001   -3.5940E-30   -1.6849E-35   -1.8769E-32
     355.50001   -3.5940E-30   -1.6866E-35   -1.8785E-32
     355.60001   -3.5940E-30   -1.6884E-35   -1.8800E-32
     355.70001   -3.5940E-30   -1.6903E-35   -1.8816E-32
     355.80001   -3.5940E-30   -1.6922E-35   -1.8831E-32
     355.90001   -3.5940E-30   -1.6942E-35   -1.8847E-32
     356.00001   -3.5940E-30   -1.6962E-35   -1.8862E-32
     356.10001   -3.5940E-30   -1.6983E-35   -1.8877E-32
     356.20001   -3.5940E-30   -1.7004E-35   -1.8892E-32
     356.30001   -3.5940E-30   -1.7025E-35   -1.8907E-32
     356.40001   -3.5940E-30   -1.7045E-35   -1.8923E-32
     356.50001   -3.5940E-30   -1.7065E-35   -1.8938E-32
     356.60001   -3.5940E-30   -1.7085E-35   -1.8953E-32
     356.70001   -3.5940E-30   -1.7104E-35   -1.8969E-32
     356.80001   -3.5940E-30   -1.7122E-35   -1.8984E-32
     356.90001   -3.5940E-30   -1.7140E-35   -1.9000E-32
     357.00001   -3.5940E-30   -1.7157E-35   -1.9015E-32
     357.10001   -3.5940E-30   -1.7173E-35   -1.9031E-32
     357.20001   -3.5940E-30   -1.7189E-35   -1.9047E-32
     357.30001   -3.5940E-30   -1.7205E-35   -1.9063E-32
     357.40001   -3.5940E-30   -1.7220E-35   -1.9079E-32
     357.50001   -3.5940E-30   -1.7234E-35   -1.9095E-32
     357.60001   -3.5940E-30   -1.7248E-35   -1.9111E-32
     357.70001   -3.5940E-30   -1.7262E-35   -1.9128E-32
     357.80001   -3.5940E-30   -1.7275E-35   -1.9144E-32
     357.90001   -3.5940E-30   -1.7287E-35   -1.9160E-32
     358.00001   -3.5940E-30   -1.7300E-35   -1.9177E-32
     358.10001   -3.5940E-30   -1.7311E-35   -1.9194E-32
     358.20001   -3.5940E-30   -1.7323E-35   -1.9210E-32
     358.30001   -3.5940E-30   -1.7334E-35   -1.9227E-32
     358.40001   -3.5940E-30   -1.7344E-35   -1.9244E-32
     358.50001   -3.5940E-30   -1.7354E-35   -1.9261E-32
     358.60001   -3.5940E-30   -1.7364E-35   -1.9278E-32
     358.70001   -3.5940E-30   -1.7373E-35   -1.9295E-32
     358.80001   -3.5940E-30   -1.7382E-35   -1.9313E-32
     358.90001   -3.5940E-30   -1.7391E-35   -1.9330E-32
     359.00001   -3.5940E-30   -1.7399E-35   -1.9347E-32
     359.10001   -3.5940E-30   -1.7408E-35   -1.9365E-32
     359.20001   -3.5940E-30   -1.7416E-35   -1.9383E-32
     359.30001   -3.5940E-30   -1.7424E-35   -1.9400E-32
     359.40001   -3.5940E-30   -1.7433E-35   -1.9418E-32
     359.50001   -3.5940E-30   -1.7441E-35   -1.9435E-32
     359.60001   -3.5940E-30   -1.7451E-35   -1.9452E-32
     359.70001   -3.5940E-30   -1.7460E-35   -1.9469E-32
     359.80001   -3.5940E-30   -1.7470E-35   -1.9486E-32
     359.90001   -3.5940E-30   -1.7481E-35   -1.9503E-32
     360.00001   -3.5940E-30   -1.7491E-35   -1.9520E-32
     360.10001   -3.5940E-30   -1.7502E-35   -1.9537E-32
     360.20001   -3.5940E-30   -1.7514E-35   -1.9554E-32
     360.30001   -3.5940E-30   -1.7526E-35   -1.9570E-32
     360.40001   -3.5940E-30   -1.7538E-35   -1.9587E-32
     360.50001   -3.5940E-30   -1.7551E-35   -1.9603E-32
     360.60001   -3.5940E-30   -1.7564E-35   -1.9620E-32
     360.70001   -3.5940E-30   -1.7578E-35   -1.9636E-32
     360.80001   -3.5940E-30   -1.7592E-35   -1.9652E-32
     360.90001   -3.5940E-30   -1.7607E-35   -1.9668E-32
     361.00001   -3.5940E-30   -1.7622E-35   -1.9684E-32
     361.10001   -3.5940E-30   -1.7638E-35   -1.9700E-32
     361.20001   -3.5940E-30   -1.7654E-35   -1.9716E-32
     361.30001   -3.5940E-30   -1.7671E-35   -1.9731E-32
     361.40001   -3.5940E-30   -1.7688E-35   -1.9747E-32
     361.50001   -3.5941E-30   -1.7706E-35   -1.9763E-32
     361.60001   -3.5941E-30   -1.7725E-35   -1.9778E-32
     361.70001   -3.5941E-30   -1.7744E-35   -1.9793E-32
     361.80001   -3.5941E-30   -1.7764E-35   -1.9809E-32
     361.90001   -3.5941E-30   -1.7784E-35   -1.9824E-32
     362.00001   -3.5941E-30   -1.7805E-35   -1.9839E-32
     362.10001   -3.5941E-30   -1.7826E-35   -1.9854E-32
     362.20001   -3.5941E-30   -1.7847E-35   -1.9870E-32
     362.30001   -3.5941E-30   -1.7867E-35   -1.9885E-32
     362.40001   -3.5941E-30   -1.7887E-35   -1.9900E-32
     362.50001   -3.5941E-30   -1.7906E-35   -1.9915E-32
     362.60001   -3.5941E-30   -1.7924E-35   -1.9931E-32
     362.70001   -3.5941E-30   -1.7942E-35   -1.9946E-32
     362.80001   -3.5941E-30   -1.7960E-35   -1.9962E-32
     362.90001   -3.5941E-30   -1.7977E-35   -1.9978E-32
     363.00001   -3.5941E-30   -1.7993E-35   -1.9994E-32
     363.10001   -3.5941E-30   -1.8009E-35   -2.0009E-32
     363.20001   -3.5941E-30   -1.8024E-35   -2.0025E-32
     363.30001   -3.5941E-30   -1.8039E-35   -2.0041E-32
     363.40001   -3.5941E-30   -1.8053E-35   -2.0058E-32
     363.50001   -3.5941E-30   -1.8067E-35   -2.0074E-32
     363.60001   -3.5941E-30   -1.8080E-35   -2.0090E-32
     363.70001   -3.5941E-30   -1.8093E-35   -2.0107E-32
     363.80001   -3.5941E-30   -1.8105E-35   -2.0123E-32
     363.90001   -3.5941E-30   -1.8117E-35   -2.0140E-32
     364.00001   -3.5941E-30   -1.8129E-35   -2.0156E-32
     364.10001   -3.5941E-30   -1.8140E-35   -2.0173E-32
     364.20001   -3.5941E-30   -1.8150E-35   -2.0190E-32
     364.30001   -3.5941E-30   -1.8161E-35   -2.0207E-32
     364.40001   -3.5941E-30   -1.8170E-35   -2.0224E-32
     364.50001   -3.5941E-30   -1.8180E-35   -2.0241E-32
     364.60001   -3.5941E-30   -1.8189E-35   -2.0258E-32
     364.70001   -3.5941E-30   -1.8198E-35   -2.0275E-32
     364.80001   -3.5941E-30   -1.8206E-35   -2.0293E-32
     364.90001   -3.5941E-30   -1.8214E-35   -2.0310E-32
     365.00001   -3.5941E-30   -1.8223E-35   -2.0328E-32
     365.10001   -3.5941E-30   -1.8231E-35   -2.0346E-32
     365.20001   -3.5941E-30   -1.8239E-35   -2.0363E-32
     365.30001   -3.5941E-30   -1.8247E-35   -2.0381E-32
     365.40001   -3.5941E-30   -1.8256E-35   -2.0398E-32
     365.50001   -3.5941E-30   -1.8265E-35   -2.0415E-32
     365.60001   -3.5941E-30   -1.8275E-35   -2.0432E-32
     365.70001   -3.5941E-30   -1.8285E-35   -2.0449E-32
     365.80001   -3.5941E-30   -1.8295E-35   -2.0466E-32
     365.90001   -3.5941E-30   -1.8305E-35   -2.0483E-32
     366.00001   -3.5941E-30   -1.8316E-35   -2.0500E-32
     366.10001   -3.5941E-30   -1.8328E-35   -2.0516E-32
     366.20001   -3.5941E-30   -1.8340E-35   -2.0533E-32
     366.30001   -3.5941E-30   -1.8352E-35   -2.0549E-32
     366.40001   -3.5941E-30   -1.8365E-35   -2.0566E-32
     366.50001   -3.5941E-30   -1.8378E-35   -2.0582E-32
     366.60001   -3.5941E-30   -1.8392E-35   -2.0598E-32
     366.70001   -3.5941E-30   -1.8406E-35   -2.0614E-32
     366.80001   -3.5941E-30   -1.8420E-35   -2.0631E-32
     366.90001   -3.5941E-30   -1.8435E-35   -2.0646E-32
     367.00001   -3.5941E-30   -1.8451E-35   -2.0662E-32
     367.10001   -3.5941E-30   -1.8467E-35   -2.0678E-32
     367.20001   -3.5941E-30   -1.8484E-35   -2.0694E-32
     367.30001   -3.5941E-30   -1.8501E-35   -2.0709E-32
     367.40001   -3.5941E-30   -1.8519E-35   -2.0725E-32
     367.50001   -3.5941E-30   -1.8537E-35   -2.0740E-32
     367.60001   -3.5941E-30   -1.8556E-35   -2.0756E-32
     367.70001   -3.5941E-30   -1.8576E-35   -2.0771E-32
     367.80001   -3.5941E-30   -1.8596E-35   -2.0786E-32
     367.90001   -3.5941E-30   -1.8616E-35   -2.0801E-32
     368.00001   -3.5941E-30   -1.8637E-35   -2.0817E-32
     368.10001   -3.5942E-30   -1.8658E-35   -2.0832E-32
     368.20001   -3.5942E-30   -1.8678E-35   -2.0847E-32
     368.30001   -3.5942E-30   -1.8697E-35   -2.0862E-32
     368.40001   -3.5942E-30   -1.8716E-35   -2.0878E-32
     368.50001   -3.5942E-30   -1.8734E-35   -2.0893E-32
     368.60001   -3.5942E-30   -1.8752E-35   -2.0909E-32
     368.70001   -3.5942E-30   -1.8769E-35   -2.0924E-32
     368.80001   -3.5942E-30   -1.8785E-35   -2.0940E-32
     368.90001   -3.5942E-30   -1.8801E-35   -2.0956E-32
     369.00001   -3.5942E-30   -1.8817E-35   -2.0972E-32
     369.10001   -3.5942E-30   -1.8832E-35   -2.0988E-32
     369.20001   -3.5942E-30   -1.8846E-35   -2.1004E-32
     369.30001   -3.5942E-30   -1.8860E-35   -2.1020E-32
     369.40001   -3.5942E-30   -1.8874E-35   -2.1036E-32
     369.50001   -3.5942E-30   -1.8886E-35   -2.1052E-32
     369.60001   -3.5942E-30   -1.8899E-35   -2.1069E-32
     369.70001   -3.5942E-30   -1.8911E-35   -2.1085E-32
     369.80001   -3.5942E-30   -1.8923E-35   -2.1102E-32
     369.90001   -3.5942E-30   -1.8934E-35   -2.1119E-32
     370.00001   -3.5942E-30   -1.8945E-35   -2.1135E-32
     370.10001   -3.5942E-30   -1.8955E-35   -2.1152E-32
     370.20001   -3.5942E-30   -1.8965E-35   -2.1169E-32
     370.30001   -3.5942E-30   -1.8975E-35   -2.1186E-32
     370.40001   -3.5942E-30   -1.8984E-35   -2.1203E-32
     370.50001   -3.5942E-30   -1.8993E-35   -2.1220E-32
     370.60001   -3.5942E-30   -1.9001E-35   -2.1238E-32
     370.70001   -3.5942E-30   -1.9010E-35   -2.1255E-32
     370.80001   -3.5942E-30   -1.9018E-35   -2.1272E-32
     370.90001   -3.5942E-30   -1.9026E-35   -2.1290E-32
     371.00001   -3.5942E-30   -1.9034E-35   -2.1308E-32
     371.10001   -3.5942E-30   -1.9042E-35   -2.1325E-32
     371.20001   -3.5942E-30   -1.9050E-35   -2.1342E-32
     371.30001   -3.5942E-30   -1.9059E-35   -2.1360E-32
     371.40001   -3.5942E-30   -1.9068E-35   -2.1377E-32
     371.50001   -3.5942E-30   -1.9077E-35   -2.1394E-32
     371.60001   -3.5942E-30   -1.9087E-35   -2.1411E-32
     371.70001   -3.5942E-30   -1.9097E-35   -2.1428E-32
     371.80001   -3.5942E-30   -1.9108E-35   -2.1444E-32
     371.90001   -3.5942E-30   -1.9118E-35   -2.1461E-32
     372.00001   -3.5942E-30   -1.9130E-35   -2.1478E-32
     372.10001   -3.5942E-30   -1.9142E-35   -2.1494E-32
     372.20001   -3.5942E-30   -1.9154E-35   -2.1511E-32
     372.30001   -3.5942E-30   -1.9166E-35   -2.1527E-32
     372.40001   -3.5942E-30   -1.9180E-35   -2.1543E-32
     372.50001   -3.5942E-30   -1.9193E-35   -2.1559E-32
     372.60001   -3.5942E-30   -1.9207E-35   -2.1575E-32
     372.70001   -3.5942E-30   -1.9222E-35   -2.1591E-32
     372.80001   -3.5942E-30   -1.9237E-35   -2.1607E-32
     372.90001   -3.5942E-30   -1.9252E-35   -2.1623E-32
     373.00001   -3.5942E-30   -1.9268E-35   -2.1639E-32
     373.10001   -3.5942E-30   -1.9285E-35   -2.1654E-32
     373.20001   -3.5942E-30   -1.9302E-35   -2.1670E-32
     373.30001   -3.5942E-30   -1.9320E-35   -2.1685E-32
     373.40001   -3.5942E-30   -1.9338E-35   -2.1701E-32
     373.50001   -3.5942E-30   -1.9357E-35   -2.1716E-32
     373.60001   -3.5942E-30   -1.9377E-35   -2.1731E-32
     373.70001   -3.5942E-30   -1.9397E-35   -2.1746E-32
     373.80001   -3.5942E-30   -1.9417E-35   -2.1762E-32
     373.90001   -3.5942E-30   -1.9438E-35   -2.1777E-32
     374.00001   -3.5942E-30   -1.9458E-35   -2.1792E-32
     374.10001   -3.5942E-30   -1.9478E-35   -2.1807E-32
     374.20001   -3.5942E-30   -1.9497E-35   -2.1822E-32
     374.30001   -3.5942E-30   -1.9515E-35   -2.1838E-32
     374.40001   -3.5942E-30   -1.9533E-35   -2.1853E-32
     374.50001   -3.5942E-30   -1.9551E-35   -2.1869E-32
     374.60001   -3.5943E-30   -1.9567E-35   -2.1884E-32
     374.70001   -3.5943E-30   -1.9584E-35   -2.1900E-32
     374.80001   -3.5943E-30   -1.9599E-35   -2.1915E-32
     374.90001   -3.5943E-30   -1.9615E-35   -2.1931E-32
     375.00001   -3.5943E-30   -1.9629E-35   -2.1947E-32
     375.10001   -3.5943E-30   -1.9644E-35   -2.1963E-32
     375.20001   -3.5943E-30   -1.9657E-35   -2.1979E-32
     375.30001   -3.5943E-30   -1.9670E-35   -2.1995E-32
     375.40001   -3.5943E-30   -1.9683E-35   -2.2012E-32
     375.50001   -3.5943E-30   -1.9695E-35   -2.2028E-32
     375.60001   -3.5943E-30   -1.9707E-35   -2.2045E-32
     375.70001   -3.5943E-30   -1.9719E-35   -2.2061E-32
     375.80001   -3.5943E-30   -1.9730E-35   -2.2078E-32
     375.90001   -3.5943E-30   -1.9740E-35   -2.2094E-32
     376.00001   -3.5943E-30   -1.9751E-35   -2.2111E-32
     376.10001   -3.5943E-30   -1.9760E-35   -2.2128E-32
     376.20001   -3.5943E-30   -1.9770E-35   -2.2145E-32
     376.30001   -3.5943E-30   -1.9779E-35   -2.2162E-32
     376.40001   -3.5943E-30   -1.9788E-35   -2.2179E-32
     376.50001   -3.5943E-30   -1.9796E-35   -2.2196E-32
     376.60001   -3.5943E-30   -1.9804E-35   -2.2213E-32
     376.70001   -3.5943E-30   -1.9812E-35   -2.2231E-32
     376.80001   -3.5943E-30   -1.9820E-35   -2.2248E-32
     376.90001   -3.5943E-30   -1.9828E-35   -2.2266E-32
     377.00001   -3.5943E-30   -1.9836E-35   -2.2283E-32
     377.10001   -3.5943E-30   -1.9844E-35   -2.2300E-32
     377.20001   -3.5943E-30   -1.9853E-35   -2.2318E-32
     377.30001   -3.5943E-30   -1.9862E-35   -2.2335E-32
     377.40001   -3.5943E-30   -1.9871E-35   -2.2351E-32
     377.50001   -3.5943E-30   -1.9881E-35   -2.2368E-32
     377.60001   -3.5943E-30   -1.9891E-35   -2.2385E-32
     377.70001   -3.5943E-30   -1.9901E-35   -2.2402E-32
     377.80001   -3.5943E-30   -1.9912E-35   -2.2418E-32
     377.90001   -3.5943E-30   -1.9924E-35   -2.2435E-32
     378.00001   -3.5943E-30   -1.9935E-35   -2.2451E-32
     378.10001   -3.5943E-30   -1.9947E-35   -2.2468E-32
     378.20001   -3.5943E-30   -1.9960E-35   -2.2484E-32
     378.30001   -3.5943E-30   -1.9973E-35   -2.2500E-32
     378.40001   -3.5943E-30   -1.9987E-35   -2.2516E-32
     378.50001   -3.5943E-30   -2.0001E-35   -2.2532E-32
     378.60001   -3.5943E-30   -2.0015E-35   -2.2548E-32
     378.70001   -3.5943E-30   -2.0030E-35   -2.2564E-32
     378.80001   -3.5943E-30   -2.0046E-35   -2.2579E-32
     378.90001   -3.5943E-30   -2.0062E-35   -2.2595E-32
     379.00001   -3.5943E-30   -2.0079E-35   -2.2611E-32
     379.10001   -3.5943E-30   -2.0096E-35   -2.2626E-32
     379.20001   -3.5943E-30   -2.0114E-35   -2.2641E-32
     379.30001   -3.5943E-30   -2.0132E-35   -2.2657E-32
     379.40001   -3.5943E-30   -2.0151E-35   -2.2672E-32
     379.50001   -3.5943E-30   -2.0170E-35   -2.2687E-32
     379.60001   -3.5943E-30   -2.0190E-35   -2.2702E-32
     379.70001   -3.5943E-30   -2.0211E-35   -2.2717E-32
     379.80001   -3.5943E-30   -2.0231E-35   -2.2732E-32
     379.90001   -3.5943E-30   -2.0252E-35   -2.2747E-32
     380.00001   -3.5943E-30   -2.0271E-35   -2.2762E-32
     380.10001   -3.5943E-30   -2.0290E-35   -2.2778E-32
     380.20001   -3.5943E-30   -2.0308E-35   -2.2793E-32
     380.30001   -3.5943E-30   -2.0326E-35   -2.2808E-32
     380.40001   -3.5943E-30   -2.0343E-35   -2.2824E-32
     380.50001   -3.5943E-30   -2.0360E-35   -2.2839E-32
     380.60001   -3.5943E-30   -2.0376E-35   -2.2855E-32
     380.70001   -3.5943E-30   -2.0391E-35   -2.2870E-32
     380.80001   -3.5943E-30   -2.0406E-35   -2.2886E-32
     380.90001   -3.5943E-30   -2.0421E-35   -2.2902E-32
     381.00001   -3.5943E-30   -2.0435E-35   -2.2918E-32
     381.10001   -3.5943E-30   -2.0448E-35   -2.2934E-32
     381.20001   -3.5944E-30   -2.0461E-35   -2.2950E-32
     381.30001   -3.5944E-30   -2.0474E-35   -2.2966E-32
     381.40001   -3.5944E-30   -2.0486E-35   -2.2983E-32
     381.50001   -3.5944E-30   -2.0498E-35   -2.2999E-32
     381.60001   -3.5944E-30   -2.0509E-35   -2.3015E-32
     381.70001   -3.5944E-30   -2.0520E-35   -2.3032E-32
     381.80001   -3.5944E-30   -2.0530E-35   -2.3049E-32
     381.90001   -3.5944E-30   -2.0540E-35   -2.3065E-32
     382.00001   -3.5944E-30   -2.0550E-35   -2.3082E-32
     382.10001   -3.5944E-30   -2.0559E-35   -2.3099E-32
     382.20001   -3.5944E-30   -2.0568E-35   -2.3116E-32
     382.30001   -3.5944E-30   -2.0576E-35   -2.3133E-32
     382.40001   -3.5944E-30   -2.0585E-35   -2.3150E-32
     382.50001   -3.5944E-30   -2.0593E-35   -2.3167E-32
     382.60001   -3.5944E-30   -2.0600E-35   -2.3185E-32
     382.70001   -3.5944E-30   -2.0608E-35   -2.3202E-32
     382.80001   -3.5944E-30   -2.0616E-35   -2.3220E-32
     382.90001   -3.5944E-30   -2.0624E-35   -2.3237E-32
     383.00001   -3.5944E-30   -2.0632E-35   -2.3254E-32
     383.10001   -3.5944E-30   -2.0641E-35   -2.3271E-32
     383.20001   -3.5944E-30   -2.0650E-35   -2.3288E-32
     383.30001   -3.5944E-30   -2.0659E-35   -2.3305E-32
     383.40001   -3.5944E-30   -2.0669E-35   -2.3322E-32
     383.50001   -3.5944E-30   -2.0679E-35   -2.3338E-32
     383.60001   -3.5944E-30   -2.0689E-35   -2.3355E-32
     383.70001   -3.5944E-30   -2.0700E-35   -2.3371E-32
     383.80001   -3.5944E-30   -2.0711E-35   -2.3388E-32
     383.90001   -3.5944E-30   -2.0723E-35   -2.3404E-32
     384.00001   -3.5944E-30   -2.0735E-35   -2.3420E-32
     384.10001   -3.5944E-30   -2.0748E-35   -2.3437E-32
     384.20001   -3.5944E-30   -2.0761E-35   -2.3453E-32
     384.30001   -3.5944E-30   -2.0775E-35   -2.3469E-32
     384.40001   -3.5944E-30   -2.0789E-35   -2.3485E-32
     384.50001   -3.5944E-30   -2.0803E-35   -2.3500E-32
     384.60001   -3.5944E-30   -2.0818E-35   -2.3516E-32
     384.70001   -3.5944E-30   -2.0834E-35   -2.3532E-32
     384.80001   -3.5944E-30   -2.0850E-35   -2.3547E-32
     384.90001   -3.5944E-30   -2.0866E-35   -2.3563E-32
     385.00001   -3.5944E-30   -2.0884E-35   -2.3578E-32
     385.10001   -3.5944E-30   -2.0901E-35   -2.3594E-32
     385.20001   -3.5944E-30   -2.0920E-35   -2.3609E-32
     385.30001   -3.5944E-30   -2.0938E-35   -2.3624E-32
     385.40001   -3.5944E-30   -2.0958E-35   -2.3639E-32
     385.50001   -3.5944E-30   -2.0978E-35   -2.3654E-32
     385.60001   -3.5944E-30   -2.0998E-35   -2.3669E-32
     385.70001   -3.5944E-30   -2.1019E-35   -2.3684E-32
     385.80001   -3.5944E-30   -2.1038E-35   -2.3699E-32
     385.90001   -3.5944E-30   -2.1058E-35   -2.3714E-32
     386.00001   -3.5944E-30   -2.1076E-35   -2.3730E-32
     386.10001   -3.5944E-30   -2.1094E-35   -2.3745E-32
     386.20001   -3.5944E-30   -2.1112E-35   -2.3760E-32
     386.30001   -3.5944E-30   -2.1129E-35   -2.3776E-32
     386.40001   -3.5944E-30   -2.1145E-35   -2.3791E-32
     386.50001   -3.5944E-30   -2.1161E-35   -2.3807E-32
     386.60001   -3.5944E-30   -2.1176E-35   -2.3822E-32
     386.70001   -3.5944E-30   -2.1191E-35   -2.3838E-32
     386.80001   -3.5944E-30   -2.1205E-35   -2.3854E-32
     386.90001   -3.5944E-30   -2.1219E-35   -2.3870E-32
     387.00001   -3.5944E-30   -2.1232E-35   -2.3886E-32
     387.10001   -3.5944E-30   -2.1245E-35   -2.3902E-32
     387.20001   -3.5944E-30   -2.1257E-35   -2.3918E-32
     387.30001   -3.5944E-30   -2.1269E-35   -2.3935E-32
     387.40001   -3.5944E-30   -2.1281E-35   -2.3951E-32
     387.50001   -3.5944E-30   -2.1292E-35   -2.3967E-32
     387.60001   -3.5944E-30   -2.1302E-35   -2.3984E-32
     387.70001   -3.5944E-30   -2.1313E-35   -2.4001E-32
     387.80001   -3.5945E-30   -2.1322E-35   -2.4017E-32
     387.90001   -3.5945E-30   -2.1332E-35   -2.4034E-32
     388.00001   -3.5945E-30   -2.1341E-35   -2.4051E-32
     388.10001   -3.5945E-30   -2.1350E-35   -2.4068E-32
     388.20001   -3.5945E-30   -2.1358E-35   -2.4085E-32
     388.30001   -3.5945E-30   -2.1366E-35   -2.4102E-32
     388.40001   -3.5945E-30   -2.1374E-35   -2.4119E-32
     388.50001   -3.5945E-30   -2.1381E-35   -2.4137E-32
     388.60001   -3.5945E-30   -2.1389E-35   -2.4154E-32
     388.70001   -3.5945E-30   -2.1397E-35   -2.4172E-32
     388.80001   -3.5945E-30   -2.1405E-35   -2.4189E-32
     388.90001   -3.5945E-30   -2.1413E-35   -2.4206E-32
     389.00001   -3.5945E-30   -2.1421E-35   -2.4223E-32
     389.10001   -3.5945E-30   -2.1430E-35   -2.4240E-32
     389.20001   -3.5945E-30   -2.1440E-35   -2.4257E-32
     389.30001   -3.5945E-30   -2.1449E-35   -2.4274E-32
     389.40001   -3.5945E-30   -2.1459E-35   -2.4290E-32
     389.50001   -3.5945E-30   -2.1470E-35   -2.4307E-32
     389.60001   -3.5945E-30   -2.1481E-35   -2.4323E-32
     389.70001   -3.5945E-30   -2.1492E-35   -2.4340E-32
     389.80001   -3.5945E-30   -2.1504E-35   -2.4356E-32
     389.90001   -3.5945E-30   -2.1516E-35   -2.4372E-32
     390.00001   -3.5945E-30   -2.1528E-35   -2.4389E-32
     390.10001   -3.5945E-30   -2.1541E-35   -2.4405E-32
     390.20001   -3.5945E-30   -2.1555E-35   -2.4421E-32
     390.30001   -3.5945E-30   -2.1569E-35   -2.4437E-32
     390.40001   -3.5945E-30   -2.1583E-35   -2.4452E-32
     390.50001   -3.5945E-30   -2.1598E-35   -2.4468E-32
     390.60001   -3.5945E-30   -2.1614E-35   -2.4484E-32
     390.70001   -3.5945E-30   -2.1630E-35   -2.4499E-32
     390.80001   -3.5945E-30   -2.1646E-35   -2.4515E-32
     390.90001   -3.5945E-30   -2.1664E-35   -2.4530E-32
     391.00001   -3.5945E-30   -2.1681E-35   -2.4546E-32
     391.10001   -3.5945E-30   -2.1700E-35   -2.4561E-32
     391.20001   -3.5945E-30   -2.1718E-35   -2.4576E-32
     391.30001   -3.5945E-30   -2.1738E-35   -2.4591E-32
     391.40001   -3.5945E-30   -2.1758E-35   -2.4606E-32
     391.50001   -3.5945E-30   -2.1778E-35   -2.4621E-32
     391.60001   -3.5945E-30   -2.1798E-35   -2.4636E-32
     391.70001   -3.5945E-30   -2.1818E-35   -2.4651E-32
     391.80001   -3.5945E-30   -2.1837E-35   -2.4667E-32
     391.90001   -3.5945E-30   -2.1855E-35   -2.4682E-32
     392.00001   -3.5945E-30   -2.1873E-35   -2.4697E-32
     392.10001   -3.5945E-30   -2.1890E-35   -2.4712E-32
     392.20001   -3.5945E-30   -2.1907E-35   -2.4728E-32
     392.30001   -3.5945E-30   -2.1923E-35   -2.4743E-32
     392.40001   -3.5945E-30   -2.1938E-35   -2.4759E-32
     392.50001   -3.5945E-30   -2.1953E-35   -2.4773E-32
     392.60001   -3.5945E-30   -2.1967E-35   -2.4785E-32
     392.70001   -3.5946E-30   -2.1979E-35   -2.4794E-32
     392.80001   -3.5946E-30   -2.1990E-35   -2.4802E-32
     392.90001   -3.5947E-30   -2.2000E-35   -2.4808E-32
     393.00001   -3.5948E-30   -2.2008E-35   -2.4814E-32
     393.10001   -3.5949E-30   -2.2016E-35   -2.4819E-32
     393.20001   -3.5951E-30   -2.2023E-35   -2.4824E-32
     393.30001   -3.5953E-30   -2.2030E-35   -2.4828E-32
     393.40001   -3.5955E-30   -2.2036E-35   -2.4832E-32
     393.50001   -3.5957E-30   -2.2041E-35   -2.4836E-32
     393.60001   -3.5959E-30   -2.2047E-35   -2.4840E-32
     393.70001   -3.5962E-30   -2.2051E-35   -2.4843E-32
     393.80001   -3.5965E-30   -2.2056E-35   -2.4846E-32
     393.90001   -3.5969E-30   -2.2060E-35   -2.4849E-32
     394.00001   -3.5972E-30   -2.2064E-35   -2.4852E-32
     394.10001   -3.5976E-30   -2.2068E-35   -2.4854E-32
     394.20001   -3.5981E-30   -2.2072E-35   -2.4857E-32
     394.30001   -3.5986E-30   -2.2075E-35   -2.4859E-32
     394.40001   -3.5991E-30   -2.2078E-35   -2.4862E-32
     394.50001   -3.5996E-30   -2.2081E-35   -2.4864E-32
     394.60001   -3.6002E-30   -2.2084E-35   -2.4866E-32
     394.70001   -3.6008E-30   -2.2087E-35   -2.4868E-32
     394.80001   -3.6014E-30   -2.2090E-35   -2.4870E-32
     394.90001   -3.6021E-30   -2.2092E-35   -2.4872E-32
     395.00001   -3.6028E-30   -2.2095E-35   -2.4874E-32
     395.10001   -3.6034E-30   -2.2097E-35   -2.4876E-32
     395.20001   -3.6041E-30   -2.2099E-35   -2.4878E-32
     395.30001   -3.6049E-30   -2.2101E-35   -2.4880E-32
     395.40001   -3.6056E-30   -2.2104E-35   -2.4882E-32
     395.50001   -3.6064E-30   -2.2106E-35   -2.4883E-32
     395.60001   -3.6073E-30   -2.2107E-35   -2.4885E-32
     395.70001   -3.6081E-30   -2.2109E-35   -2.4887E-32
     395.80001   -3.6091E-30   -2.2111E-35   -2.4888E-32
     395.90001   -3.6100E-30   -2.2113E-35   -2.4890E-32
     396.00001   -3.6110E-30   -2.2114E-35   -2.4891E-32
     396.10001   -3.6120E-30   -2.2116E-35   -2.4893E-32
     396.20001   -3.6131E-30   -2.2117E-35   -2.4894E-32
     396.30001   -3.6142E-30   -2.2119E-35   -2.4895E-32
     396.40001   -3.6154E-30   -2.2120E-35   -2.4897E-32
     396.50001   -3.6166E-30   -2.2121E-35   -2.4898E-32
     396.60001   -3.6178E-30   -2.2123E-35   -2.4899E-32
     396.70001   -3.6190E-30   -2.2124E-35   -2.4900E-32
     396.80001   -3.6203E-30   -2.2125E-35   -2.4902E-32
     396.90001   -3.6217E-30   -2.2126E-35   -2.4903E-32
     397.00001   -3.6230E-30   -2.2127E-35   -2.4904E-32
     397.10001   -3.6244E-30   -2.2128E-35   -2.4905E-32
     397.20001   -3.6259E-30   -2.2129E-35   -2.4906E-32
     397.30001   -3.6274E-30   -2.2130E-35   -2.4907E-32
     397.40001   -3.6289E-30   -2.2131E-35   -2.4908E-32
     397.50001   -3.6304E-30   -2.2132E-35   -2.4909E-32
     397.60001   -3.6320E-30   -2.2133E-35   -2.4910E-32
     397.70001   -3.6335E-30   -2.2134E-35   -2.4911E-32
     397.80001   -3.6351E-30   -2.2135E-35   -2.4912E-32
     397.90001   -3.6366E-30   -2.2136E-35   -2.4913E-32
     398.00001   -3.6381E-30   -2.2137E-35   -2.4913E-32
     398.10001   -3.6396E-30   -2.2138E-35   -2.4914E-32
     398.20001   -3.6411E-30   -2.2138E-35   -2.4915E-32
     398.30001   -3.6426E-30   -2.2139E-35   -2.4916E-32
     398.40001   -3.6441E-30   -2.2140E-35   -2.4917E-32
     398.50001   -3.6455E-30   -2.2141E-35   -2.4918E-32
     398.60001   -3.6469E-30   -2.2142E-35   -2.4919E-32
     398.70001   -3.6483E-30   -2.2143E-35   -2.4920E-32
     398.80001   -3.6496E-30   -2.2144E-35   -2.4920E-32
     398.90001   -3.6509E-30   -2.2145E-35   -2.4921E-32
     399.00001   -3.6522E-30   -2.2146E-35   -2.4922E-32
     399.10001   -3.6535E-30   -2.2147E-35   -2.4923E-32
     399.20001   -3.6547E-30   -2.2148E-35   -2.4923E-32
     399.30001   -3.6560E-30   -2.2149E-35   -2.4924E-32
     399.40001   -3.6572E-30   -2.2150E-35   -2.4925E-32
     399.50001   -3.6584E-30   -2.2151E-35   -2.4925E-32
     399.60001   -3.6596E-30   -2.2152E-35   -2.4926E-32
     399.70001   -3.6608E-30   -2.2153E-35   -2.4927E-32
     399.80001   -3.6620E-30   -2.2155E-35   -2.4927E-32
     399.90001   -3.6633E-30   -2.2156E-35   -2.4928E-32
     400.00001   -3.6645E-30   -2.2157E-35   -2.4929E-32
     400.10001   -3.6658E-30   -2.2158E-35   -2.4929E-32
     400.20001   -3.6670E-30   -2.2159E-35   -2.4930E-32
     400.30001   -3.6683E-30   -2.2161E-35   -2.4930E-32
     400.40001   -3.6695E-30   -2.2162E-35   -2.4931E-32
     400.50001   -3.6708E-30   -2.2163E-35   -2.4931E-32
     400.60001   -3.6721E-30   -2.2164E-35   -2.4932E-32
     400.70001   -3.6733E-30   -2.2165E-35   -2.4932E-32
     400.80001   -3.6746E-30   -2.2167E-35   -2.4932E-32
     400.90001   -3.6759E-30   -2.2168E-35   -2.4933E-32
     401.00001   -3.6771E-30   -2.2169E-35   -2.4933E-32
     401.10001   -3.6784E-30   -2.2170E-35   -2.4934E-32
     401.20001   -3.6796E-30   -2.2172E-35   -2.4934E-32
     401.30001   -3.6809E-30   -2.2173E-35   -2.4935E-32
     401.40001   -3.6822E-30   -2.2174E-35   -2.4935E-32
     401.50001   -3.6834E-30   -2.2176E-35   -2.4935E-32
     401.60001   -3.6847E-30   -2.2177E-35   -2.4936E-32
     401.70001   -3.6859E-30   -2.2178E-35   -2.4936E-32
     401.80001   -3.6872E-30   -2.2180E-35   -2.4936E-32
     401.90001   -3.6884E-30   -2.2181E-35   -2.4937E-32
     402.00001   -3.6896E-30   -2.2183E-35   -2.4937E-32
     402.10001   -3.6908E-30   -2.2184E-35   -2.4937E-32
     402.20001   -3.6920E-30   -2.2185E-35   -2.4938E-32
     402.30001   -3.6932E-30   -2.2187E-35   -2.4938E-32
     402.40001   -3.6943E-30   -2.2188E-35   -2.4938E-32
     402.50001   -3.6955E-30   -2.2190E-35   -2.4938E-32
     402.60001   -3.6967E-30   -2.2191E-35   -2.4939E-32
     402.70001   -3.6979E-30   -2.2193E-35   -2.4939E-32
     402.80001   -3.6990E-30   -2.2194E-35   -2.4939E-32
     402.90001   -3.7002E-30   -2.2196E-35   -2.4940E-32
     403.00001   -3.7013E-30   -2.2197E-35   -2.4940E-32
     403.10001   -3.7025E-30   -2.2199E-35   -2.4940E-32
     403.20001   -3.7036E-30   -2.2200E-35   -2.4940E-32
     403.30001   -3.7048E-30   -2.2202E-35   -2.4941E-32
     403.40001   -3.7059E-30   -2.2203E-35   -2.4941E-32
     403.50001   -3.7070E-30   -2.2205E-35   -2.4941E-32
     403.60001   -3.7081E-30   -2.2206E-35   -2.4941E-32
     403.70001   -3.7093E-30   -2.2208E-35   -2.4942E-32
     403.80001   -3.7104E-30   -2.2209E-35   -2.4942E-32
     403.90001   -3.7115E-30   -2.2211E-35   -2.4942E-32
     404.00001   -3.7126E-30   -2.2213E-35   -2.4942E-32
     404.10001   -3.7136E-30   -2.2214E-35   -2.4943E-32
     404.20001   -3.7147E-30   -2.2216E-35   -2.4943E-32
     404.30001   -3.7158E-30   -2.2217E-35   -2.4943E-32
     404.40001   -3.7169E-30   -2.2219E-35   -2.4943E-32
     404.50001   -3.7179E-30   -2.2221E-35   -2.4943E-32
     404.60001   -3.7190E-30   -2.2222E-35   -2.4944E-32
     404.70001   -3.7200E-30   -2.2224E-35   -2.4944E-32
     404.80001   -3.7211E-30   -2.2226E-35   -2.4944E-32
     404.90001   -3.7221E-30   -2.2227E-35   -2.4944E-32
     405.00001   -3.7231E-30   -2.2229E-35   -2.4944E-32
     405.10001   -3.7241E-30   -2.2231E-35   -2.4945E-32
     405.20001   -3.7250E-30   -2.2233E-35   -2.4945E-32
     405.30001   -3.7260E-30   -2.2234E-35   -2.4945E-32
     405.40001   -3.7270E-30   -2.2236E-35   -2.4945E-32
     405.50001   -3.7280E-30   -2.2238E-35   -2.4945E-32
     405.60001   -3.7289E-30   -2.2240E-35   -2.4945E-32
     405.70001   -3.7299E-30   -2.2241E-35   -2.4946E-32
     405.80001   -3.7309E-30   -2.2243E-35   -2.4946E-32
     405.90001   -3.7319E-30   -2.2244E-35   -2.4946E-32
     406.00001   -3.7328E-30   -2.2246E-35   -2.4946E-32
     406.10001   -3.7338E-30   -2.2248E-35   -2.4946E-32
     406.20001   -3.7348E-30   -2.2249E-35   -2.4947E-32
     406.30001   -3.7358E-30   -2.2250E-35   -2.4947E-32
     406.40001   -3.7368E-30   -2.2252E-35   -2.4947E-32
     406.50001   -3.7379E-30   -2.2253E-35   -2.4947E-32
     406.60001   -3.7389E-30   -2.2255E-35   -2.4947E-32
     406.70001   -3.7399E-30   -2.2256E-35   -2.4948E-32
     406.80001   -3.7409E-30   -2.2257E-35   -2.4948E-32
     406.90001   -3.7420E-30   -2.2258E-35   -2.4948E-32
     407.00001   -3.7431E-30   -2.2260E-35   -2.4948E-32
     407.10001   -3.7441E-30   -2.2261E-35   -2.4948E-32
     407.20001   -3.7452E-30   -2.2262E-35   -2.4949E-32
     407.30001   -3.7463E-30   -2.2263E-35   -2.4949E-32
     407.40001   -3.7474E-30   -2.2264E-35   -2.4949E-32
     407.50001   -3.7485E-30   -2.2265E-35   -2.4949E-32
     407.60001   -3.7496E-30   -2.2266E-35   -2.4949E-32
     407.70001   -3.7507E-30   -2.2267E-35   -2.4950E-32
     407.80001   -3.7518E-30   -2.2268E-35   -2.4950E-32
     407.90001   -3.7529E-30   -2.2269E-35   -2.4950E-32
     408.00001   -3.7541E-30   -2.2270E-35   -2.4950E-32
     408.10001   -3.7552E-30   -2.2271E-35   -2.4950E-32
     408.20001   -3.7564E-30   -2.2271E-35   -2.4951E-32
     408.30001   -3.7576E-30   -2.2272E-35   -2.4951E-32
     408.40001   -3.7588E-30   -2.2273E-35   -2.4951E-32
     408.50001   -3.7599E-30   -2.2274E-35   -2.4951E-32
     408.60001   -3.7612E-30   -2.2275E-35   -2.4951E-32
     408.70001   -3.7624E-30   -2.2275E-35   -2.4952E-32
     408.80001   -3.7636E-30   -2.2276E-35   -2.4952E-32
     408.90001   -3.7648E-30   -2.2277E-35   -2.4952E-32
     409.00001   -3.7661E-30   -2.2277E-35   -2.4952E-32
     409.10001   -3.7673E-30   -2.2278E-35   -2.4953E-32
     409.20001   -3.7686E-30   -2.2279E-35   -2.4953E-32
     409.30001   -3.7699E-30   -2.2279E-35   -2.4953E-32
     409.40001   -3.7712E-30   -2.2280E-35   -2.4953E-32
     409.50001   -3.7725E-30   -2.2280E-35   -2.4954E-32
     409.60001   -3.7738E-30   -2.2281E-35   -2.4954E-32
     409.70001   -3.7751E-30   -2.2281E-35   -2.4954E-32
     409.80001   -3.7765E-30   -2.2282E-35   -2.4954E-32
     409.90001   -3.7778E-30   -2.2282E-35   -2.4955E-32
     410.00001   -3.7792E-30   -2.2283E-35   -2.4955E-32
     410.10001   -3.7806E-30   -2.2283E-35   -2.4955E-32
     410.20001   -3.7820E-30   -2.2283E-35   -2.4955E-32
     410.30001   -3.7834E-30   -2.2284E-35   -2.4956E-32
     410.40001   -3.7848E-30   -2.2284E-35   -2.4956E-32
     410.50001   -3.7862E-30   -2.2285E-35   -2.4956E-32
     410.60001   -3.7877E-30   -2.2285E-35   -2.4956E-32
     410.70001   -3.7891E-30   -2.2285E-35   -2.4957E-32
     410.80001   -3.7906E-30   -2.2286E-35   -2.4957E-32
     410.90001   -3.7921E-30   -2.2286E-35   -2.4957E-32
     411.00001   -3.7936E-30   -2.2286E-35   -2.4958E-32
     411.10001   -3.7952E-30   -2.2286E-35   -2.4958E-32
     411.20001   -3.7967E-30   -2.2287E-35   -2.4958E-32
     411.30001   -3.7983E-30   -2.2287E-35   -2.4959E-32
     411.40001   -3.7999E-30   -2.2287E-35   -2.4959E-32
     411.50001   -3.8015E-30   -2.2287E-35   -2.4959E-32
     411.60001   -3.8031E-30   -2.2288E-35   -2.4959E-32
     411.70001   -3.8048E-30   -2.2288E-35   -2.4960E-32
     411.80001   -3.8064E-30   -2.2288E-35   -2.4960E-32
     411.90001   -3.8081E-30   -2.2288E-35   -2.4960E-32
     412.00001   -3.8099E-30   -2.2288E-35   -2.4961E-32
     412.10001   -3.8116E-30   -2.2288E-35   -2.4961E-32
     412.20001   -3.8134E-30   -2.2288E-35   -2.4962E-32
     412.30001   -3.8152E-30   -2.2289E-35   -2.4962E-32
     412.40001   -3.8171E-30   -2.2289E-35   -2.4962E-32
     412.50001   -3.8189E-30   -2.2289E-35   -2.4963E-32
     412.60001   -3.8207E-30   -2.2289E-35   -2.4963E-32
     412.70001   -3.8226E-30   -2.2289E-35   -2.4963E-32
     412.80001   -3.8244E-30   -2.2289E-35   -2.4964E-32
     412.90001   -3.8263E-30   -2.2289E-35   -2.4964E-32
     413.00001   -3.8281E-30   -2.2289E-35   -2.4964E-32
     413.10001   -3.8300E-30   -2.2290E-35   -2.4965E-32
     413.20001   -3.8318E-30   -2.2290E-35   -2.4965E-32
     413.30001   -3.8337E-30   -2.2290E-35   -2.4966E-32
     413.40001   -3.8355E-30   -2.2290E-35   -2.4966E-32
     413.50001   -3.8373E-30   -2.2290E-35   -2.4966E-32
     413.60001   -3.8391E-30   -2.2290E-35   -2.4967E-32
     413.70001   -3.8409E-30   -2.2291E-35   -2.4967E-32
     413.80001   -3.8427E-30   -2.2291E-35   -2.4967E-32
     413.90001   -3.8445E-30   -2.2291E-35   -2.4968E-32
     414.00001   -3.8463E-30   -2.2291E-35   -2.4968E-32
     414.10001   -3.8480E-30   -2.2291E-35   -2.4968E-32
     414.20001   -3.8498E-30   -2.2291E-35   -2.4969E-32
     414.30001   -3.8515E-30   -2.2292E-35   -2.4969E-32
     414.40001   -3.8533E-30   -2.2292E-35   -2.4970E-32
     414.50001   -3.8550E-30   -2.2292E-35   -2.4970E-32
     414.60001   -3.8567E-30   -2.2292E-35   -2.4970E-32
     414.70001   -3.8584E-30   -2.2293E-35   -2.4971E-32
     414.80001   -3.8601E-30   -2.2293E-35   -2.4971E-32
     414.90001   -3.8618E-30   -2.2293E-35   -2.4971E-32
     415.00001   -3.8634E-30   -2.2294E-35   -2.4972E-32
     415.10001   -3.8651E-30   -2.2294E-35   -2.4972E-32
     415.20001   -3.8667E-30   -2.2294E-35   -2.4973E-32
     415.30001   -3.8683E-30   -2.2294E-35   -2.4973E-32
     415.40001   -3.8699E-30   -2.2295E-35   -2.4973E-32
     415.50001   -3.8716E-30   -2.2295E-35   -2.4974E-32
     415.60001   -3.8731E-30   -2.2296E-35   -2.4974E-32
     415.70001   -3.8747E-30   -2.2296E-35   -2.4974E-32
     415.80001   -3.8763E-30   -2.2296E-35   -2.4975E-32
     415.90001   -3.8779E-30   -2.2297E-35   -2.4975E-32
     416.00001   -3.8794E-30   -2.2297E-35   -2.4975E-32
     416.10001   -3.8810E-30   -2.2298E-35   -2.4976E-32
     416.20001   -3.8826E-30   -2.2298E-35   -2.4976E-32
     416.30001   -3.8841E-30   -2.2299E-35   -2.4977E-32
     416.40001   -3.8856E-30   -2.2299E-35   -2.4977E-32
     416.50001   -3.8871E-30   -2.2300E-35   -2.4977E-32
     416.60001   -3.8886E-30   -2.2300E-35   -2.4978E-32
     416.70001   -3.8901E-30   -2.2301E-35   -2.4978E-32
     416.80001   -3.8916E-30   -2.2301E-35   -2.4978E-32
     416.90001   -3.8931E-30   -2.2302E-35   -2.4979E-32
     417.00001   -3.8946E-30   -2.2303E-35   -2.4979E-32
     417.10001   -3.8960E-30   -2.2303E-35   -2.4979E-32
     417.20001   -3.8975E-30   -2.2304E-35   -2.4980E-32
     417.30001   -3.8989E-30   -2.2305E-35   -2.4980E-32
     417.40001   -3.9004E-30   -2.2305E-35   -2.4981E-32
     417.50001   -3.9018E-30   -2.2306E-35   -2.4981E-32
     417.60001   -3.9032E-30   -2.2307E-35   -2.4981E-32
     417.70001   -3.9047E-30   -2.2308E-35   -2.4982E-32
     417.80001   -3.9061E-30   -2.2309E-35   -2.4982E-32
     417.90001   -3.9075E-30   -2.2310E-35   -2.4982E-32
     418.00001   -3.9089E-30   -2.2311E-35   -2.4983E-32
     418.10001   -3.9103E-30   -2.2311E-35   -2.4983E-32
     418.20001   -3.9117E-30   -2.2313E-35   -2.4984E-32
     418.30001   -3.9131E-30   -2.2314E-35   -2.4984E-32
     418.40001   -3.9145E-30   -2.2315E-35   -2.4984E-32
     418.50001   -3.9159E-30   -2.2316E-35   -2.4985E-32
     418.60001   -3.9173E-30   -2.2317E-35   -2.4985E-32
     418.70001   -3.9187E-30   -2.2318E-35   -2.4985E-32
     418.80001   -3.9202E-30   -2.2320E-35   -2.4986E-32
     418.90001   -3.9216E-30   -2.2321E-35   -2.4986E-32
     419.00001   -3.9231E-30   -2.2323E-35   -2.4987E-32
     419.10001   -3.9246E-30   -2.2324E-35   -2.4987E-32
     419.20001   -3.9261E-30   -2.2326E-35   -2.4987E-32
     419.30001   -3.9277E-30   -2.2328E-35   -2.4988E-32
     419.40001   -3.9293E-30   -2.2330E-35   -2.4988E-32
     419.50001   -3.9311E-30   -2.2332E-35   -2.4989E-32
     419.60001   -3.9330E-30   -2.2335E-35   -2.4989E-32
     419.70001   -3.9347E-30   -2.2337E-35   -2.4990E-32
     419.80001   -3.9364E-30   -2.2338E-35   -2.4990E-32
     419.90001   -3.9380E-30   -2.2340E-35   -2.4991E-32
     420.00001   -3.9396E-30   -2.2342E-35   -2.4991E-32
     420.10001   -3.9412E-30   -2.2343E-35   -2.4992E-32
     420.20001   -3.9427E-30   -2.2345E-35   -2.4992E-32
     420.30001   -3.9442E-30   -2.2346E-35   -2.4992E-32
     420.40001   -3.9457E-30   -2.2347E-35   -2.4993E-32
     420.50001   -3.9471E-30   -2.2348E-35   -2.4993E-32
     420.60001   -3.9486E-30   -2.2350E-35   -2.4994E-32
     420.70001   -3.9500E-30   -2.2351E-35   -2.4994E-32
     420.80001   -3.9514E-30   -2.2352E-35   -2.4994E-32
     420.90001   -3.9528E-30   -2.2353E-35   -2.4995E-32
     421.00001   -3.9542E-30   -2.2354E-35   -2.4995E-32
     421.10001   -3.9556E-30   -2.2355E-35   -2.4996E-32
     421.20001   -3.9569E-30   -2.2356E-35   -2.4996E-32
     421.30001   -3.9583E-30   -2.2356E-35   -2.4997E-32
     421.40001   -3.9596E-30   -2.2357E-35   -2.4997E-32
     421.50001   -3.9609E-30   -2.2358E-35   -2.4997E-32
     421.60001   -3.9623E-30   -2.2359E-35   -2.4998E-32
     421.70001   -3.9636E-30   -2.2360E-35   -2.4998E-32
     421.80001   -3.9648E-30   -2.2360E-35   -2.4999E-32
     421.90001   -3.9661E-30   -2.2361E-35   -2.4999E-32
     422.00001   -3.9674E-30   -2.2362E-35   -2.5000E-32
     422.10001   -3.9687E-30   -2.2362E-35   -2.5000E-32
     422.20001   -3.9699E-30   -2.2363E-35   -2.5001E-32
     422.30001   -3.9712E-30   -2.2364E-35   -2.5001E-32
     422.40001   -3.9724E-30   -2.2364E-35   -2.5001E-32
     422.50001   -3.9736E-30   -2.2365E-35   -2.5002E-32
     422.60001   -3.9748E-30   -2.2365E-35   -2.5002E-32
     422.70001   -3.9760E-30   -2.2366E-35   -2.5003E-32
     422.80001   -3.9772E-30   -2.2366E-35   -2.5003E-32
     422.90001   -3.9784E-30   -2.2367E-35   -2.5004E-32
     423.00001   -3.9797E-30   -2.2367E-35   -2.5004E-32
     423.10001   -3.9809E-30   -2.2368E-35   -2.5005E-32
     423.20001   -3.9820E-30   -2.2368E-35   -2.5005E-32
     423.30001   -3.9832E-30   -2.2369E-35   -2.5006E-32
     423.40001   -3.9844E-30   -2.2369E-35   -2.5006E-32
     423.50001   -3.9855E-30   -2.2370E-35   -2.5007E-32
     423.60001   -3.9867E-30   -2.2370E-35   -2.5007E-32
     423.70001   -3.9878E-30   -2.2370E-35   -2.5008E-32
     423.80001   -3.9889E-30   -2.2371E-35   -2.5009E-32
     423.90001   -3.9900E-30   -2.2371E-35   -2.5009E-32
     424.00001   -3.9911E-30   -2.2371E-35   -2.5010E-32
     424.10001   -3.9922E-30   -2.2372E-35   -2.5010E-32
     424.20001   -3.9932E-30   -2.2372E-35   -2.5011E-32
     424.30001   -3.9943E-30   -2.2372E-35   -2.5011E-32
     424.40001   -3.9953E-30   -2.2372E-35   -2.5012E-32
     424.50001   -3.9963E-30   -2.2373E-35   -2.5013E-32
     424.60001   -3.9973E-30   -2.2373E-35   -2.5013E-32
     424.70001   -3.9983E-30   -2.2373E-35   -2.5014E-32
     424.80001   -3.9993E-30   -2.2373E-35   -2.5014E-32
     424.90001   -4.0002E-30   -2.2374E-35   -2.5015E-32
     425.00001   -4.0012E-30   -2.2374E-35   -2.5016E-32
     425.10001   -4.0021E-30   -2.2374E-35   -2.5016E-32
     425.20001   -4.0030E-30   -2.2374E-35   -2.5017E-32
     425.30001   -4.0039E-30   -2.2374E-35   -2.5018E-32
     425.40001   -4.0048E-30   -2.2374E-35   -2.5018E-32
     425.50001   -4.0056E-30   -2.2375E-35   -2.5019E-32
     425.60001   -4.0065E-30   -2.2375E-35   -2.5020E-32
     425.70001   -4.0074E-30   -2.2375E-35   -2.5020E-32
     425.80001   -4.0083E-30   -2.2375E-35   -2.5021E-32
     425.90001   -4.0091E-30   -2.2375E-35   -2.5022E-32
     426.00001   -4.0100E-30   -2.2375E-35   -2.5022E-32
     426.10001   -4.0109E-30   -2.2375E-35   -2.5023E-32
     426.20001   -4.0118E-30   -2.2375E-35   -2.5024E-32
     426.30001   -4.0127E-30   -2.2375E-35   -2.5024E-32
     426.40001   -4.0135E-30   -2.2375E-35   -2.5025E-32
     426.50001   -4.0144E-30   -2.2376E-35   -2.5025E-32
     426.60001   -4.0152E-30   -2.2376E-35   -2.5026E-32
     426.70001   -4.0161E-30   -2.2376E-35   -2.5027E-32
     426.80001   -4.0169E-30   -2.2376E-35   -2.5027E-32
     426.90001   -4.0177E-30   -2.2376E-35   -2.5028E-32
     427.00001   -4.0185E-30   -2.2376E-35   -2.5029E-32
     427.10001   -4.0193E-30   -2.2376E-35   -2.5029E-32
     427.20001   -4.0201E-30   -2.2377E-35   -2.5030E-32
     427.30001   -4.0209E-30   -2.2377E-35   -2.5030E-32
     427.40001   -4.0217E-30   -2.2377E-35   -2.5031E-32
     427.50001   -4.0224E-30   -2.2377E-35   -2.5032E-32
     427.60001   -4.0231E-30   -2.2377E-35   -2.5032E-32
     427.70001   -4.0238E-30   -2.2378E-35   -2.5033E-32
     427.80001   -4.0244E-30   -2.2378E-35   -2.5033E-32
     427.90001   -4.0251E-30   -2.2378E-35   -2.5034E-32
     428.00001   -4.0257E-30   -2.2378E-35   -2.5035E-32
     428.10001   -4.0264E-30   -2.2379E-35   -2.5035E-32
     428.20001   -4.0270E-30   -2.2379E-35   -2.5036E-32
     428.30001   -4.0276E-30   -2.2379E-35   -2.5036E-32
     428.40001   -4.0281E-30   -2.2380E-35   -2.5037E-32
     428.50001   -4.0287E-30   -2.2380E-35   -2.5038E-32
     428.60001   -4.0293E-30   -2.2380E-35   -2.5038E-32
     428.70001   -4.0298E-30   -2.2381E-35   -2.5039E-32
     428.80001   -4.0304E-30   -2.2381E-35   -2.5039E-32
     428.90001   -4.0309E-30   -2.2381E-35   -2.5040E-32
     429.00001   -4.0314E-30   -2.2382E-35   -2.5040E-32
     429.10001   -4.0319E-30   -2.2382E-35   -2.5041E-32
     429.20001   -4.0324E-30   -2.2383E-35   -2.5041E-32
     429.30001   -4.0330E-30   -2.2383E-35   -2.5042E-32
     429.40001   -4.0335E-30   -2.2384E-35   -2.5043E-32
     429.50001   -4.0340E-30   -2.2384E-35   -2.5043E-32
     429.60001   -4.0344E-30   -2.2385E-35   -2.5044E-32
     429.70001   -4.0349E-30   -2.2385E-35   -2.5044E-32
     429.80001   -4.0354E-30   -2.2386E-35   -2.5045E-32
     429.90001   -4.0359E-30   -2.2387E-35   -2.5045E-32
     430.00001   -4.0364E-30   -2.2387E-35   -2.5046E-32
     430.10001   -4.0368E-30   -2.2388E-35   -2.5046E-32
     430.20001   -4.0373E-30   -2.2389E-35   -2.5047E-32
     430.30001   -4.0378E-30   -2.2390E-35   -2.5047E-32
     430.40001   -4.0383E-30   -2.2390E-35   -2.5048E-32
     430.50001   -4.0387E-30   -2.2391E-35   -2.5048E-32
     430.60001   -4.0392E-30   -2.2392E-35   -2.5049E-32
     430.70001   -4.0397E-30   -2.2393E-35   -2.5049E-32
     430.80001   -4.0401E-30   -2.2394E-35   -2.5050E-32
     430.90001   -4.0406E-30   -2.2395E-35   -2.5050E-32
     431.00001   -4.0411E-30   -2.2396E-35   -2.5051E-32
     431.10001   -4.0415E-30   -2.2397E-35   -2.5051E-32
     431.20001   -4.0420E-30   -2.2398E-35   -2.5051E-32
     431.30001   -4.0425E-30   -2.2399E-35   -2.5052E-32
     431.40001   -4.0430E-30   -2.2400E-35   -2.5052E-32
     431.50001   -4.0434E-30   -2.2401E-35   -2.5053E-32
     431.60001   -4.0439E-30   -2.2402E-35   -2.5053E-32
     431.70001   -4.0444E-30   -2.2403E-35   -2.5054E-32
     431.80001   -4.0449E-30   -2.2404E-35   -2.5054E-32
     431.90001   -4.0454E-30   -2.2406E-35   -2.5054E-32
     432.00001   -4.0458E-30   -2.2407E-35   -2.5055E-32
     432.10001   -4.0463E-30   -2.2408E-35   -2.5055E-32
     432.20001   -4.0468E-30   -2.2410E-35   -2.5056E-32
     432.30001   -4.0473E-30   -2.2411E-35   -2.5056E-32
     432.40001   -4.0478E-30   -2.2412E-35   -2.5056E-32
     432.50001   -4.0483E-30   -2.2414E-35   -2.5057E-32
     432.60001   -4.0488E-30   -2.2415E-35   -2.5057E-32
     432.70001   -4.0493E-30   -2.2417E-35   -2.5057E-32
     432.80001   -4.0498E-30   -2.2418E-35   -2.5058E-32
     432.90001   -4.0503E-30   -2.2420E-35   -2.5058E-32
     433.00001   -4.0507E-30   -2.2422E-35   -2.5059E-32
     433.10001   -4.0512E-30   -2.2423E-35   -2.5059E-32
     433.20001   -4.0517E-30   -2.2425E-35   -2.5059E-32
     433.30001   -4.0522E-30   -2.2427E-35   -2.5060E-32
     433.40001   -4.0527E-30   -2.2429E-35   -2.5060E-32
     433.50001   -4.0532E-30   -2.2430E-35   -2.5060E-32
     433.60001   -4.0536E-30   -2.2432E-35   -2.5061E-32
     433.70001   -4.0541E-30   -2.2434E-35   -2.5061E-32
     433.80001   -4.0546E-30   -2.2435E-35   -2.5062E-32
     433.90001   -4.0551E-30   -2.2437E-35   -2.5062E-32
     434.00001   -4.0556E-30   -2.2438E-35   -2.5062E-32
     434.10001   -4.0561E-30   -2.2440E-35   -2.5063E-32
     434.20001   -4.0567E-30   -2.2441E-35   -2.5063E-32
     434.30001   -4.0572E-30   -2.2443E-35   -2.5063E-32
     434.40001   -4.0577E-30   -2.2444E-35   -2.5064E-32
     434.50001   -4.0583E-30   -2.2445E-35   -2.5064E-32
     434.60001   -4.0588E-30   -2.2447E-35   -2.5065E-32
     434.70001   -4.0594E-30   -2.2448E-35   -2.5065E-32
     434.80001   -4.0600E-30   -2.2449E-35   -2.5065E-32
     434.90001   -4.0606E-30   -2.2451E-35   -2.5066E-32
     435.00001   -4.0612E-30   -2.2452E-35   -2.5066E-32
     435.10001   -4.0619E-30   -2.2453E-35   -2.5067E-32
     435.20001   -4.0625E-30   -2.2454E-35   -2.5067E-32
     435.30001   -4.0632E-30   -2.2455E-35   -2.5067E-32
     435.40001   -4.0639E-30   -2.2456E-35   -2.5068E-32
     435.50001   -4.0646E-30   -2.2457E-35   -2.5068E-32
     435.60001   -4.0653E-30   -2.2458E-35   -2.5068E-32
     435.70001   -4.0661E-30   -2.2459E-35   -2.5069E-32
     435.80001   -4.0669E-30   -2.2460E-35   -2.5069E-32
     435.90001   -4.0676E-30   -2.2461E-35   -2.5070E-32
     436.00001   -4.0685E-30   -2.2462E-35   -2.5070E-32
     436.10001   -4.0693E-30   -2.2463E-35   -2.5070E-32
     436.20001   -4.0701E-30   -2.2464E-35   -2.5071E-32
     436.30001   -4.0710E-30   -2.2465E-35   -2.5071E-32
     436.40001   -4.0719E-30   -2.2466E-35   -2.5072E-32
     436.50001   -4.0729E-30   -2.2466E-35   -2.5072E-32
     436.60001   -4.0738E-30   -2.2467E-35   -2.5072E-32
     436.70001   -4.0748E-30   -2.2468E-35   -2.5073E-32
     436.80001   -4.0757E-30   -2.2469E-35   -2.5073E-32
     436.90001   -4.0767E-30   -2.2469E-35   -2.5074E-32
     437.00001   -4.0778E-30   -2.2470E-35   -2.5074E-32
     437.10001   -4.0788E-30   -2.2471E-35   -2.5074E-32
     437.20001   -4.0799E-30   -2.2472E-35   -2.5075E-32
     437.30001   -4.0810E-30   -2.2472E-35   -2.5075E-32
     437.40001   -4.0821E-30   -2.2473E-35   -2.5076E-32
     437.50001   -4.0833E-30   -2.2473E-35   -2.5076E-32
     437.60001   -4.0845E-30   -2.2474E-35   -2.5076E-32
     437.70001   -4.0858E-30   -2.2475E-35   -2.5077E-32
     437.80001   -4.0871E-30   -2.2475E-35   -2.5077E-32
     437.90001   -4.0884E-30   -2.2476E-35   -2.5078E-32
     438.00001   -4.0898E-30   -2.2476E-35   -2.5078E-32
     438.10001   -4.0912E-30   -2.2477E-35   -2.5078E-32
     438.20001   -4.0926E-30   -2.2477E-35   -2.5079E-32
     438.30001   -4.0941E-30   -2.2478E-35   -2.5079E-32
     438.40001   -4.0957E-30   -2.2478E-35   -2.5080E-32
     438.50001   -4.0973E-30   -2.2479E-35   -2.5080E-32
     438.60001   -4.0989E-30   -2.2479E-35   -2.5080E-32
     438.70001   -4.1006E-30   -2.2479E-35   -2.5081E-32
     438.80001   -4.1024E-30   -2.2480E-35   -2.5081E-32
     438.90001   -4.1042E-30   -2.2480E-35   -2.5082E-32
     439.00001   -4.1060E-30   -2.2481E-35   -2.5082E-32
     439.10001   -4.1079E-30   -2.2481E-35   -2.5083E-32
     439.20001   -4.1099E-30   -2.2481E-35   -2.5083E-32
     439.30001   -4.1120E-30   -2.2482E-35   -2.5083E-32
     439.40001   -4.1140E-30   -2.2482E-35   -2.5084E-32
     439.50001   -4.1161E-30   -2.2482E-35   -2.5084E-32
     439.60001   -4.1182E-30   -2.2483E-35   -2.5085E-32
     439.70001   -4.1204E-30   -2.2483E-35   -2.5085E-32
     439.80001   -4.1226E-30   -2.2483E-35   -2.5086E-32
     439.90001   -4.1248E-30   -2.2484E-35   -2.5086E-32
     440.00001   -4.1271E-30   -2.2484E-35   -2.5087E-32
     440.10001   -4.1294E-30   -2.2484E-35   -2.5087E-32
     440.20001   -4.1317E-30   -2.2485E-35   -2.5088E-32
     440.30001   -4.1340E-30   -2.2485E-35   -2.5088E-32
     440.40001   -4.1363E-30   -2.2485E-35   -2.5089E-32
     440.50001   -4.1386E-30   -2.2486E-35   -2.5089E-32
     440.60001   -4.1409E-30   -2.2486E-35   -2.5090E-32
     440.70001   -4.1433E-30   -2.2486E-35   -2.5090E-32
     440.80001   -4.1456E-30   -2.2486E-35   -2.5091E-32
     440.90001   -4.1479E-30   -2.2487E-35   -2.5091E-32
     441.00001   -4.1502E-30   -2.2487E-35   -2.5092E-32
     441.10001   -4.1525E-30   -2.2487E-35   -2.5092E-32
     441.20001   -4.1549E-30   -2.2488E-35   -2.5092E-32
     441.30001   -4.1573E-30   -2.2488E-35   -2.5093E-32
     441.40001   -4.1597E-30   -2.2489E-35   -2.5093E-32
     441.50001   -4.1622E-30   -2.2489E-35   -2.5094E-32
     441.60001   -4.1647E-30   -2.2489E-35   -2.5094E-32
     441.70001   -4.1672E-30   -2.2490E-35   -2.5095E-32
     441.80001   -4.1697E-30   -2.2490E-35   -2.5095E-32
     441.90001   -4.1723E-30   -2.2491E-35   -2.5096E-32
     442.00001   -4.1749E-30   -2.2491E-35   -2.5096E-32
     442.10001   -4.1775E-30   -2.2491E-35   -2.5097E-32
     442.20001   -4.1802E-30   -2.2492E-35   -2.5097E-32
     442.30001   -4.1829E-30   -2.2492E-35   -2.5098E-32
     442.40001   -4.1856E-30   -2.2493E-35   -2.5098E-32
     442.50001   -4.1883E-30   -2.2493E-35   -2.5098E-32
     442.60001   -4.1911E-30   -2.2494E-35   -2.5099E-32
     442.70001   -4.1939E-30   -2.2494E-35   -2.5099E-32
     442.80001   -4.1967E-30   -2.2495E-35   -2.5100E-32
     442.90001   -4.1996E-30   -2.2495E-35   -2.5100E-32
     443.00001   -4.2024E-30   -2.2496E-35   -2.5101E-32
     443.10001   -4.2054E-30   -2.2497E-35   -2.5101E-32
     443.20001   -4.2083E-30   -2.2497E-35   -2.5101E-32
     443.30001   -4.2113E-30   -2.2498E-35   -2.5102E-32
     443.40001   -4.2143E-30   -2.2498E-35   -2.5102E-32
     443.50001   -4.2173E-30   -2.2499E-35   -2.5103E-32
     443.60001   -4.2204E-30   -2.2500E-35   -2.5103E-32
     443.70001   -4.2235E-30   -2.2501E-35   -2.5103E-32
     443.80001   -4.2266E-30   -2.2501E-35   -2.5104E-32
     443.90001   -4.2298E-30   -2.2502E-35   -2.5104E-32
     444.00001   -4.2330E-30   -2.2503E-35   -2.5105E-32
     444.10001   -4.2364E-30   -2.2504E-35   -2.5105E-32
     444.20001   -4.2398E-30   -2.2505E-35   -2.5106E-32
     444.30001   -4.2434E-30   -2.2506E-35   -2.5106E-32
     444.40001   -4.2470E-30   -2.2507E-35   -2.5106E-32
     444.50001   -4.2504E-30   -2.2508E-35   -2.5107E-32
     444.60001   -4.2537E-30   -2.2509E-35   -2.5107E-32
     444.70001   -4.2568E-30   -2.2510E-35   -2.5108E-32
     444.80001   -4.2599E-30   -2.2511E-35   -2.5108E-32
     444.90001   -4.2629E-30   -2.2512E-35   -2.5108E-32
     445.00001   -4.2658E-30   -2.2513E-35   -2.5109E-32
     445.10001   -4.2686E-30   -2.2514E-35   -2.5109E-32
     445.20001   -4.2714E-30   -2.2515E-35   -2.5109E-32
     445.30001   -4.2741E-30   -2.2516E-35   -2.5110E-32
     445.40001   -4.2768E-30   -2.2516E-35   -2.5110E-32
     445.50001   -4.2794E-30   -2.2517E-35   -2.5110E-32
     445.60001   -4.2820E-30   -2.2518E-35   -2.5110E-32
     445.70001   -4.2845E-30   -2.2519E-35   -2.5111E-32
     445.80001   -4.2870E-30   -2.2520E-35   -2.5111E-32
     445.90001   -4.2895E-30   -2.2520E-35   -2.5111E-32
     446.00001   -4.2919E-30   -2.2521E-35   -2.5112E-32
     446.10001   -4.2943E-30   -2.2522E-35   -2.5112E-32
     446.20001   -4.2967E-30   -2.2523E-35   -2.5112E-32
     446.30001   -4.2990E-30   -2.2523E-35   -2.5112E-32
     446.40001   -4.3013E-30   -2.2524E-35   -2.5113E-32
     446.50001   -4.3035E-30   -2.2525E-35   -2.5113E-32
     446.60001   -4.3057E-30   -2.2526E-35   -2.5113E-32
     446.70001   -4.3079E-30   -2.2526E-35   -2.5113E-32
     446.80001   -4.3100E-30   -2.2527E-35   -2.5113E-32
     446.90001   -4.3122E-30   -2.2528E-35   -2.5114E-32
     447.00001   -4.3142E-30   -2.2529E-35   -2.5114E-32
     447.10001   -4.3163E-30   -2.2529E-35   -2.5114E-32
     447.20001   -4.3183E-30   -2.2530E-35   -2.5114E-32
     447.30001   -4.3204E-30   -2.2531E-35   -2.5115E-32
     447.40001   -4.3224E-30   -2.2531E-35   -2.5115E-32
     447.50001   -4.3244E-30   -2.2532E-35   -2.5115E-32
     447.60001   -4.3265E-30   -2.2533E-35   -2.5115E-32
     447.70001   -4.3285E-30   -2.2533E-35   -2.5115E-32
     447.80001   -4.3306E-30   -2.2534E-35   -2.5116E-32
     447.90001   -4.3326E-30   -2.2535E-35   -2.5116E-32
     448.00001   -4.3346E-30   -2.2535E-35   -2.5116E-32
     448.10001   -4.3367E-30   -2.2536E-35   -2.5116E-32
     448.20001   -4.3388E-30   -2.2536E-35   -2.5116E-32
     448.30001   -4.3408E-30   -2.2537E-35   -2.5117E-32
     448.40001   -4.3429E-30   -2.2537E-35   -2.5117E-32
     448.50001   -4.3450E-30   -2.2538E-35   -2.5117E-32
     448.60001   -4.3471E-30   -2.2538E-35   -2.5117E-32
     448.70001   -4.3492E-30   -2.2539E-35   -2.5118E-32
     448.80001   -4.3514E-30   -2.2539E-35   -2.5118E-32
     448.90001   -4.3535E-30   -2.2539E-35   -2.5118E-32
     449.00001   -4.3556E-30   -2.2540E-35   -2.5118E-32
     449.10001   -4.3578E-30   -2.2540E-35   -2.5118E-32
     449.20001   -4.3600E-30   -2.2541E-35   -2.5119E-32
     449.30001   -4.3622E-30   -2.2541E-35   -2.5119E-32
     449.40001   -4.3644E-30   -2.2541E-35   -2.5119E-32
     449.50001   -4.3666E-30   -2.2542E-35   -2.5119E-32
     449.60001   -4.3688E-30   -2.2542E-35   -2.5120E-32
     449.70001   -4.3710E-30   -2.2542E-35   -2.5120E-32
     449.80001   -4.3733E-30   -2.2543E-35   -2.5120E-32
     449.90001   -4.3755E-30   -2.2543E-35   -2.5120E-32
     450.00001   -4.3778E-30   -2.2543E-35   -2.5120E-32
     450.10001   -4.3801E-30   -2.2544E-35   -2.5121E-32
     450.20001   -4.3824E-30   -2.2544E-35   -2.5121E-32
     450.30001   -4.3847E-30   -2.2544E-35   -2.5121E-32
     450.40001   -4.3870E-30   -2.2544E-35   -2.5121E-32
     450.50001   -4.3893E-30   -2.2545E-35   -2.5122E-32
     450.60001   -4.3917E-30   -2.2545E-35   -2.5122E-32
     450.70001   -4.3940E-30   -2.2545E-35   -2.5122E-32
     450.80001   -4.3964E-30   -2.2545E-35   -2.5122E-32
     450.90001   -4.3988E-30   -2.2546E-35   -2.5122E-32
     451.00001   -4.4011E-30   -2.2546E-35   -2.5123E-32
     451.10001   -4.4035E-30   -2.2546E-35   -2.5123E-32
     451.20001   -4.4060E-30   -2.2546E-35   -2.5123E-32
     451.30001   -4.4084E-30   -2.2546E-35   -2.5123E-32
     451.40001   -4.4108E-30   -2.2547E-35   -2.5124E-32
     451.50001   -4.4133E-30   -2.2547E-35   -2.5124E-32
     451.60001   -4.4157E-30   -2.2547E-35   -2.5124E-32
     451.70001   -4.4182E-30   -2.2547E-35   -2.5124E-32
     451.80001   -4.4207E-30   -2.2547E-35   -2.5125E-32
     451.90001   -4.4232E-30   -2.2547E-35   -2.5125E-32
     452.00001   -4.4257E-30   -2.2547E-35   -2.5125E-32
     452.10001   -4.4282E-30   -2.2548E-35   -2.5125E-32
     452.20001   -4.4308E-30   -2.2548E-35   -2.5126E-32
     452.30001   -4.4333E-30   -2.2548E-35   -2.5126E-32
     452.40001   -4.4358E-30   -2.2548E-35   -2.5126E-32
     452.50001   -4.4384E-30   -2.2548E-35   -2.5126E-32
     452.60001   -4.4410E-30   -2.2548E-35   -2.5127E-32
     452.70001   -4.4435E-30   -2.2548E-35   -2.5127E-32
     452.80001   -4.4461E-30   -2.2548E-35   -2.5127E-32
     452.90001   -4.4487E-30   -2.2549E-35   -2.5127E-32
     453.00001   -4.4513E-30   -2.2549E-35   -2.5128E-32
     453.10001   -4.4539E-30   -2.2549E-35   -2.5128E-32
     453.20001   -4.4565E-30   -2.2549E-35   -2.5128E-32
     453.30001   -4.4591E-30   -2.2549E-35   -2.5128E-32
     453.40001   -4.4617E-30   -2.2549E-35   -2.5129E-32
     453.50001   -4.4643E-30   -2.2549E-35   -2.5129E-32
     453.60001   -4.4669E-30   -2.2549E-35   -2.5129E-32
     453.70001   -4.4695E-30   -2.2549E-35   -2.5129E-32
     453.80001   -4.4721E-30   -2.2549E-35   -2.5130E-32
     453.90001   -4.4747E-30   -2.2549E-35   -2.5130E-32
     454.00001   -4.4773E-30   -2.2549E-35   -2.5130E-32
     454.10001   -4.4799E-30   -2.2550E-35   -2.5130E-32
     454.20001   -4.4825E-30   -2.2550E-35   -2.5131E-32
     454.30001   -4.4850E-30   -2.2550E-35   -2.5131E-32
     454.40001   -4.4875E-30   -2.2550E-35   -2.5131E-32
     454.50001   -4.4899E-30   -2.2550E-35   -2.5131E-32
     454.60001   -4.4924E-30   -2.2550E-35   -2.5132E-32
     454.70001   -4.4947E-30   -2.2550E-35   -2.5132E-32
     454.80001   -4.4971E-30   -2.2550E-35   -2.5132E-32
     454.90001   -4.4994E-30   -2.2550E-35   -2.5132E-32
     455.00001   -4.5017E-30   -2.2550E-35   -2.5132E-32
     455.10001   -4.5039E-30   -2.2551E-35   -2.5133E-32
     455.20001   -4.5062E-30   -2.2551E-35   -2.5133E-32
     455.30001   -4.5084E-30   -2.2551E-35   -2.5133E-32
     455.40001   -4.5105E-30   -2.2551E-35   -2.5133E-32
     455.50001   -4.5127E-30   -2.2551E-35   -2.5133E-32
     455.60001   -4.5148E-30   -2.2552E-35   -2.5134E-32
     455.70001   -4.5168E-30   -2.2552E-35   -2.5134E-32
     455.80001   -4.5189E-30   -2.2552E-35   -2.5134E-32
     455.90001   -4.5209E-30   -2.2552E-35   -2.5134E-32
     456.00001   -4.5229E-30   -2.2552E-35   -2.5135E-32
     456.10001   -4.5249E-30   -2.2553E-35   -2.5135E-32
     456.20001   -4.5269E-30   -2.2553E-35   -2.5135E-32
     456.30001   -4.5288E-30   -2.2553E-35   -2.5135E-32
     456.40001   -4.5307E-30   -2.2554E-35   -2.5135E-32
     456.50001   -4.5326E-30   -2.2554E-35   -2.5135E-32
     456.60001   -4.5345E-30   -2.2554E-35   -2.5136E-32
     456.70001   -4.5363E-30   -2.2555E-35   -2.5136E-32
     456.80001   -4.5382E-30   -2.2555E-35   -2.5136E-32
     456.90001   -4.5400E-30   -2.2555E-35   -2.5136E-32
     457.00001   -4.5418E-30   -2.2556E-35   -2.5136E-32
     457.10001   -4.5435E-30   -2.2556E-35   -2.5137E-32
     457.20001   -4.5453E-30   -2.2557E-35   -2.5137E-32
     457.30001   -4.5471E-30   -2.2557E-35   -2.5137E-32
     457.40001   -4.5488E-30   -2.2558E-35   -2.5137E-32
     457.50001   -4.5505E-30   -2.2558E-35   -2.5137E-32
     457.60001   -4.5522E-30   -2.2559E-35   -2.5137E-32
     457.70001   -4.5539E-30   -2.2559E-35   -2.5138E-32
     457.80001   -4.5556E-30   -2.2560E-35   -2.5138E-32
     457.90001   -4.5572E-30   -2.2560E-35   -2.5138E-32
     458.00001   -4.5589E-30   -2.2561E-35   -2.5138E-32
     458.10001   -4.5605E-30   -2.2561E-35   -2.5138E-32
     458.20001   -4.5621E-30   -2.2562E-35   -2.5138E-32
     458.30001   -4.5637E-30   -2.2563E-35   -2.5139E-32
     458.40001   -4.5653E-30   -2.2564E-35   -2.5139E-32
     458.50001   -4.5669E-30   -2.2564E-35   -2.5139E-32
     458.60001   -4.5685E-30   -2.2565E-35   -2.5139E-32
     458.70001   -4.5700E-30   -2.2566E-35   -2.5139E-32
     458.80001   -4.5716E-30   -2.2567E-35   -2.5139E-32
     458.90001   -4.5731E-30   -2.2567E-35   -2.5140E-32
     459.00001   -4.5747E-30   -2.2568E-35   -2.5140E-32
     459.10001   -4.5762E-30   -2.2569E-35   -2.5140E-32
     459.20001   -4.5777E-30   -2.2570E-35   -2.5140E-32
     459.30001   -4.5792E-30   -2.2571E-35   -2.5140E-32
     459.40001   -4.5807E-30   -2.2572E-35   -2.5140E-32
     459.50001   -4.5822E-30   -2.2573E-35   -2.5141E-32
     459.60001   -4.5837E-30   -2.2574E-35   -2.5141E-32
     459.70001   -4.5852E-30   -2.2575E-35   -2.5141E-32
     459.80001   -4.5867E-30   -2.2576E-35   -2.5141E-32
     459.90001   -4.5882E-30   -2.2578E-35   -2.5141E-32
     460.00001   -4.5897E-30   -2.2579E-35   -2.5141E-32
     460.10001   -4.5911E-30   -2.2580E-35   -2.5141E-32
     460.20001   -4.5926E-30   -2.2582E-35   -2.5142E-32
     460.30001   -4.5941E-30   -2.2583E-35   -2.5142E-32
     460.40001   -4.5956E-30   -2.2585E-35   -2.5142E-32
     460.50001   -4.5971E-30   -2.2586E-35   -2.5142E-32
     460.60001   -4.5986E-30   -2.2588E-35   -2.5142E-32
     460.70001   -4.6001E-30   -2.2589E-35   -2.5142E-32
     460.80001   -4.6016E-30   -2.2591E-35   -2.5143E-32
     460.90001   -4.6032E-30   -2.2593E-35   -2.5143E-32
     461.00001   -4.6048E-30   -2.2595E-35   -2.5143E-32
     461.10001   -4.6064E-30   -2.2597E-35   -2.5143E-32
     461.20001   -4.6082E-30   -2.2599E-35   -2.5143E-32
     461.30001   -4.6101E-30   -2.2602E-35   -2.5144E-32
     461.40001   -4.6120E-30   -2.2605E-35   -2.5144E-32
     461.50001   -4.6139E-30   -2.2607E-35   -2.5144E-32
     461.60001   -4.6156E-30   -2.2609E-35   -2.5144E-32
     461.70001   -4.6173E-30   -2.2611E-35   -2.5144E-32
     461.80001   -4.6189E-30   -2.2613E-35   -2.5144E-32
     461.90001   -4.6206E-30   -2.2614E-35   -2.5145E-32
     462.00001   -4.6222E-30   -2.2616E-35   -2.5145E-32
     462.10001   -4.6237E-30   -2.2618E-35   -2.5145E-32
     462.20001   -4.6253E-30   -2.2619E-35   -2.5145E-32
     462.30001   -4.6269E-30   -2.2620E-35   -2.5145E-32
     462.40001   -4.6284E-30   -2.2622E-35   -2.5146E-32
     462.50001   -4.6299E-30   -2.2623E-35   -2.5146E-32
     462.60001   -4.6314E-30   -2.2624E-35   -2.5146E-32
     462.70001   -4.6329E-30   -2.2626E-35   -2.5146E-32
     462.80001   -4.6344E-30   -2.2627E-35   -2.5146E-32
     462.90001   -4.6359E-30   -2.2628E-35   -2.5146E-32
     463.00001   -4.6374E-30   -2.2629E-35   -2.5147E-32
     463.10001   -4.6389E-30   -2.2630E-35   -2.5147E-32
     463.20001   -4.6404E-30   -2.2631E-35   -2.5147E-32
     463.30001   -4.6418E-30   -2.2632E-35   -2.5147E-32
     463.40001   -4.6433E-30   -2.2633E-35   -2.5147E-32
     463.50001   -4.6447E-30   -2.2634E-35   -2.5147E-32
     463.60001   -4.6462E-30   -2.2635E-35   -2.5148E-32
     463.70001   -4.6476E-30   -2.2636E-35   -2.5148E-32
     463.80001   -4.6491E-30   -2.2637E-35   -2.5148E-32
     463.90001   -4.6505E-30   -2.2637E-35   -2.5148E-32
     464.00001   -4.6519E-30   -2.2638E-35   -2.5148E-32
     464.10001   -4.6534E-30   -2.2639E-35   -2.5149E-32
     464.20001   -4.6548E-30   -2.2640E-35   -2.5149E-32
     464.30001   -4.6562E-30   -2.2640E-35   -2.5149E-32
     464.40001   -4.6576E-30   -2.2641E-35   -2.5149E-32
     464.50001   -4.6591E-30   -2.2642E-35   -2.5149E-32
     464.60001   -4.6605E-30   -2.2642E-35   -2.5150E-32
     464.70001   -4.6620E-30   -2.2643E-35   -2.5150E-32
     464.80001   -4.6634E-30   -2.2644E-35   -2.5150E-32
     464.90001   -4.6648E-30   -2.2644E-35   -2.5150E-32
     465.00001   -4.6663E-30   -2.2645E-35   -2.5150E-32
     465.10001   -4.6677E-30   -2.2645E-35   -2.5151E-32
     465.20001   -4.6692E-30   -2.2646E-35   -2.5151E-32
     465.30001   -4.6706E-30   -2.2646E-35   -2.5151E-32
     465.40001   -4.6720E-30   -2.2647E-35   -2.5151E-32
     465.50001   -4.6735E-30   -2.2647E-35   -2.5152E-32
     465.60001   -4.6749E-30   -2.2648E-35   -2.5152E-32
     465.70001   -4.6763E-30   -2.2648E-35   -2.5152E-32
     465.80001   -4.6777E-30   -2.2649E-35   -2.5152E-32
     465.90001   -4.6791E-30   -2.2649E-35   -2.5153E-32
     466.00001   -4.6806E-30   -2.2649E-35   -2.5153E-32
     466.10001   -4.6820E-30   -2.2650E-35   -2.5153E-32
     466.20001   -4.6834E-30   -2.2650E-35   -2.5153E-32
     466.30001   -4.6848E-30   -2.2650E-35   -2.5154E-32
     466.40001   -4.6862E-30   -2.2651E-35   -2.5154E-32
     466.50001   -4.6876E-30   -2.2651E-35   -2.5154E-32
     466.60001   -4.6890E-30   -2.2651E-35   -2.5154E-32
     466.70001   -4.6904E-30   -2.2652E-35   -2.5155E-32
     466.80001   -4.6918E-30   -2.2652E-35   -2.5155E-32
     466.90001   -4.6932E-30   -2.2652E-35   -2.5155E-32
     467.00001   -4.6946E-30   -2.2652E-35   -2.5155E-32
     467.10001   -4.6960E-30   -2.2653E-35   -2.5156E-32
     467.20001   -4.6974E-30   -2.2653E-35   -2.5156E-32
     467.30001   -4.6988E-30   -2.2653E-35   -2.5156E-32
     467.40001   -4.7002E-30   -2.2653E-35   -2.5157E-32
     467.50001   -4.7017E-30   -2.2653E-35   -2.5157E-32
     467.60001   -4.7031E-30   -2.2653E-35   -2.5157E-32
     467.70001   -4.7046E-30   -2.2653E-35   -2.5158E-32
     467.80001   -4.7061E-30   -2.2654E-35   -2.5158E-32
     467.90001   -4.7077E-30   -2.2654E-35   -2.5158E-32
     468.00001   -4.7092E-30   -2.2654E-35   -2.5159E-32
     468.10001   -4.7108E-30   -2.2654E-35   -2.5159E-32
     468.20001   -4.7124E-30   -2.2654E-35   -2.5159E-32
     468.30001   -4.7140E-30   -2.2654E-35   -2.5160E-32
     468.40001   -4.7156E-30   -2.2654E-35   -2.5160E-32
     468.50001   -4.7172E-30   -2.2654E-35   -2.5160E-32
     468.60001   -4.7188E-30   -2.2654E-35   -2.5161E-32
     468.70001   -4.7204E-30   -2.2655E-35   -2.5161E-32
     468.80001   -4.7220E-30   -2.2655E-35   -2.5161E-32
     468.90001   -4.7236E-30   -2.2655E-35   -2.5162E-32
     469.00001   -4.7252E-30   -2.2655E-35   -2.5162E-32
     469.10001   -4.7268E-30   -2.2655E-35   -2.5163E-32
     469.20001   -4.7284E-30   -2.2655E-35   -2.5163E-32
     469.30001   -4.7299E-30   -2.2655E-35   -2.5163E-32
     469.40001   -4.7315E-30   -2.2655E-35   -2.5164E-32
     469.50001   -4.7330E-30   -2.2655E-35   -2.5164E-32
     469.60001   -4.7344E-30   -2.2655E-35   -2.5164E-32
     469.70001   -4.7359E-30   -2.2656E-35   -2.5165E-32
     469.80001   -4.7373E-30   -2.2656E-35   -2.5165E-32
     469.90001   -4.7388E-30   -2.2656E-35   -2.5166E-32
     470.00001   -4.7402E-30   -2.2656E-35   -2.5166E-32
     470.10001   -4.7415E-30   -2.2656E-35   -2.5166E-32
     470.20001   -4.7429E-30   -2.2656E-35   -2.5167E-32
     470.30001   -4.7442E-30   -2.2656E-35   -2.5167E-32
     470.40001   -4.7456E-30   -2.2656E-35   -2.5168E-32
     470.50001   -4.7469E-30   -2.2656E-35   -2.5168E-32
     470.60001   -4.7482E-30   -2.2656E-35   -2.5168E-32
     470.70001   -4.7494E-30   -2.2657E-35   -2.5169E-32
     470.80001   -4.7507E-30   -2.2657E-35   -2.5169E-32
     470.90001   -4.7519E-30   -2.2657E-35   -2.5170E-32
     471.00001   -4.7531E-30   -2.2657E-35   -2.5170E-32
     471.10001   -4.7543E-30   -2.2657E-35   -2.5170E-32
     471.20001   -4.7555E-30   -2.2657E-35   -2.5171E-32
     471.30001   -4.7567E-30   -2.2657E-35   -2.5171E-32
     471.40001   -4.7578E-30   -2.2657E-35   -2.5172E-32
     471.50001   -4.7590E-30   -2.2657E-35   -2.5172E-32
     471.60001   -4.7601E-30   -2.2658E-35   -2.5172E-32
     471.70001   -4.7613E-30   -2.2658E-35   -2.5173E-32
     471.80001   -4.7624E-30   -2.2658E-35   -2.5173E-32
     471.90001   -4.7635E-30   -2.2658E-35   -2.5174E-32
     472.00001   -4.7646E-30   -2.2658E-35   -2.5174E-32
     472.10001   -4.7657E-30   -2.2658E-35   -2.5174E-32
     472.20001   -4.7667E-30   -2.2658E-35   -2.5175E-32
     472.30001   -4.7678E-30   -2.2659E-35   -2.5175E-32
     472.40001   -4.7688E-30   -2.2659E-35   -2.5176E-32
     472.50001   -4.7698E-30   -2.2659E-35   -2.5176E-32
     472.60001   -4.7709E-30   -2.2659E-35   -2.5177E-32
     472.70001   -4.7719E-30   -2.2659E-35   -2.5177E-32
     472.80001   -4.7728E-30   -2.2660E-35   -2.5177E-32
     472.90001   -4.7738E-30   -2.2660E-35   -2.5178E-32
     473.00001   -4.7748E-30   -2.2660E-35   -2.5178E-32
     473.10001   -4.7758E-30   -2.2660E-35   -2.5179E-32
     473.20001   -4.7767E-30   -2.2660E-35   -2.5179E-32
     473.30001   -4.7777E-30   -2.2661E-35   -2.5179E-32
     473.40001   -4.7786E-30   -2.2661E-35   -2.5180E-32
     473.50001   -4.7795E-30   -2.2661E-35   -2.5180E-32
     473.60001   -4.7804E-30   -2.2661E-35   -2.5181E-32
     473.70001   -4.7813E-30   -2.2662E-35   -2.5181E-32
     473.80001   -4.7823E-30   -2.2662E-35   -2.5181E-32
     473.90001   -4.7832E-30   -2.2662E-35   -2.5182E-32
     474.00001   -4.7840E-30   -2.2663E-35   -2.5182E-32
     474.10001   -4.7849E-30   -2.2663E-35   -2.5182E-32
     474.20001   -4.7858E-30   -2.2663E-35   -2.5183E-32
     474.30001   -4.7867E-30   -2.2664E-35   -2.5183E-32
     474.40001   -4.7876E-30   -2.2664E-35   -2.5184E-32
     474.50001   -4.7884E-30   -2.2664E-35   -2.5184E-32
     474.60001   -4.7893E-30   -2.2665E-35   -2.5184E-32
     474.70001   -4.7902E-30   -2.2665E-35   -2.5185E-32
     474.80001   -4.7910E-30   -2.2665E-35   -2.5185E-32
     474.90001   -4.7919E-30   -2.2666E-35   -2.5185E-32
