# Element-by-element rates at equilibrium at full current
           # s        inv_Ta        inv_Tb        inv_Tz
         # (m)         (1/s)         (1/s)         (1/s)
 # delta_s =   0.10000000149011612     
       0.10000   -8.6039E-33   -4.1031E-39   -3.7499E-36
       0.20000   -8.5829E-33   -3.9962E-39   -3.7408E-36
       0.30000   -8.6112E-33   -3.8639E-39   -3.7531E-36
       0.40000   -8.6571E-33   -3.7382E-39   -3.7731E-36
       0.50000   -8.7033E-33   -3.6151E-39   -3.7933E-36
       0.60000   -8.7499E-33   -3.4946E-39   -3.8136E-36
       0.70000   -8.7967E-33   -3.3766E-39   -3.8340E-36
       0.80000   -8.8437E-33   -3.2611E-39   -3.8545E-36
       0.90000   -8.8910E-33   -3.1482E-39   -3.8751E-36
       1.00000   -8.9483E-33   -3.0387E-39   -3.8935E-36
       1.10000   -9.0092E-33   -2.9324E-39   -3.9113E-36
       1.20000   -9.0738E-33   -2.8293E-39   -3.9284E-36
       1.30000   -9.1423E-33   -2.7293E-39   -3.9447E-36
       1.40000   -9.2147E-33   -2.6325E-39   -3.9603E-36
       1.50000   -9.2911E-33   -2.5389E-39   -3.9751E-36
       1.60000   -9.3715E-33   -2.4484E-39   -3.9891E-36
       1.70000   -9.4561E-33   -2.3611E-39   -4.0023E-36
       1.80000   -9.5449E-33   -2.2769E-39   -4.0145E-36
       1.90000   -9.6380E-33   -2.1958E-39   -4.0258E-36
       2.00000   -9.7354E-33   -2.1178E-39   -4.0362E-36
       2.10000   -9.8371E-33   -2.0429E-39   -4.0457E-36
       2.20000   -9.9433E-33   -1.9711E-39   -4.0541E-36
       2.30000   -1.0054E-32   -1.9022E-39   -4.0615E-36
       2.40000   -1.0169E-32   -1.8363E-39   -4.0679E-36
       2.50000   -1.0289E-32   -1.7734E-39   -4.0732E-36
       2.60000   -1.0413E-32   -1.7133E-39   -4.0774E-36
       2.70000   -1.0541E-32   -1.6561E-39   -4.0805E-36
       2.80000   -1.0674E-32   -1.6016E-39   -4.0825E-36
       2.90000   -1.0812E-32   -1.5500E-39   -4.0833E-36
       3.00000   -1.0954E-32   -1.5010E-39   -4.0829E-36
       3.10000   -1.1100E-32   -1.4547E-39   -4.0814E-36
       3.20000   -1.1251E-32   -1.4110E-39   -4.0787E-36
       3.30000   -1.1406E-32   -1.3698E-39   -4.0747E-36
       3.40000   -1.1483E-32   -1.3233E-39   -4.0853E-36
       3.50000   -1.1528E-32   -1.2756E-39   -4.1012E-36
       3.60000   -1.1571E-32   -1.2297E-39   -4.1164E-36
       3.70000   -1.1698E-32   -1.1942E-39   -4.1143E-36
       3.80000   -1.1862E-32   -1.1641E-39   -4.1046E-36
       3.90000   -1.2029E-32   -1.1363E-39   -4.0936E-36
       4.00000   -1.2200E-32   -1.1108E-39   -4.0812E-36
       4.10000   -1.2375E-32   -1.0874E-39   -4.0674E-36
       4.20000   -1.2553E-32   -1.0662E-39   -4.0522E-36
       4.30000   -1.2734E-32   -1.0470E-39   -4.0357E-36
       4.40000   -1.2917E-32   -1.0299E-39   -4.0179E-36
       4.50000   -1.3104E-32   -1.0146E-39   -3.9987E-36
       4.60000   -1.3293E-32   -1.0013E-39   -3.9782E-36
       4.70000   -1.3484E-32   -9.8986E-40   -3.9563E-36
       4.80000   -1.3677E-32   -9.8018E-40   -3.9331E-36
       4.90000   -1.3873E-32   -9.7225E-40   -3.9087E-36
       5.00000   -1.4069E-32   -9.6601E-40   -3.8830E-36
       5.10000   -1.4268E-32   -9.6141E-40   -3.8561E-36
       5.20000   -1.4467E-32   -9.5842E-40   -3.8279E-36
       5.30000   -1.4667E-32   -9.5698E-40   -3.7986E-36
       5.40000   -1.4868E-32   -9.5706E-40   -3.7682E-36
       5.50000   -1.5069E-32   -9.5860E-40   -3.7366E-36
       5.60000   -1.5271E-32   -9.6157E-40   -3.7040E-36
       5.70000   -1.5473E-32   -9.6593E-40   -3.6704E-36
       5.80000   -1.5674E-32   -9.7163E-40   -3.6359E-36
       5.90000   -1.5875E-32   -9.7865E-40   -3.6004E-36
       6.00000   -1.6075E-32   -9.8694E-40   -3.5641E-36
       6.10000   -1.6167E-32   -9.9141E-40   -3.5397E-36
       6.20000   -1.6123E-32   -9.9085E-40   -3.5300E-36
       6.30000   -1.6074E-32   -9.9153E-40   -3.5194E-36
       6.40000   -1.6021E-32   -9.9343E-40   -3.5078E-36
       6.50000   -1.5964E-32   -9.9655E-40   -3.4952E-36
       6.60000   -1.5903E-32   -1.0009E-39   -3.4818E-36
       6.70000   -1.5837E-32   -1.0064E-39   -3.4674E-36
       6.80000   -1.5892E-32   -1.0276E-39   -3.4794E-36
       6.90000   -1.5921E-32   -1.0697E-39   -3.4859E-36
       7.00000   -1.5590E-32   -1.1102E-39   -3.4133E-36
       7.10000   -1.5294E-32   -1.1758E-39   -3.3486E-36
       7.20000   -1.5030E-32   -1.2676E-39   -3.2906E-36
       7.30000   -1.4838E-32   -1.3780E-39   -3.2487E-36
       7.40000   -1.4651E-32   -1.4926E-39   -3.2077E-36
       7.50000   -1.4468E-32   -1.6115E-39   -3.1677E-36
       7.60000   -1.4290E-32   -1.7348E-39   -3.1287E-36
       7.70000   -1.4116E-32   -1.8623E-39   -3.0906E-36
       7.80000   -1.3947E-32   -1.9942E-39   -3.0535E-36
       7.90000   -1.3869E-32   -2.1328E-39   -3.0064E-36
       8.00000   -1.3900E-32   -2.2772E-39   -2.9472E-36
       8.10000   -1.3929E-32   -2.4240E-39   -2.8900E-36
       8.20000   -1.3958E-32   -2.5731E-39   -2.8347E-36
       8.30000   -1.3987E-32   -2.7247E-39   -2.7813E-36
       8.40000   -1.4014E-32   -2.8787E-39   -2.7297E-36
       8.50000   -1.4041E-32   -3.0351E-39   -2.6798E-36
       8.60000   -1.4068E-32   -3.1938E-39   -2.6316E-36
       8.70000   -1.4094E-32   -3.3551E-39   -2.5850E-36
       8.80000   -1.4119E-32   -3.5188E-39   -2.5401E-36
       8.90000   -1.4144E-32   -3.6850E-39   -2.4967E-36
       9.00000   -1.4169E-32   -3.8537E-39   -2.4548E-36
       9.10000   -1.4194E-32   -4.0251E-39   -2.4144E-36
       9.20000   -1.4218E-32   -4.1992E-39   -2.3754E-36
       9.30000   -1.4242E-32   -4.3761E-39   -2.3378E-36
       9.40000   -1.4266E-32   -4.5558E-39   -2.3015E-36
       9.50000   -1.4290E-32   -4.7385E-39   -2.2665E-36
       9.60000   -1.4314E-32   -4.9243E-39   -2.2328E-36
       9.70000   -1.4338E-32   -5.1132E-39   -2.2003E-36
       9.80000   -1.4363E-32   -5.3055E-39   -2.1690E-36
       9.90000   -1.4387E-32   -5.5013E-39   -2.1389E-36
      10.00000   -1.4412E-32   -5.7008E-39   -2.1098E-36
      10.10000   -1.4437E-32   -5.9040E-39   -2.0819E-36
      10.20000   -1.4463E-32   -6.1113E-39   -2.0551E-36
      10.30000   -1.4468E-32   -6.3265E-39   -2.0313E-36
      10.40000   -1.4372E-32   -6.5653E-39   -2.0178E-36
      10.50000   -1.4281E-32   -6.8108E-39   -2.0049E-36
      10.60000   -1.4213E-32   -7.0588E-39   -1.9908E-36
      10.70000   -1.4244E-32   -7.2925E-39   -1.9683E-36
      10.80000   -1.4276E-32   -7.5318E-39   -1.9469E-36
      10.90000   -1.4309E-32   -7.7772E-39   -1.9265E-36
      11.00000   -1.4344E-32   -8.0290E-39   -1.9069E-36
      11.10000   -1.4380E-32   -8.2877E-39   -1.8884E-36
      11.20000   -1.4419E-32   -8.5540E-39   -1.8708E-36
      11.30000   -1.4460E-32   -8.8283E-39   -1.8541E-36
      11.40000   -1.4503E-32   -9.1113E-39   -1.8384E-36
      11.50000   -1.4549E-32   -9.4038E-39   -1.8236E-36
      11.60000   -1.4598E-32   -9.7066E-39   -1.8099E-36
      11.70000   -1.4650E-32   -1.0021E-38   -1.7971E-36
      11.80000   -1.4707E-32   -1.0347E-38   -1.7854E-36
      11.90000   -1.4768E-32   -1.0688E-38   -1.7747E-36
      12.00000   -1.4835E-32   -1.1044E-38   -1.7652E-36
      12.10000   -1.4907E-32   -1.1417E-38   -1.7568E-36
      12.20000   -1.4987E-32   -1.1809E-38   -1.7498E-36
      12.30000   -1.5075E-32   -1.2223E-38   -1.7441E-36
      12.40000   -1.5173E-32   -1.2663E-38   -1.7399E-36
      12.50000   -1.5282E-32   -1.3133E-38   -1.7374E-36
      12.60000   -1.5405E-32   -1.3637E-38   -1.7368E-36
      12.70000   -1.5545E-32   -1.4182E-38   -1.7384E-36
      12.80000   -1.5707E-32   -1.4779E-38   -1.7427E-36
      12.90000   -1.5896E-32   -1.5439E-38   -1.7502E-36
      13.00000   -1.6120E-32   -1.6181E-38   -1.7618E-36
      13.10000   -1.6333E-32   -1.7074E-38   -1.7837E-36
      13.20000   -1.6609E-32   -1.8130E-38   -1.8138E-36
      13.30000   -1.6991E-32   -1.9428E-38   -1.8555E-36
      13.40000   -1.7558E-32   -2.1142E-38   -1.9175E-36
      13.50000   -1.8526E-32   -2.3739E-38   -2.0232E-36
      13.60000   -2.0217E-32   -2.7960E-38   -2.2078E-36
      13.70000   -1.8367E-32   -2.4694E-38   -2.0058E-36
      13.80000   -1.7095E-32   -2.2348E-38   -1.8669E-36
      13.90000   -1.6341E-32   -2.0828E-38   -1.7846E-36
      14.00000   -1.5848E-32   -1.9627E-38   -1.7307E-36
      14.10000   -1.5520E-32   -1.8565E-38   -1.6949E-36
      14.20000   -1.5303E-32   -1.7577E-38   -1.6711E-36
      14.30000   -1.5138E-32   -1.6705E-38   -1.6531E-36
      14.40000   -1.5010E-32   -1.5931E-38   -1.6392E-36
      14.50000   -1.4912E-32   -1.5234E-38   -1.6285E-36
      14.60000   -1.4837E-32   -1.4597E-38   -1.6203E-36
      14.70000   -1.4780E-32   -1.4009E-38   -1.6141E-36
      14.80000   -1.4739E-32   -1.3463E-38   -1.6096E-36
      14.90000   -1.4746E-32   -1.2934E-38   -1.6039E-36
      15.00000   -1.4768E-32   -1.2434E-38   -1.5992E-36
      15.10000   -1.4798E-32   -1.1962E-38   -1.5956E-36
      15.20000   -1.4838E-32   -1.1516E-38   -1.5931E-36
      15.30000   -1.4884E-32   -1.1091E-38   -1.5916E-36
      15.40000   -1.4938E-32   -1.0687E-38   -1.5910E-36
      15.50000   -1.4998E-32   -1.0301E-38   -1.5911E-36
      15.60000   -1.5064E-32   -9.9309E-39   -1.5920E-36
      15.70000   -1.5136E-32   -9.5764E-39   -1.5936E-36
      15.80000   -1.5213E-32   -9.2359E-39   -1.5959E-36
      15.90000   -1.5295E-32   -8.9083E-39   -1.5989E-36
      16.00000   -1.5382E-32   -8.5927E-39   -1.6024E-36
      16.10000   -1.5474E-32   -8.2883E-39   -1.6065E-36
      16.20000   -1.5571E-32   -7.9945E-39   -1.6112E-36
      16.30000   -1.5671E-32   -7.7104E-39   -1.6165E-36
      16.40000   -1.5777E-32   -7.4357E-39   -1.6223E-36
      16.50000   -1.5887E-32   -7.1697E-39   -1.6286E-36
      16.60000   -1.6001E-32   -6.9119E-39   -1.6355E-36
      16.70000   -1.6119E-32   -6.6621E-39   -1.6429E-36
      16.80000   -1.6242E-32   -6.4197E-39   -1.6508E-36
      16.90000   -1.6370E-32   -6.1844E-39   -1.6592E-36
      17.00000   -1.6501E-32   -5.9560E-39   -1.6681E-36
      17.10000   -1.6637E-32   -5.7340E-39   -1.6775E-36
      17.20000   -1.6778E-32   -5.5183E-39   -1.6875E-36
      17.30000   -1.6908E-32   -5.3104E-39   -1.6989E-36
      17.40000   -1.7033E-32   -5.1092E-39   -1.7115E-36
      17.50000   -1.7164E-32   -4.9132E-39   -1.7246E-36
      17.60000   -1.7313E-32   -4.7210E-39   -1.7373E-36
      17.70000   -1.7477E-32   -4.5330E-39   -1.7500E-36
      17.80000   -1.7645E-32   -4.3500E-39   -1.7632E-36
      17.90000   -1.7819E-32   -4.1719E-39   -1.7770E-36
      18.00000   -1.7998E-32   -3.9984E-39   -1.7914E-36
      18.10000   -1.8182E-32   -3.8296E-39   -1.8063E-36
      18.20000   -1.8371E-32   -3.6651E-39   -1.8218E-36
      18.30000   -1.8567E-32   -3.5050E-39   -1.8378E-36
      18.40000   -1.8768E-32   -3.3492E-39   -1.8545E-36
      18.50000   -1.8975E-32   -3.1974E-39   -1.8719E-36
      18.60000   -1.9188E-32   -3.0498E-39   -1.8898E-36
      18.70000   -1.9408E-32   -2.9061E-39   -1.9084E-36
      18.80000   -1.9635E-32   -2.7663E-39   -1.9277E-36
      18.90000   -1.9868E-32   -2.6303E-39   -1.9476E-36
      19.00000   -2.0108E-32   -2.4981E-39   -1.9683E-36
      19.10000   -2.0355E-32   -2.3696E-39   -1.9896E-36
      19.20000   -2.0610E-32   -2.2447E-39   -2.0117E-36
      19.30000   -2.0873E-32   -2.1235E-39   -2.0345E-36
      19.40000   -2.1143E-32   -2.0058E-39   -2.0581E-36
      19.50000   -2.1421E-32   -1.8916E-39   -2.0825E-36
      19.60000   -2.1708E-32   -1.7810E-39   -2.1076E-36
      19.70000   -2.2003E-32   -1.6737E-39   -2.1336E-36
      19.80000   -2.2307E-32   -1.5699E-39   -2.1603E-36
      19.90000   -2.2620E-32   -1.4696E-39   -2.1879E-36
      20.00000   -2.2936E-32   -1.3725E-39   -2.2167E-36
      20.10000   -2.3248E-32   -1.2787E-39   -2.2469E-36
      20.20000   -2.3570E-32   -1.1882E-39   -2.2780E-36
      20.30000   -2.3901E-32   -1.1010E-39   -2.3099E-36
      20.40000   -2.4240E-32   -1.0171E-39   -2.3427E-36
      20.50000   -2.4588E-32   -9.3643E-40   -2.3764E-36
      20.60000   -2.4944E-32   -8.5907E-40   -2.4108E-36
      20.70000   -2.5392E-32   -7.9288E-40   -2.4540E-36
      20.80000   -2.5851E-32   -7.4982E-40   -2.4984E-36
      20.90000   -2.6143E-32   -7.2471E-40   -2.5267E-36
      21.00000   -2.6132E-32   -7.1369E-40   -2.5256E-36
      21.10000   -2.6026E-32   -7.2230E-40   -2.5154E-36
      21.20000   -2.6040E-32   -7.4630E-40   -2.5167E-36
      21.30000   -2.6046E-32   -7.7174E-40   -2.5172E-36
      21.40000   -2.6043E-32   -7.9862E-40   -2.5170E-36
      21.50000   -2.6033E-32   -8.2696E-40   -2.5160E-36
      21.60000   -2.6015E-32   -8.5680E-40   -2.5143E-36
      21.70000   -2.5989E-32   -8.8816E-40   -2.5118E-36
      21.80000   -2.5956E-32   -9.2108E-40   -2.5087E-36
      21.90000   -2.5914E-32   -9.5553E-40   -2.5049E-36
      22.00000   -2.5864E-32   -9.9156E-40   -2.5005E-36
      22.10000   -2.5808E-32   -1.0292E-39   -2.4956E-36
      22.20000   -2.5745E-32   -1.0685E-39   -2.4900E-36
      22.30000   -2.5676E-32   -1.1094E-39   -2.4840E-36
      22.40000   -2.5601E-32   -1.1521E-39   -2.4775E-36
      22.50000   -2.5521E-32   -1.1965E-39   -2.4706E-36
      22.60000   -2.5435E-32   -1.2426E-39   -2.4632E-36
      22.70000   -2.5345E-32   -1.2905E-39   -2.4555E-36
      22.80000   -2.5250E-32   -1.3402E-39   -2.4474E-36
      22.90000   -2.5151E-32   -1.3918E-39   -2.4391E-36
      23.00000   -2.5048E-32   -1.4453E-39   -2.4305E-36
      23.10000   -2.4941E-32   -1.5006E-39   -2.4217E-36
      23.20000   -2.4831E-32   -1.5579E-39   -2.4126E-36
      23.30000   -2.4719E-32   -1.6172E-39   -2.4034E-36
      23.40000   -2.4603E-32   -1.6785E-39   -2.3941E-36
      23.50000   -2.4486E-32   -1.7419E-39   -2.3847E-36
      23.60000   -2.4366E-32   -1.8073E-39   -2.3752E-36
      23.70000   -2.4244E-32   -1.8748E-39   -2.3656E-36
      23.80000   -2.4121E-32   -1.9445E-39   -2.3561E-36
      23.90000   -2.3997E-32   -2.0164E-39   -2.3465E-36
      24.00000   -2.3871E-32   -2.0906E-39   -2.3369E-36
      24.10000   -2.3745E-32   -2.1670E-39   -2.3274E-36
      24.20000   -2.3619E-32   -2.2458E-39   -2.3179E-36
      24.30000   -2.3511E-32   -2.3267E-39   -2.3074E-36
      24.40000   -2.3405E-32   -2.4100E-39   -2.2969E-36
      24.50000   -2.3297E-32   -2.4958E-39   -2.2866E-36
      24.60000   -2.3168E-32   -2.5846E-39   -2.2778E-36
      24.70000   -2.3040E-32   -2.6761E-39   -2.2692E-36
      24.80000   -2.2912E-32   -2.7703E-39   -2.2607E-36
      24.90000   -2.2784E-32   -2.8673E-39   -2.2524E-36
      25.00000   -2.2657E-32   -2.9671E-39   -2.2443E-36
      25.10000   -2.2530E-32   -3.0699E-39   -2.2364E-36
      25.20000   -2.2405E-32   -3.1757E-39   -2.2288E-36
      25.30000   -2.2280E-32   -3.2846E-39   -2.2214E-36
      25.40000   -2.2157E-32   -3.3967E-39   -2.2143E-36
      25.50000   -2.2035E-32   -3.5122E-39   -2.2075E-36
      25.60000   -2.1914E-32   -3.6311E-39   -2.2010E-36
      25.70000   -2.1795E-32   -3.7535E-39   -2.1947E-36
      25.80000   -2.1678E-32   -3.8797E-39   -2.1888E-36
      25.90000   -2.1562E-32   -4.0096E-39   -2.1832E-36
      26.00000   -2.1448E-32   -4.1436E-39   -2.1780E-36
      26.10000   -2.1336E-32   -4.2817E-39   -2.1731E-36
      26.20000   -2.1225E-32   -4.4241E-39   -2.1686E-36
      26.30000   -2.1118E-32   -4.5710E-39   -2.1645E-36
      26.40000   -2.1012E-32   -4.7227E-39   -2.1608E-36
      26.50000   -2.0909E-32   -4.8792E-39   -2.1575E-36
      26.60000   -2.0808E-32   -5.0410E-39   -2.1547E-36
      26.70000   -2.0710E-32   -5.2083E-39   -2.1523E-36
      26.80000   -2.0615E-32   -5.3813E-39   -2.1505E-36
      26.90000   -2.0523E-32   -5.5604E-39   -2.1491E-36
      27.00000   -2.0473E-32   -5.7410E-39   -2.1455E-36
      27.10000   -2.0437E-32   -5.9267E-39   -2.1418E-36
      27.20000   -2.0406E-32   -6.1191E-39   -2.1386E-36
      27.30000   -2.0381E-32   -6.3188E-39   -2.1360E-36
      27.40000   -2.0362E-32   -6.5262E-39   -2.1340E-36
      27.50000   -2.0349E-32   -6.7420E-39   -2.1326E-36
      27.60000   -2.0343E-32   -6.9660E-39   -2.1319E-36
      27.70000   -2.0373E-32   -7.1623E-39   -2.1351E-36
      27.80000   -2.0464E-32   -7.3092E-39   -2.1447E-36
      27.90000   -2.0618E-32   -7.4049E-39   -2.1608E-36
      28.00000   -2.0838E-32   -7.4480E-39   -2.1839E-36
      28.10000   -2.1134E-32   -7.4475E-39   -2.2148E-36
      28.20000   -2.1465E-32   -7.4463E-39   -2.2496E-36
      28.30000   -2.1809E-32   -7.4480E-39   -2.2856E-36
      28.40000   -2.2166E-32   -7.4528E-39   -2.3230E-36
      28.50000   -2.2537E-32   -7.4611E-39   -2.3618E-36
      28.60000   -2.2922E-32   -7.4732E-39   -2.4023E-36
      28.70000   -2.3325E-32   -7.4896E-39   -2.4444E-36
      28.80000   -2.3669E-32   -7.5244E-39   -2.4941E-36
      28.90000   -2.4006E-32   -7.5684E-39   -2.5476E-36
      29.00000   -2.4357E-32   -7.6186E-39   -2.6039E-36
      29.10000   -2.4723E-32   -7.6760E-39   -2.6632E-36
      29.20000   -2.5106E-32   -7.7413E-39   -2.7257E-36
      29.30000   -2.5508E-32   -7.8157E-39   -2.7918E-36
      29.40000   -2.5933E-32   -7.9006E-39   -2.8620E-36
      29.50000   -2.6383E-32   -7.9978E-39   -2.9368E-36
      29.60000   -2.6863E-32   -8.1094E-39   -3.0168E-36
      29.70000   -2.7379E-32   -8.2381E-39   -3.1028E-36
      29.80000   -2.7939E-32   -8.3878E-39   -3.1960E-36
      29.90000   -2.8552E-32   -8.5631E-39   -3.2977E-36
      30.00000   -2.9231E-32   -8.7711E-39   -3.4098E-36
      30.10000   -2.9998E-32   -9.0212E-39   -3.5350E-36
      30.20000   -3.0881E-32   -9.3275E-39   -3.6772E-36
      30.30000   -3.1920E-32   -9.7105E-39   -3.8419E-36
      30.40000   -3.3171E-32   -1.0196E-38   -4.0367E-36
      30.50000   -3.4634E-32   -1.0781E-38   -4.2627E-36
      30.60000   -3.5811E-32   -1.1205E-38   -4.4590E-36
      30.70000   -3.5476E-32   -1.0851E-38   -4.4702E-36
      30.80000   -3.4301E-32   -1.0085E-38   -4.3751E-36
      30.90000   -3.3217E-32   -9.3849E-39   -4.2901E-36
      31.00000   -3.2338E-32   -8.8046E-39   -4.2305E-36
      31.10000   -3.1620E-32   -8.3183E-39   -4.1912E-36
      31.20000   -3.1141E-32   -7.8807E-39   -4.1547E-36
      31.30000   -3.0861E-32   -7.4774E-39   -4.1174E-36
      31.40000   -3.0644E-32   -7.1168E-39   -4.0885E-36
      31.50000   -3.0347E-32   -6.8083E-39   -4.0786E-36
      31.60000   -2.9968E-32   -6.5434E-39   -4.0864E-36
      31.70000   -2.9617E-32   -6.3002E-39   -4.0991E-36
      31.80000   -2.9290E-32   -6.0755E-39   -4.1160E-36
      31.90000   -2.8981E-32   -5.8665E-39   -4.1365E-36
      32.00000   -2.8686E-32   -5.6714E-39   -4.1602E-36
      32.10000   -2.8402E-32   -5.4884E-39   -4.1866E-36
      32.20000   -2.8125E-32   -5.3162E-39   -4.2156E-36
      32.30000   -2.7853E-32   -5.1538E-39   -4.2468E-36
      32.40000   -2.7585E-32   -5.0002E-39   -4.2801E-36
      32.50000   -2.7319E-32   -4.8548E-39   -4.3153E-36
      32.60000   -2.7053E-32   -4.7168E-39   -4.3522E-36
      32.70000   -2.6785E-32   -4.5857E-39   -4.3906E-36
      32.80000   -2.6516E-32   -4.4611E-39   -4.4305E-36
      32.90000   -2.6242E-32   -4.3426E-39   -4.4716E-36
      33.00000   -2.5965E-32   -4.2297E-39   -4.5139E-36
      33.10000   -2.5682E-32   -4.1223E-39   -4.5573E-36
      33.20000   -2.5393E-32   -4.0200E-39   -4.6017E-36
      33.30000   -2.5097E-32   -3.9226E-39   -4.6469E-36
      33.40000   -2.4794E-32   -3.8299E-39   -4.6928E-36
      33.50000   -2.4484E-32   -3.7417E-39   -4.7395E-36
      33.60000   -2.4164E-32   -3.6579E-39   -4.7866E-36
      33.70000   -2.3837E-32   -3.5782E-39   -4.8343E-36
      33.80000   -2.3500E-32   -3.5026E-39   -4.8823E-36
      33.90000   -2.3236E-32   -3.4266E-39   -4.9192E-36
      34.00000   -2.3232E-32   -3.3412E-39   -4.9183E-36
      34.10000   -2.3221E-32   -3.2606E-39   -4.9160E-36
      34.20000   -2.3203E-32   -3.1847E-39   -4.9122E-36
      34.30000   -2.3177E-32   -3.1132E-39   -4.9067E-36
      34.40000   -2.3143E-32   -3.0461E-39   -4.8995E-36
      34.50000   -2.3101E-32   -2.9833E-39   -4.8905E-36
      34.60000   -2.3117E-32   -2.9385E-39   -4.8940E-36
      34.70000   -2.3176E-32   -2.9323E-39   -4.9064E-36
      34.80000   -2.3247E-32   -2.9637E-39   -4.9216E-36
      34.90000   -2.2959E-32   -2.9848E-39   -4.8605E-36
      35.00000   -2.2441E-32   -3.0104E-39   -4.7508E-36
      35.10000   -2.2105E-32   -3.0818E-39   -4.6797E-36
      35.20000   -2.1791E-32   -3.1588E-39   -4.6132E-36
      35.30000   -2.1478E-32   -3.2385E-39   -4.5469E-36
      35.40000   -2.1167E-32   -3.3207E-39   -4.4812E-36
      35.50000   -2.0860E-32   -3.4053E-39   -4.4160E-36
      35.60000   -2.0555E-32   -3.4924E-39   -4.3516E-36
      35.70000   -2.0179E-32   -3.5857E-39   -4.2981E-36
      35.80000   -1.9573E-32   -3.6954E-39   -4.2779E-36
      35.90000   -1.8985E-32   -3.8089E-39   -4.2583E-36
      36.00000   -1.8413E-32   -3.9263E-39   -4.2391E-36
      36.10000   -1.7859E-32   -4.0476E-39   -4.2205E-36
      36.20000   -1.7322E-32   -4.1728E-39   -4.2026E-36
      36.30000   -1.6802E-32   -4.3020E-39   -4.1853E-36
      36.40000   -1.6297E-32   -4.4351E-39   -4.1686E-36
      36.50000   -1.5809E-32   -4.5722E-39   -4.1527E-36
      36.60000   -1.5336E-32   -4.7134E-39   -4.1374E-36
      36.70000   -1.4878E-32   -4.8587E-39   -4.1229E-36
      36.80000   -1.4434E-32   -5.0081E-39   -4.1092E-36
      36.90000   -1.4005E-32   -5.1617E-39   -4.0962E-36
      37.00000   -1.3590E-32   -5.3196E-39   -4.0839E-36
      37.10000   -1.3188E-32   -5.4817E-39   -4.0724E-36
      37.20000   -1.2799E-32   -5.6482E-39   -4.0617E-36
      37.30000   -1.2423E-32   -5.8191E-39   -4.0517E-36
      37.40000   -1.2059E-32   -5.9944E-39   -4.0425E-36
      37.50000   -1.1706E-32   -6.1743E-39   -4.0340E-36
      37.60000   -1.1366E-32   -6.3588E-39   -4.0262E-36
      37.70000   -1.1037E-32   -6.5479E-39   -4.0191E-36
      37.80000   -1.0718E-32   -6.7418E-39   -4.0128E-36
      37.90000   -1.0410E-32   -6.9405E-39   -4.0071E-36
      38.00000   -1.0112E-32   -7.1441E-39   -4.0022E-36
      38.10000   -9.8236E-33   -7.3527E-39   -3.9979E-36
      38.20000   -9.7021E-33   -7.5276E-39   -3.9528E-36
      38.30000   -9.5896E-33   -7.7026E-39   -3.9070E-36
      38.40000   -9.4794E-33   -7.8793E-39   -3.8621E-36
      38.50000   -9.2246E-33   -8.0993E-39   -3.8571E-36
      38.60000   -8.9721E-33   -8.3261E-39   -3.8542E-36
      38.70000   -8.7278E-33   -8.5581E-39   -3.8519E-36
      38.80000   -8.4916E-33   -8.7953E-39   -3.8501E-36
      38.90000   -8.2631E-33   -9.0378E-39   -3.8489E-36
      39.00000   -8.0422E-33   -9.2857E-39   -3.8481E-36
      39.10000   -7.8285E-33   -9.5391E-39   -3.8478E-36
      39.20000   -7.6220E-33   -9.7981E-39   -3.8479E-36
      39.30000   -7.4223E-33   -1.0063E-38   -3.8484E-36
      39.40000   -7.2293E-33   -1.0333E-38   -3.8493E-36
      39.50000   -7.0427E-33   -1.0609E-38   -3.8506E-36
      39.60000   -6.8625E-33   -1.0891E-38   -3.8522E-36
      39.70000   -6.6883E-33   -1.1179E-38   -3.8542E-36
      39.80000   -6.5201E-33   -1.1473E-38   -3.8564E-36
      39.90000   -6.3576E-33   -1.1774E-38   -3.8589E-36
      40.00000   -6.2007E-33   -1.2080E-38   -3.8615E-36
      40.10000   -6.0492E-33   -1.2393E-38   -3.8644E-36
      40.20000   -5.9030E-33   -1.2712E-38   -3.8674E-36
      40.30000   -5.7620E-33   -1.3037E-38   -3.8705E-36
      40.40000   -5.6260E-33   -1.3369E-38   -3.8738E-36
      40.50000   -5.4948E-33   -1.3707E-38   -3.8770E-36
      40.60000   -5.3684E-33   -1.4052E-38   -3.8803E-36
      40.70000   -5.2467E-33   -1.4404E-38   -3.8835E-36
      40.80000   -5.1294E-33   -1.4762E-38   -3.8867E-36
      40.90000   -5.0648E-33   -1.5078E-38   -3.8660E-36
      41.00000   -5.0238E-33   -1.5375E-38   -3.8347E-36
      41.10000   -4.9836E-33   -1.5673E-38   -3.8040E-36
      41.20000   -4.9440E-33   -1.5974E-38   -3.7738E-36
      41.30000   -4.9051E-33   -1.6277E-38   -3.7441E-36
      41.40000   -4.8669E-33   -1.6583E-38   -3.7149E-36
      41.50000   -4.8301E-33   -1.6893E-38   -3.6868E-36
      41.60000   -4.8228E-33   -1.7199E-38   -3.6813E-36
      41.70000   -4.8229E-33   -1.7328E-38   -3.6813E-36
      41.80000   -4.8146E-33   -1.7220E-38   -3.6750E-36
      41.90000   -4.8031E-33   -1.6897E-38   -3.6662E-36
      42.00000   -4.8099E-33   -1.6452E-38   -3.6714E-36
      42.10000   -4.8352E-33   -1.6032E-38   -3.6907E-36
      42.20000   -4.8611E-33   -1.5619E-38   -3.7105E-36
      42.30000   -4.8877E-33   -1.5213E-38   -3.7308E-36
      42.40000   -4.9149E-33   -1.4814E-38   -3.7516E-36
      42.50000   -4.9427E-33   -1.4421E-38   -3.7728E-36
      42.60000   -4.9712E-33   -1.4035E-38   -3.7946E-36
      42.70000   -4.9590E-33   -1.3689E-38   -3.8371E-36
      42.80000   -4.9286E-33   -1.3360E-38   -3.8899E-36
      42.90000   -4.8993E-33   -1.3033E-38   -3.9435E-36
      43.00000   -4.8713E-33   -1.2707E-38   -3.9980E-36
      43.10000   -4.8447E-33   -1.2382E-38   -4.0532E-36
      43.20000   -4.8195E-33   -1.2059E-38   -4.1092E-36
      43.30000   -4.7959E-33   -1.1736E-38   -4.1658E-36
      43.40000   -4.7739E-33   -1.1416E-38   -4.2230E-36
      43.50000   -4.7537E-33   -1.1096E-38   -4.2808E-36
      43.60000   -4.7355E-33   -1.0779E-38   -4.3390E-36
      43.70000   -4.7193E-33   -1.0463E-38   -4.3976E-36
      43.80000   -4.7054E-33   -1.0149E-38   -4.4565E-36
      43.90000   -4.6938E-33   -9.8367E-39   -4.5155E-36
      44.00000   -4.6847E-33   -9.5271E-39   -4.5746E-36
      44.10000   -4.6783E-33   -9.2201E-39   -4.6337E-36
      44.20000   -4.6748E-33   -8.9160E-39   -4.6926E-36
      44.30000   -4.6744E-33   -8.6151E-39   -4.7512E-36
      44.40000   -4.6771E-33   -8.3175E-39   -4.8093E-36
      44.50000   -4.6833E-33   -8.0238E-39   -4.8669E-36
      44.60000   -4.6932E-33   -7.7341E-39   -4.9238E-36
      44.70000   -4.7069E-33   -7.4489E-39   -4.9799E-36
      44.80000   -4.7246E-33   -7.1685E-39   -5.0350E-36
      44.90000   -4.7467E-33   -6.8931E-39   -5.0890E-36
      45.00000   -4.7733E-33   -6.6232E-39   -5.1418E-36
      45.10000   -4.8083E-33   -6.3595E-39   -5.1908E-36
      45.20000   -4.8506E-33   -6.1017E-39   -5.2365E-36
      45.30000   -4.8938E-33   -5.8489E-39   -5.2831E-36
      45.40000   -4.9348E-33   -5.6002E-39   -5.3327E-36
      45.50000   -4.9753E-33   -5.3568E-39   -5.3844E-36
      45.60000   -5.0215E-33   -5.1200E-39   -5.4343E-36
      45.70000   -5.0736E-33   -4.8901E-39   -5.4823E-36
      45.80000   -5.1318E-33   -4.6674E-39   -5.5284E-36
      45.90000   -5.1965E-33   -4.4520E-39   -5.5725E-36
      46.00000   -5.2678E-33   -4.2440E-39   -5.6145E-36
      46.10000   -5.3462E-33   -4.0436E-39   -5.6543E-36
      46.20000   -5.4318E-33   -3.8507E-39   -5.6920E-36
      46.30000   -5.5248E-33   -3.6655E-39   -5.7275E-36
      46.40000   -5.6257E-33   -3.4880E-39   -5.7607E-36
      46.50000   -5.7346E-33   -3.3179E-39   -5.7918E-36
      46.60000   -5.8517E-33   -3.1553E-39   -5.8207E-36
      46.70000   -5.9775E-33   -3.0001E-39   -5.8475E-36
      46.80000   -6.1120E-33   -2.8521E-39   -5.8722E-36
      46.90000   -6.2556E-33   -2.7112E-39   -5.8948E-36
      47.00000   -6.4086E-33   -2.5771E-39   -5.9155E-36
      47.10000   -6.5710E-33   -2.4497E-39   -5.9343E-36
      47.20000   -6.7433E-33   -2.3288E-39   -5.9512E-36
      47.30000   -6.9255E-33   -2.2142E-39   -5.9664E-36
      47.40000   -7.1179E-33   -2.1056E-39   -5.9799E-36
      47.50000   -7.3208E-33   -2.0028E-39   -5.9917E-36
      47.60000   -7.5342E-33   -1.9056E-39   -6.0020E-36
      47.70000   -7.7584E-33   -1.8138E-39   -6.0107E-36
      47.80000   -7.9738E-33   -1.7232E-39   -6.0260E-36
      47.90000   -8.0638E-33   -1.6104E-39   -6.0940E-36
      48.00000   -8.1542E-33   -1.5015E-39   -6.1624E-36
      48.10000   -8.2450E-33   -1.3967E-39   -6.2310E-36
      48.20000   -8.3358E-33   -1.2958E-39   -6.2996E-36
      48.30000   -8.4265E-33   -1.1989E-39   -6.3682E-36
      48.40000   -8.5168E-33   -1.1061E-39   -6.4364E-36
      48.50000   -8.6413E-33   -1.0250E-39   -6.5305E-36
      48.60000   -8.8081E-33   -9.7767E-40   -6.6565E-36
      48.70000   -8.8213E-33   -9.4590E-40   -6.6665E-36
      48.80000   -8.7796E-33   -9.4075E-40   -6.6350E-36
      48.90000   -8.7487E-33   -9.6870E-40   -6.6117E-36
      49.00000   -8.7514E-33   -1.0240E-39   -6.6137E-36
      49.10000   -8.7605E-33   -1.0845E-39   -6.6206E-36
      49.20000   -8.7664E-33   -1.1487E-39   -6.6251E-36
      49.30000   -8.7692E-33   -1.2167E-39   -6.6271E-36
      49.40000   -8.7689E-33   -1.2886E-39   -6.6270E-36
      49.50000   -8.7657E-33   -1.3645E-39   -6.6245E-36
      49.60000   -8.7817E-33   -1.4482E-39   -6.6110E-36
      49.70000   -8.9421E-33   -1.5601E-39   -6.5362E-36
      49.80000   -9.1022E-33   -1.6741E-39   -6.4601E-36
      49.90000   -9.2616E-33   -1.7903E-39   -6.3831E-36
      50.00000   -9.4200E-33   -1.9086E-39   -6.3055E-36
      50.10000   -9.5771E-33   -2.0290E-39   -6.2274E-36
      50.20000   -9.7326E-33   -2.1517E-39   -6.1491E-36
      50.30000   -9.8864E-33   -2.2765E-39   -6.0709E-36
      50.40000   -1.0038E-32   -2.4037E-39   -5.9928E-36
      50.50000   -1.0188E-32   -2.5332E-39   -5.9151E-36
      50.60000   -1.0335E-32   -2.6651E-39   -5.8380E-36
      50.70000   -1.0480E-32   -2.7994E-39   -5.7615E-36
      50.80000   -1.0623E-32   -2.9363E-39   -5.6858E-36
      50.90000   -1.0763E-32   -3.0758E-39   -5.6111E-36
      51.00000   -1.0901E-32   -3.2181E-39   -5.5374E-36
      51.10000   -1.1036E-32   -3.3631E-39   -5.4648E-36
      51.20000   -1.1169E-32   -3.5111E-39   -5.3935E-36
      51.30000   -1.1299E-32   -3.6621E-39   -5.3235E-36
      51.40000   -1.1426E-32   -3.8163E-39   -5.2548E-36
      51.50000   -1.1551E-32   -3.9737E-39   -5.1876E-36
      51.60000   -1.1674E-32   -4.1346E-39   -5.1219E-36
      51.70000   -1.1794E-32   -4.2991E-39   -5.0577E-36
      51.80000   -1.1913E-32   -4.4673E-39   -4.9951E-36
      51.90000   -1.2029E-32   -4.6395E-39   -4.9341E-36
      52.00000   -1.2143E-32   -4.8158E-39   -4.8748E-36
      52.10000   -1.2121E-32   -5.0099E-39   -4.8508E-36
      52.20000   -1.2076E-32   -5.2133E-39   -4.8329E-36
      52.30000   -1.2032E-32   -5.4241E-39   -4.8155E-36
      52.40000   -1.2117E-32   -5.6253E-39   -4.7664E-36
      52.50000   -1.2223E-32   -5.8292E-39   -4.7137E-36
      52.60000   -1.2328E-32   -6.0388E-39   -4.6628E-36
      52.70000   -1.2432E-32   -6.2545E-39   -4.6138E-36
      52.80000   -1.2536E-32   -6.4767E-39   -4.5667E-36
      52.90000   -1.2639E-32   -6.7058E-39   -4.5217E-36
      53.00000   -1.2743E-32   -6.9425E-39   -4.4786E-36
      53.10000   -1.2847E-32   -7.1872E-39   -4.4376E-36
      53.20000   -1.2952E-32   -7.4406E-39   -4.3987E-36
      53.30000   -1.3058E-32   -7.7034E-39   -4.3620E-36
      53.40000   -1.3165E-32   -7.9766E-39   -4.3275E-36
      53.50000   -1.3275E-32   -8.2611E-39   -4.2954E-36
      53.60000   -1.3387E-32   -8.5580E-39   -4.2657E-36
      53.70000   -1.3503E-32   -8.8686E-39   -4.2385E-36
      53.80000   -1.3623E-32   -9.1945E-39   -4.2140E-36
      53.90000   -1.3748E-32   -9.5375E-39   -4.1925E-36
      54.00000   -1.3879E-32   -9.8998E-39   -4.1740E-36
      54.10000   -1.4017E-32   -1.0284E-38   -4.1590E-36
      54.20000   -1.4165E-32   -1.0694E-38   -4.1477E-36
      54.30000   -1.4323E-32   -1.1133E-38   -4.1407E-36
      54.40000   -1.4496E-32   -1.1607E-38   -4.1386E-36
      54.50000   -1.4686E-32   -1.2123E-38   -4.1421E-36
      54.60000   -1.4897E-32   -1.2689E-38   -4.1525E-36
      54.70000   -1.5138E-32   -1.3320E-38   -4.1712E-36
      54.80000   -1.5358E-32   -1.4066E-38   -4.2121E-36
      54.90000   -1.5588E-32   -1.4950E-38   -4.2751E-36
      55.00000   -1.5891E-32   -1.5997E-38   -4.3580E-36
      55.10000   -1.6304E-32   -1.7290E-38   -4.4715E-36
      55.20000   -1.6909E-32   -1.9001E-38   -4.6375E-36
      55.30000   -1.7885E-32   -2.1513E-38   -4.9051E-36
      55.40000   -1.8811E-32   -2.4021E-38   -5.1589E-36
      55.50000   -1.7386E-32   -2.1597E-38   -4.7683E-36
      55.60000   -1.6299E-32   -1.9558E-38   -4.4702E-36
      55.70000   -1.5612E-32   -1.8103E-38   -4.2816E-36
      55.80000   -1.5152E-32   -1.6916E-38   -4.1555E-36
      55.90000   -1.4842E-32   -1.5861E-38   -4.0704E-36
      56.00000   -1.4611E-32   -1.4938E-38   -4.0071E-36
      56.10000   -1.4429E-32   -1.4138E-38   -3.9572E-36
      56.20000   -1.4283E-32   -1.3429E-38   -3.9172E-36
      56.30000   -1.4165E-32   -1.2790E-38   -3.8847E-36
      56.40000   -1.4068E-32   -1.2209E-38   -3.8583E-36
      56.50000   -1.3990E-32   -1.1674E-38   -3.8367E-36
      56.60000   -1.3964E-32   -1.1162E-38   -3.8118E-36
      56.70000   -1.3977E-32   -1.0673E-38   -3.7850E-36
      56.80000   -1.4000E-32   -1.0215E-38   -3.7614E-36
      56.90000   -1.4032E-32   -9.7857E-39   -3.7405E-36
      57.00000   -1.4070E-32   -9.3811E-39   -3.7220E-36
      57.10000   -1.4116E-32   -8.9987E-39   -3.7057E-36
      57.20000   -1.4167E-32   -8.6364E-39   -3.6912E-36
      57.30000   -1.4223E-32   -8.2924E-39   -3.6785E-36
      57.40000   -1.4285E-32   -7.9652E-39   -3.6673E-36
      57.50000   -1.4351E-32   -7.6533E-39   -3.6576E-36
      57.60000   -1.4421E-32   -7.3557E-39   -3.6491E-36
      57.70000   -1.4494E-32   -7.0713E-39   -3.6418E-36
      57.80000   -1.4572E-32   -6.7992E-39   -3.6356E-36
      57.90000   -1.4653E-32   -6.5386E-39   -3.6305E-36
      58.00000   -1.4737E-32   -6.2887E-39   -3.6262E-36
      58.10000   -1.4823E-32   -6.0489E-39   -3.6228E-36
      58.20000   -1.4913E-32   -5.8187E-39   -3.6202E-36
      58.30000   -1.5005E-32   -5.5976E-39   -3.6183E-36
      58.40000   -1.5100E-32   -5.3849E-39   -3.6170E-36
      58.50000   -1.5197E-32   -5.1804E-39   -3.6164E-36
      58.60000   -1.5296E-32   -4.9836E-39   -3.6163E-36
      58.70000   -1.5397E-32   -4.7942E-39   -3.6168E-36
      58.80000   -1.5501E-32   -4.6118E-39   -3.6177E-36
      58.90000   -1.5606E-32   -4.4362E-39   -3.6190E-36
      59.00000   -1.5694E-32   -4.2684E-39   -3.6233E-36
      59.10000   -1.5741E-32   -4.1097E-39   -3.6342E-36
      59.20000   -1.5790E-32   -3.9564E-39   -3.6454E-36
      59.30000   -1.5858E-32   -3.8074E-39   -3.6543E-36
      59.40000   -1.5968E-32   -3.6614E-39   -3.6573E-36
      59.50000   -1.6080E-32   -3.5206E-39   -3.6604E-36
      59.60000   -1.6193E-32   -3.3850E-39   -3.6636E-36
      59.70000   -1.6306E-32   -3.2544E-39   -3.6669E-36
      59.80000   -1.6420E-32   -3.1286E-39   -3.6702E-36
      59.90000   -1.6535E-32   -3.0074E-39   -3.6734E-36
      60.00000   -1.6649E-32   -2.8908E-39   -3.6766E-36
      60.10000   -1.6764E-32   -2.7786E-39   -3.6796E-36
      60.20000   -1.6879E-32   -2.6706E-39   -3.6824E-36
      60.30000   -1.6993E-32   -2.5668E-39   -3.6850E-36
      60.40000   -1.7107E-32   -2.4670E-39   -3.6873E-36
      60.50000   -1.7220E-32   -2.3712E-39   -3.6893E-36
      60.60000   -1.7333E-32   -2.2792E-39   -3.6908E-36
      60.70000   -1.7444E-32   -2.1909E-39   -3.6920E-36
      60.80000   -1.7554E-32   -2.1062E-39   -3.6926E-36
      60.90000   -1.7662E-32   -2.0251E-39   -3.6927E-36
      61.00000   -1.7769E-32   -1.9474E-39   -3.6922E-36
      61.10000   -1.7874E-32   -1.8730E-39   -3.6910E-36
      61.20000   -1.7976E-32   -1.8020E-39   -3.6891E-36
      61.30000   -1.8076E-32   -1.7341E-39   -3.6865E-36
      61.40000   -1.8173E-32   -1.6693E-39   -3.6830E-36
      61.50000   -1.8267E-32   -1.6076E-39   -3.6787E-36
      61.60000   -1.8358E-32   -1.5489E-39   -3.6735E-36
      61.70000   -1.8444E-32   -1.4929E-39   -3.6675E-36
      61.80000   -1.8451E-32   -1.4384E-39   -3.6690E-36
      61.90000   -1.8454E-32   -1.3864E-39   -3.6695E-36
      62.00000   -1.8451E-32   -1.3369E-39   -3.6690E-36
      62.10000   -1.8443E-32   -1.2899E-39   -3.6674E-36
      62.20000   -1.8430E-32   -1.2454E-39   -3.6647E-36
      62.30000   -1.8411E-32   -1.2031E-39   -3.6609E-36
      62.40000   -1.8423E-32   -1.1678E-39   -3.6634E-36
      62.50000   -1.8472E-32   -1.1621E-39   -3.6731E-36
      62.60000   -1.8400E-32   -1.1822E-39   -3.6588E-36
      62.70000   -1.8112E-32   -1.2220E-39   -3.6014E-36
      62.80000   -1.7761E-32   -1.2916E-39   -3.5317E-36
      62.90000   -1.7461E-32   -1.3930E-39   -3.4720E-36
      63.00000   -1.7196E-32   -1.5025E-39   -3.4194E-36
      63.10000   -1.6937E-32   -1.6161E-39   -3.3680E-36
      63.20000   -1.6686E-32   -1.7339E-39   -3.3179E-36
      63.30000   -1.6440E-32   -1.8558E-39   -3.2691E-36
      63.40000   -1.6201E-32   -1.9819E-39   -3.2216E-36
      63.50000   -1.5970E-32   -2.1121E-39   -3.1753E-36
      63.60000   -1.5789E-32   -2.2467E-39   -3.1251E-36
      63.70000   -1.5612E-32   -2.3848E-39   -3.0763E-36
      63.80000   -1.5439E-32   -2.5265E-39   -3.0291E-36
      63.90000   -1.5270E-32   -2.6718E-39   -2.9832E-36
      64.00000   -1.5105E-32   -2.8207E-39   -2.9388E-36
      64.10000   -1.4943E-32   -2.9730E-39   -2.8957E-36
      64.20000   -1.4785E-32   -3.1289E-39   -2.8540E-36
      64.30000   -1.4630E-32   -3.2882E-39   -2.8136E-36
      64.40000   -1.4479E-32   -3.4511E-39   -2.7744E-36
      64.50000   -1.4331E-32   -3.6174E-39   -2.7365E-36
      64.60000   -1.4186E-32   -3.7872E-39   -2.6997E-36
      64.70000   -1.4045E-32   -3.9605E-39   -2.6642E-36
      64.80000   -1.3906E-32   -4.1372E-39   -2.6297E-36
      64.90000   -1.3771E-32   -4.3175E-39   -2.5964E-36
      65.00000   -1.3638E-32   -4.5014E-39   -2.5641E-36
      65.10000   -1.3508E-32   -4.6887E-39   -2.5329E-36
      65.20000   -1.3380E-32   -4.8797E-39   -2.5026E-36
      65.30000   -1.3255E-32   -5.0742E-39   -2.4734E-36
      65.40000   -1.3132E-32   -5.2724E-39   -2.4450E-36
      65.50000   -1.3012E-32   -5.4743E-39   -2.4176E-36
      65.60000   -1.2894E-32   -5.6799E-39   -2.3911E-36
      65.70000   -1.2778E-32   -5.8893E-39   -2.3655E-36
      65.80000   -1.2664E-32   -6.1025E-39   -2.3406E-36
      65.90000   -1.2552E-32   -6.3196E-39   -2.3167E-36
      66.00000   -1.2436E-32   -6.5421E-39   -2.2943E-36
      66.10000   -1.2320E-32   -6.7693E-39   -2.2729E-36
      66.20000   -1.2207E-32   -7.0008E-39   -2.2522E-36
      66.30000   -1.2101E-32   -7.2359E-39   -2.2316E-36
      66.40000   -1.1998E-32   -7.4750E-39   -2.2115E-36
      66.50000   -1.1897E-32   -7.7185E-39   -2.1921E-36
      66.60000   -1.1797E-32   -7.9666E-39   -2.1735E-36
      66.70000   -1.1699E-32   -8.2194E-39   -2.1554E-36
      66.80000   -1.1602E-32   -8.4769E-39   -2.1381E-36
      66.90000   -1.1506E-32   -8.7392E-39   -2.1213E-36
      67.00000   -1.1412E-32   -9.0066E-39   -2.1052E-36
      67.10000   -1.1320E-32   -9.2791E-39   -2.0896E-36
      67.20000   -1.1228E-32   -9.5569E-39   -2.0747E-36
      67.30000   -1.1138E-32   -9.8402E-39   -2.0603E-36
      67.40000   -1.1049E-32   -1.0129E-38   -2.0466E-36
      67.50000   -1.0961E-32   -1.0424E-38   -2.0333E-36
      67.60000   -1.0874E-32   -1.0724E-38   -2.0207E-36
      67.70000   -1.0788E-32   -1.1031E-38   -2.0085E-36
      67.80000   -1.0703E-32   -1.1344E-38   -1.9969E-36
      67.90000   -1.0620E-32   -1.1664E-38   -1.9858E-36
      68.00000   -1.0537E-32   -1.1990E-38   -1.9753E-36
      68.10000   -1.0455E-32   -1.2324E-38   -1.9653E-36
      68.20000   -1.0375E-32   -1.2664E-38   -1.9557E-36
      68.30000   -1.0295E-32   -1.3013E-38   -1.9467E-36
      68.40000   -1.0216E-32   -1.3369E-38   -1.9382E-36
      68.50000   -1.0138E-32   -1.3733E-38   -1.9302E-36
      68.60000   -1.0061E-32   -1.4106E-38   -1.9226E-36
      68.70000   -9.9959E-33   -1.4479E-38   -1.9141E-36
      68.80000   -9.9450E-33   -1.4851E-38   -1.9044E-36
      68.90000   -9.8962E-33   -1.5231E-38   -1.8950E-36
      69.00000   -9.8494E-33   -1.5620E-38   -1.8861E-36
      69.10000   -9.8046E-33   -1.6017E-38   -1.8775E-36
      69.20000   -9.7619E-33   -1.6424E-38   -1.8693E-36
      69.30000   -9.7214E-33   -1.6840E-38   -1.8616E-36
      69.40000   -9.6877E-33   -1.7215E-38   -1.8551E-36
      69.50000   -9.6816E-33   -1.7467E-38   -1.8539E-36
      69.60000   -9.7047E-33   -1.7594E-38   -1.8584E-36
      69.70000   -9.7575E-33   -1.7594E-38   -1.8685E-36
      69.80000   -9.8424E-33   -1.7470E-38   -1.8847E-36
      69.90000   -9.9518E-33   -1.7317E-38   -1.9057E-36
      70.00000   -1.0064E-32   -1.7165E-38   -1.9271E-36
      70.10000   -1.0178E-32   -1.7012E-38   -1.9490E-36
      70.20000   -1.0295E-32   -1.6860E-38   -1.9714E-36
      70.30000   -1.0415E-32   -1.6708E-38   -1.9943E-36
      70.40000   -1.0537E-32   -1.6556E-38   -2.0178E-36
      70.50000   -1.0635E-32   -1.6429E-38   -2.0454E-36
      70.60000   -1.0704E-32   -1.6329E-38   -2.0781E-36
      70.70000   -1.0772E-32   -1.6229E-38   -2.1119E-36
      70.80000   -1.0838E-32   -1.6129E-38   -2.1468E-36
      70.90000   -1.0904E-32   -1.6030E-38   -2.1829E-36
      71.00000   -1.0969E-32   -1.5931E-38   -2.2203E-36
      71.10000   -1.1033E-32   -1.5833E-38   -2.2589E-36
      71.20000   -1.1095E-32   -1.5735E-38   -2.2988E-36
      71.30000   -1.1157E-32   -1.5637E-38   -2.3401E-36
      71.40000   -1.1217E-32   -1.5539E-38   -2.3829E-36
      71.50000   -1.1276E-32   -1.5442E-38   -2.4272E-36
      71.60000   -1.1333E-32   -1.5344E-38   -2.4731E-36
      71.70000   -1.1390E-32   -1.5247E-38   -2.5206E-36
      71.80000   -1.1444E-32   -1.5150E-38   -2.5698E-36
      71.90000   -1.1497E-32   -1.5053E-38   -2.6209E-36
      72.00000   -1.1549E-32   -1.4956E-38   -2.6738E-36
      72.10000   -1.1599E-32   -1.4859E-38   -2.7287E-36
      72.20000   -1.1647E-32   -1.4761E-38   -2.7857E-36
      72.30000   -1.1693E-32   -1.4664E-38   -2.8449E-36
      72.40000   -1.1738E-32   -1.4566E-38   -2.9064E-36
      72.50000   -1.1780E-32   -1.4469E-38   -2.9702E-36
      72.60000   -1.1820E-32   -1.4371E-38   -3.0366E-36
      72.70000   -1.1858E-32   -1.4272E-38   -3.1056E-36
      72.80000   -1.1893E-32   -1.4174E-38   -3.1774E-36
      72.90000   -1.1955E-32   -1.4055E-38   -3.2466E-36
      73.00000   -1.2134E-32   -1.3859E-38   -3.2954E-36
      73.10000   -1.2319E-32   -1.3664E-38   -3.3456E-36
      73.20000   -1.2478E-32   -1.3488E-38   -3.4033E-36
      73.30000   -1.2508E-32   -1.3391E-38   -3.4887E-36
      73.40000   -1.2536E-32   -1.3294E-38   -3.5777E-36
      73.50000   -1.2560E-32   -1.3196E-38   -3.6707E-36
      73.60000   -1.2582E-32   -1.3098E-38   -3.7677E-36
      73.70000   -1.2600E-32   -1.2999E-38   -3.8691E-36
      73.80000   -1.2614E-32   -1.2899E-38   -3.9751E-36
      73.90000   -1.2625E-32   -1.2799E-38   -4.0860E-36
      74.00000   -1.2631E-32   -1.2698E-38   -4.2021E-36
      74.10000   -1.2634E-32   -1.2595E-38   -4.3236E-36
      74.20000   -1.2632E-32   -1.2492E-38   -4.4509E-36
      74.30000   -1.2626E-32   -1.2389E-38   -4.5845E-36
      74.40000   -1.2614E-32   -1.2284E-38   -4.7246E-36
      74.50000   -1.2598E-32   -1.2178E-38   -4.8718E-36
      74.60000   -1.2576E-32   -1.2071E-38   -5.0264E-36
      74.70000   -1.2549E-32   -1.1963E-38   -5.1890E-36
      74.80000   -1.2515E-32   -1.1854E-38   -5.3601E-36
      74.90000   -1.2476E-32   -1.1744E-38   -5.5404E-36
      75.00000   -1.2430E-32   -1.1632E-38   -5.7304E-36
      75.10000   -1.2376E-32   -1.1520E-38   -5.9309E-36
      75.20000   -1.2316E-32   -1.1406E-38   -6.1426E-36
      75.30000   -1.2247E-32   -1.1292E-38   -6.3663E-36
      75.40000   -1.2171E-32   -1.1176E-38   -6.6030E-36
      75.50000   -1.2086E-32   -1.1059E-38   -6.8536E-36
      75.60000   -1.1991E-32   -1.0940E-38   -7.1193E-36
      75.70000   -1.2200E-32   -1.0680E-38   -7.2702E-36
      75.80000   -1.2442E-32   -1.0410E-38   -7.4148E-36
      75.90000   -1.2693E-32   -1.0144E-38   -7.5640E-36
      76.00000   -1.2951E-32   -9.8809E-39   -7.7179E-36
      76.10000   -1.3218E-32   -9.6214E-39   -7.8768E-36
      76.20000   -1.3493E-32   -9.3655E-39   -8.0406E-36
      76.30000   -1.3795E-32   -9.1292E-39   -8.2207E-36
      76.40000   -1.4156E-32   -8.9889E-39   -8.4359E-36
      76.50000   -1.4548E-32   -8.9461E-39   -8.6697E-36
      76.60000   -1.4868E-32   -8.9389E-39   -8.8605E-36
      76.70000   -1.4844E-32   -8.8116E-39   -8.8462E-36
      76.80000   -1.4917E-32   -8.8173E-39   -8.8894E-36
      76.90000   -1.5048E-32   -8.8728E-39   -8.9673E-36
      77.00000   -1.5177E-32   -8.9355E-39   -9.0442E-36
      77.10000   -1.5304E-32   -9.0057E-39   -9.1200E-36
      77.20000   -1.5429E-32   -9.0837E-39   -9.1946E-36
      77.30000   -1.5552E-32   -9.1699E-39   -9.2681E-36
      77.40000   -1.5674E-32   -9.2646E-39   -9.3403E-36
      77.50000   -1.5371E-32   -9.5030E-39   -9.5898E-36
      77.60000   -1.5027E-32   -9.7697E-39   -9.8628E-36
      77.70000   -1.4677E-32   -1.0054E-38   -1.0145E-35
      77.80000   -1.4323E-32   -1.0358E-38   -1.0436E-35
      77.90000   -1.3965E-32   -1.0683E-38   -1.0738E-35
      78.00000   -1.3602E-32   -1.1029E-38   -1.1049E-35
      78.10000   -1.3236E-32   -1.1399E-38   -1.1372E-35
      78.20000   -1.2867E-32   -1.1794E-38   -1.1707E-35
      78.30000   -1.2494E-32   -1.2215E-38   -1.2054E-35
      78.40000   -1.2119E-32   -1.2666E-38   -1.2415E-35
      78.50000   -1.1741E-32   -1.3148E-38   -1.2790E-35
      78.60000   -1.1362E-32   -1.3662E-38   -1.3180E-35
      78.70000   -1.0981E-32   -1.4212E-38   -1.3586E-35
      78.80000   -1.0599E-32   -1.4800E-38   -1.4010E-35
      78.90000   -1.0216E-32   -1.5428E-38   -1.4453E-35
      79.00000   -9.8325E-33   -1.6099E-38   -1.4916E-35
      79.10000   -9.4491E-33   -1.6818E-38   -1.5401E-35
      79.20000   -9.0659E-33   -1.7586E-38   -1.5910E-35
      79.30000   -8.6835E-33   -1.8408E-38   -1.6444E-35
      79.40000   -8.3021E-33   -1.9288E-38   -1.7007E-35
      79.50000   -7.9222E-33   -2.0230E-38   -1.7601E-35
      79.60000   -7.5442E-33   -2.1239E-38   -1.8229E-35
      79.70000   -7.1683E-33   -2.2320E-38   -1.8894E-35
      79.80000   -6.7952E-33   -2.3479E-38   -1.9601E-35
      79.90000   -6.6587E-33   -2.4236E-38   -1.9851E-35
      80.00000   -6.6500E-33   -2.4747E-38   -1.9825E-35
      80.10000   -6.6388E-33   -2.5266E-38   -1.9792E-35
      80.20000   -6.3986E-33   -2.6307E-38   -2.0242E-35
      80.30000   -6.0359E-33   -2.7708E-38   -2.1000E-35
      80.40000   -5.6773E-33   -2.9207E-38   -2.1809E-35
      80.50000   -5.3235E-33   -3.0812E-38   -2.2676E-35
      80.60000   -4.9749E-33   -3.2535E-38   -2.3610E-35
      80.70000   -4.6323E-33   -3.4391E-38   -2.4621E-35
      80.80000   -4.2962E-33   -3.6396E-38   -2.5721E-35
      80.90000   -3.9671E-33   -3.8570E-38   -2.6926E-35
      81.00000   -3.6456E-33   -4.0941E-38   -2.8256E-35
      81.10000   -3.3323E-33   -4.3539E-38   -2.9735E-35
      81.20000   -3.0274E-33   -4.6404E-38   -3.1393E-35
      81.30000   -2.7315E-33   -4.9584E-38   -3.3270E-35
      81.40000   -2.4448E-33   -5.3140E-38   -3.5417E-35
      81.50000   -2.1677E-33   -5.7149E-38   -3.7903E-35
      81.60000   -1.9005E-33   -6.1709E-38   -4.0818E-35
      81.70000   -1.6434E-33   -6.6949E-38   -4.4292E-35
      81.80000   -1.3966E-33   -7.3036E-38   -4.8506E-35
      81.90000   -1.1605E-33   -8.0190E-38   -5.3729E-35
      82.00000   -9.3538E-34   -8.8696E-38   -6.0370E-35
      82.10000   -7.2179E-34   -9.8914E-38   -6.9080E-35
      82.20000   -5.2070E-34   -1.1121E-37   -8.0922E-35
      82.30000   -3.3420E-34   -1.2566E-37   -9.7602E-35
      82.40000   -1.6834E-34   -1.4082E-37   -1.2114E-34
      82.50000   -4.5027E-35   -1.5174E-37   -1.4826E-34
      82.60000   -1.4726E-35   -1.5742E-37   -1.5617E-34
      82.70000   -1.4643E-35   -1.6276E-37   -1.5529E-34
      82.80000   -1.4561E-35   -1.6821E-37   -1.5442E-34
      82.90000   -1.4479E-35   -1.7378E-37   -1.5355E-34
      83.00000   -1.4398E-35   -1.7946E-37   -1.5269E-34
      83.10000   -1.4317E-35   -1.8526E-37   -1.5183E-34
      83.20000   -1.4237E-35   -1.9117E-37   -1.5098E-34
      83.30000   -1.4226E-35   -1.9735E-37   -1.5086E-34
      83.40000   -1.4273E-35   -2.0150E-37   -1.5135E-34
      83.50000   -1.4283E-35   -2.0207E-37   -1.5147E-34
      83.60000   -1.4235E-35   -1.9873E-37   -1.5095E-34
      83.70000   -1.4214E-35   -1.9278E-37   -1.5073E-34
      83.80000   -1.4293E-35   -1.8685E-37   -1.5157E-34
      83.90000   -1.4373E-35   -1.8104E-37   -1.5242E-34
      84.00000   -1.4453E-35   -1.7534E-37   -1.5327E-34
      84.10000   -1.4534E-35   -1.6976E-37   -1.5413E-34
      84.20000   -1.4615E-35   -1.6429E-37   -1.5499E-34
      84.30000   -1.4696E-35   -1.5893E-37   -1.5586E-34
      84.40000   -1.4778E-35   -1.5368E-37   -1.5672E-34
      84.50000   -1.4860E-35   -1.4855E-37   -1.5759E-34
      84.60000   -1.4942E-35   -1.4353E-37   -1.5846E-34
      84.70000   -1.5024E-35   -1.3862E-37   -1.5933E-34
      84.80000   -1.5106E-35   -1.3382E-37   -1.6021E-34
      84.90000   -1.5188E-35   -1.2913E-37   -1.6108E-34
      85.00000   -1.5270E-35   -1.2455E-37   -1.6195E-34
      85.10000   -1.5351E-35   -1.2009E-37   -1.6281E-34
      85.20000   -1.5432E-35   -1.1573E-37   -1.6368E-34
      85.30000   -1.5513E-35   -1.1148E-37   -1.6453E-34
      85.40000   -1.5593E-35   -1.0734E-37   -1.6539E-34
      85.50000   -1.5673E-35   -1.0330E-37   -1.6623E-34
      85.60000   -1.5752E-35   -9.9375E-38   -1.6707E-34
      85.70000   -1.5830E-35   -9.5555E-38   -1.6790E-34
      85.80000   -1.5907E-35   -9.1840E-38   -1.6872E-34
      85.90000   -1.5983E-35   -8.8231E-38   -1.6953E-34
      86.00000   -1.6058E-35   -8.4726E-38   -1.7032E-34
      86.10000   -1.6131E-35   -8.1324E-38   -1.7110E-34
      86.20000   -1.6234E-35   -7.8252E-38   -1.7219E-34
      86.30000   -1.6407E-35   -7.6725E-38   -1.7402E-34
      86.40000   -1.6525E-35   -7.6476E-38   -1.7528E-34
      86.50000   -1.6416E-35   -7.6712E-38   -1.7413E-34
      86.60000   -1.6242E-35   -7.8175E-38   -1.7228E-34
      86.70000   -1.6132E-35   -8.1212E-38   -1.7111E-34
      86.80000   -1.6057E-35   -8.4644E-38   -1.7032E-34
      86.90000   -1.5982E-35   -8.8181E-38   -1.6951E-34
      87.00000   -1.5905E-35   -9.1823E-38   -1.6869E-34
      87.10000   -1.5827E-35   -9.5571E-38   -1.6786E-34
      87.20000   -1.5748E-35   -9.9426E-38   -1.6702E-34
      87.30000   -1.5668E-35   -1.0339E-37   -1.6618E-34
      87.40000   -1.5587E-35   -1.0746E-37   -1.6532E-34
      87.50000   -1.5506E-35   -1.1164E-37   -1.6446E-34
      87.60000   -1.5424E-35   -1.1592E-37   -1.6359E-34
      87.70000   -1.5342E-35   -1.2032E-37   -1.6272E-34
      87.80000   -1.5260E-35   -1.2483E-37   -1.6184E-34
      87.90000   -1.5177E-35   -1.2945E-37   -1.6096E-34
      88.00000   -1.5095E-35   -1.3418E-37   -1.6009E-34
      88.10000   -1.5012E-35   -1.3902E-37   -1.5921E-34
      88.20000   -1.4929E-35   -1.4397E-37   -1.5833E-34
      88.30000   -1.4847E-35   -1.4904E-37   -1.5745E-34
      88.40000   -1.4764E-35   -1.5422E-37   -1.5658E-34
      88.50000   -1.4682E-35   -1.5951E-37   -1.5570E-34
      88.60000   -1.4600E-35   -1.6492E-37   -1.5483E-34
      88.70000   -1.4518E-35   -1.7044E-37   -1.5397E-34
      88.80000   -1.4437E-35   -1.7608E-37   -1.5310E-34
      88.90000   -1.4357E-35   -1.8182E-37   -1.5225E-34
      89.00000   -1.4276E-35   -1.8769E-37   -1.5139E-34
      89.10000   -1.4197E-35   -1.9367E-37   -1.5055E-34
      89.20000   -1.4209E-35   -1.9976E-37   -1.5068E-34
      89.30000   -1.4258E-35   -2.0336E-37   -1.5119E-34
      89.40000   -1.4252E-35   -2.0310E-37   -1.5113E-34
      89.50000   -1.4204E-35   -1.9915E-37   -1.5063E-34
      89.60000   -1.4208E-35   -1.9300E-37   -1.5067E-34
      89.70000   -1.4288E-35   -1.8709E-37   -1.5151E-34
      89.80000   -1.4368E-35   -1.8130E-37   -1.5237E-34
      89.90000   -1.4449E-35   -1.7561E-37   -1.5323E-34
      90.00000   -1.4530E-35   -1.7004E-37   -1.5409E-34
      90.10000   -1.4612E-35   -1.6459E-37   -1.5496E-34
      90.20000   -1.4694E-35   -1.5924E-37   -1.5583E-34
      90.30000   -1.4776E-35   -1.5401E-37   -1.5670E-34
      90.40000   -1.4859E-35   -1.4889E-37   -1.5758E-34
      90.50000   -1.4941E-35   -1.4387E-37   -1.5846E-34
      90.60000   -1.5024E-35   -1.3897E-37   -1.5934E-34
      90.70000   -1.5107E-35   -1.3418E-37   -1.6021E-34
      90.80000   -1.5189E-35   -1.2950E-37   -1.6109E-34
      90.90000   -1.5272E-35   -1.2493E-37   -1.6197E-34
      91.00000   -1.5354E-35   -1.2047E-37   -1.6284E-34
      91.10000   -1.5436E-35   -1.1612E-37   -1.6371E-34
      91.20000   -1.5518E-35   -1.1188E-37   -1.6458E-34
      91.30000   -1.5599E-35   -1.0774E-37   -1.6544E-34
      91.40000   -1.5679E-35   -1.0371E-37   -1.6629E-34
      91.50000   -1.5759E-35   -9.9788E-38   -1.6714E-34
      91.60000   -1.5838E-35   -9.5972E-38   -1.6798E-34
      91.70000   -1.5915E-35   -9.2260E-38   -1.6880E-34
      91.80000   -1.5992E-35   -8.8654E-38   -1.6962E-34
      91.90000   -1.6068E-35   -8.5151E-38   -1.7042E-34
      92.00000   -1.6142E-35   -8.1752E-38   -1.7121E-34
      92.10000   -1.6265E-35   -7.8904E-38   -1.7252E-34
      92.20000   -1.6439E-35   -7.7677E-38   -1.7436E-34
      92.30000   -1.6521E-35   -7.7560E-38   -1.7523E-34
      92.40000   -1.6383E-35   -7.7956E-38   -1.7376E-34
      92.50000   -1.6210E-35   -7.9728E-38   -1.7193E-34
      92.60000   -1.6120E-35   -8.2976E-38   -1.7097E-34
      92.70000   -1.6046E-35   -8.6443E-38   -1.7019E-34
      92.80000   -1.5971E-35   -9.0014E-38   -1.6939E-34
      92.90000   -1.5894E-35   -9.3690E-38   -1.6858E-34
      93.00000   -1.5817E-35   -9.7473E-38   -1.6776E-34
      93.10000   -1.5739E-35   -1.0136E-37   -1.6693E-34
      93.20000   -1.5660E-35   -1.0536E-37   -1.6609E-34
      93.30000   -1.5580E-35   -1.0947E-37   -1.6524E-34
      93.40000   -1.5499E-35   -1.1368E-37   -1.6438E-34
      93.50000   -1.5419E-35   -1.1801E-37   -1.6352E-34
      93.60000   -1.5337E-35   -1.2244E-37   -1.6266E-34
      93.70000   -1.5256E-35   -1.2698E-37   -1.6179E-34
      93.80000   -1.5174E-35   -1.3164E-37   -1.6092E-34
      93.90000   -1.5092E-35   -1.3641E-37   -1.6005E-34
      94.00000   -1.5010E-35   -1.4129E-37   -1.5918E-34
      94.10000   -1.4928E-35   -1.4628E-37   -1.5831E-34
      94.20000   -1.4846E-35   -1.5138E-37   -1.5745E-34
      94.30000   -1.4765E-35   -1.5660E-37   -1.5658E-34
      94.40000   -1.4683E-35   -1.6193E-37   -1.5571E-34
      94.50000   -1.4602E-35   -1.6738E-37   -1.5485E-34
      94.60000   -1.4522E-35   -1.7294E-37   -1.5400E-34
      94.70000   -1.4441E-35   -1.7861E-37   -1.5314E-34
      94.80000   -1.4361E-35   -1.8440E-37   -1.5229E-34
      94.90000   -1.4282E-35   -1.9031E-37   -1.5145E-34
      95.00000   -1.4212E-35   -1.9644E-37   -1.5071E-34
      95.10000   -1.4241E-35   -2.0218E-37   -1.5102E-34
      95.20000   -1.4288E-35   -2.0514E-37   -1.5151E-34
      95.30000   -1.4267E-35   -2.0403E-37   -1.5129E-34
      95.40000   -1.4224E-35   -1.9950E-37   -1.5083E-34
      95.50000   -1.4250E-35   -1.9325E-37   -1.5111E-34
      95.60000   -1.4332E-35   -1.8735E-37   -1.5198E-34
      95.70000   -1.4413E-35   -1.8155E-37   -1.5285E-34
      95.80000   -1.4496E-35   -1.7587E-37   -1.5372E-34
      95.90000   -1.4578E-35   -1.7031E-37   -1.5460E-34
      96.00000   -1.4661E-35   -1.6485E-37   -1.5548E-34
      96.10000   -1.4745E-35   -1.5951E-37   -1.5636E-34
      96.20000   -1.4828E-35   -1.5428E-37   -1.5725E-34
      96.30000   -1.4912E-35   -1.4916E-37   -1.5814E-34
      96.40000   -1.4996E-35   -1.4415E-37   -1.5904E-34
      96.50000   -1.5081E-35   -1.3925E-37   -1.5993E-34
      96.60000   -1.5165E-35   -1.3446E-37   -1.6082E-34
      96.70000   -1.5249E-35   -1.2979E-37   -1.6172E-34
      96.80000   -1.5333E-35   -1.2522E-37   -1.6261E-34
      96.90000   -1.5416E-35   -1.2076E-37   -1.6350E-34
      97.00000   -1.5500E-35   -1.1641E-37   -1.6438E-34
      97.10000   -1.5583E-35   -1.1217E-37   -1.6526E-34
      97.20000   -1.5665E-35   -1.0803E-37   -1.6614E-34
      97.30000   -1.5747E-35   -1.0400E-37   -1.6700E-34
      97.40000   -1.5828E-35   -1.0008E-37   -1.6787E-34
      97.50000   -1.5908E-35   -9.6270E-38   -1.6872E-34
      97.60000   -1.5987E-35   -9.2561E-38   -1.6956E-34
      97.70000   -1.6065E-35   -8.8958E-38   -1.7039E-34
      97.80000   -1.6142E-35   -8.5458E-38   -1.7120E-34
      97.90000   -1.6217E-35   -8.2063E-38   -1.7200E-34
      98.00000   -1.6363E-35   -7.9503E-38   -1.7355E-34
      98.10000   -1.6535E-35   -7.8564E-38   -1.7537E-34
      98.20000   -1.6571E-35   -7.8527E-38   -1.7575E-34
      98.30000   -1.6414E-35   -7.9128E-38   -1.7409E-34
      98.40000   -1.6244E-35   -8.1211E-38   -1.7228E-34
      98.50000   -1.6172E-35   -8.4593E-38   -1.7152E-34
      98.60000   -1.6098E-35   -8.8079E-38   -1.7074E-34
      98.70000   -1.6023E-35   -9.1671E-38   -1.6994E-34
      98.80000   -1.5947E-35   -9.5368E-38   -1.6913E-34
      98.90000   -1.5870E-35   -9.9172E-38   -1.6831E-34
      99.00000   -1.5792E-35   -1.0308E-37   -1.6748E-34
      99.10000   -1.5713E-35   -1.0710E-37   -1.6664E-34
      99.20000   -1.5633E-35   -1.1123E-37   -1.6579E-34
      99.30000   -1.5553E-35   -1.1547E-37   -1.6494E-34
      99.40000   -1.5472E-35   -1.1982E-37   -1.6408E-34
      99.50000   -1.5391E-35   -1.2427E-37   -1.6322E-34
      99.60000   -1.5309E-35   -1.2884E-37   -1.6235E-34
      99.70000   -1.5227E-35   -1.3352E-37   -1.6148E-34
      99.80000   -1.5145E-35   -1.3831E-37   -1.6061E-34
      99.90000   -1.5063E-35   -1.4322E-37   -1.5974E-34
     100.00000   -1.4982E-35   -1.4824E-37   -1.5887E-34
     100.10000   -1.4900E-35   -1.5337E-37   -1.5801E-34
     100.20000   -1.4818E-35   -1.5861E-37   -1.5714E-34
     100.30000   -1.4737E-35   -1.6397E-37   -1.5627E-34
     100.40000   -1.4656E-35   -1.6944E-37   -1.5541E-34
     100.50000   -1.4575E-35   -1.7503E-37   -1.5455E-34
     100.60000   -1.4494E-35   -1.8073E-37   -1.5370E-34
     100.70000   -1.4414E-35   -1.8654E-37   -1.5285E-34
     100.80000   -1.4335E-35   -1.9248E-37   -1.5201E-34
     100.90000   -1.4283E-35   -1.9875E-37   -1.5146E-34
     101.00000   -1.4321E-35   -2.0403E-37   -1.5186E-34
     101.10000   -1.4360E-35   -2.0627E-37   -1.5228E-34
     101.20000   -1.4327E-35   -2.0434E-37   -1.5192E-34
     101.30000   -1.4289E-35   -1.9930E-37   -1.5152E-34
     101.40000   -1.4337E-35   -1.9306E-37   -1.5203E-34
     101.50000   -1.4420E-35   -1.8718E-37   -1.5290E-34
     101.60000   -1.4502E-35   -1.8141E-37   -1.5378E-34
     101.70000   -1.4585E-35   -1.7576E-37   -1.5467E-34
     101.80000   -1.4669E-35   -1.7021E-37   -1.5555E-34
     101.90000   -1.4753E-35   -1.6478E-37   -1.5644E-34
     102.00000   -1.4837E-35   -1.5946E-37   -1.5734E-34
     102.10000   -1.4922E-35   -1.5426E-37   -1.5823E-34
     102.20000   -1.5006E-35   -1.4916E-37   -1.5913E-34
     102.30000   -1.5091E-35   -1.4417E-37   -1.6003E-34
     102.40000   -1.5176E-35   -1.3930E-37   -1.6093E-34
     102.50000   -1.5261E-35   -1.3453E-37   -1.6184E-34
     102.60000   -1.5346E-35   -1.2988E-37   -1.6274E-34
     102.70000   -1.5430E-35   -1.2533E-37   -1.6363E-34
     102.80000   -1.5514E-35   -1.2090E-37   -1.6453E-34
     102.90000   -1.5598E-35   -1.1657E-37   -1.6542E-34
     103.00000   -1.5682E-35   -1.1235E-37   -1.6630E-34
     103.10000   -1.5765E-35   -1.0824E-37   -1.6718E-34
     103.20000   -1.5847E-35   -1.0423E-37   -1.6806E-34
     103.30000   -1.5928E-35   -1.0033E-37   -1.6892E-34
     103.40000   -1.6009E-35   -9.6543E-38   -1.6977E-34
     103.50000   -1.6088E-35   -9.2857E-38   -1.7062E-34
     103.60000   -1.6166E-35   -8.9276E-38   -1.7145E-34
     103.70000   -1.6243E-35   -8.5800E-38   -1.7226E-34
     103.80000   -1.6318E-35   -8.2427E-38   -1.7306E-34
     103.90000   -1.6485E-35   -8.0237E-38   -1.7483E-34
     104.00000   -1.6650E-35   -7.9584E-38   -1.7658E-34
     104.10000   -1.6633E-35   -7.9622E-38   -1.7641E-34
     104.20000   -1.6465E-35   -8.0486E-38   -1.7462E-34
     104.30000   -1.6314E-35   -8.2958E-38   -1.7301E-34
     104.40000   -1.6240E-35   -8.6378E-38   -1.7223E-34
     104.50000   -1.6165E-35   -8.9903E-38   -1.7144E-34
     104.60000   -1.6089E-35   -9.3534E-38   -1.7063E-34
     104.70000   -1.6011E-35   -9.7272E-38   -1.6980E-34
     104.80000   -1.5933E-35   -1.0112E-37   -1.6897E-34
     104.90000   -1.5853E-35   -1.0507E-37   -1.6812E-34
     105.00000   -1.5773E-35   -1.0913E-37   -1.6727E-34
     105.10000   -1.5692E-35   -1.1331E-37   -1.6641E-34
     105.20000   -1.5610E-35   -1.1759E-37   -1.6554E-34
     105.30000   -1.5528E-35   -1.2198E-37   -1.6467E-34
     105.40000   -1.5446E-35   -1.2648E-37   -1.6380E-34
     105.50000   -1.5363E-35   -1.3110E-37   -1.6292E-34
     105.60000   -1.5280E-35   -1.3583E-37   -1.6204E-34
     105.70000   -1.5197E-35   -1.4066E-37   -1.6115E-34
     105.80000   -1.5114E-35   -1.4562E-37   -1.6027E-34
     105.90000   -1.5031E-35   -1.5068E-37   -1.5939E-34
     106.00000   -1.4948E-35   -1.5586E-37   -1.5851E-34
     106.10000   -1.4865E-35   -1.6115E-37   -1.5763E-34
     106.20000   -1.4783E-35   -1.6656E-37   -1.5676E-34
     106.30000   -1.4701E-35   -1.7208E-37   -1.5588E-34
     106.40000   -1.4619E-35   -1.7772E-37   -1.5501E-34
     106.50000   -1.4537E-35   -1.8347E-37   -1.5415E-34
     106.60000   -1.4456E-35   -1.8934E-37   -1.5329E-34
     106.70000   -1.4376E-35   -1.9532E-37   -1.5243E-34
     106.80000   -1.4343E-35   -2.0168E-37   -1.5209E-34
     106.90000   -1.4387E-35   -2.0648E-37   -1.5255E-34
     107.00000   -1.4414E-35   -2.0795E-37   -1.5284E-34
     107.10000   -1.4371E-35   -2.0527E-37   -1.5238E-34
     107.20000   -1.4341E-35   -1.9973E-37   -1.5206E-34
     107.30000   -1.4407E-35   -1.9359E-37   -1.5277E-34
     107.40000   -1.4489E-35   -1.8773E-37   -1.5364E-34
     107.50000   -1.4572E-35   -1.8199E-37   -1.5451E-34
     107.60000   -1.4655E-35   -1.7635E-37   -1.5540E-34
     107.70000   -1.4738E-35   -1.7083E-37   -1.5628E-34
     107.80000   -1.4822E-35   -1.6541E-37   -1.5717E-34
     107.90000   -1.4906E-35   -1.6011E-37   -1.5806E-34
     108.00000   -1.4990E-35   -1.5492E-37   -1.5896E-34
     108.10000   -1.5075E-35   -1.4984E-37   -1.5985E-34
     108.20000   -1.5159E-35   -1.4488E-37   -1.6075E-34
     108.30000   -1.5244E-35   -1.4002E-37   -1.6165E-34
     108.40000   -1.5328E-35   -1.3527E-37   -1.6254E-34
     108.50000   -1.5413E-35   -1.3063E-37   -1.6344E-34
     108.60000   -1.5497E-35   -1.2610E-37   -1.6433E-34
     108.70000   -1.5580E-35   -1.2168E-37   -1.6522E-34
     108.80000   -1.5664E-35   -1.1737E-37   -1.6611E-34
     108.90000   -1.5747E-35   -1.1317E-37   -1.6699E-34
     109.00000   -1.5829E-35   -1.0907E-37   -1.6786E-34
     109.10000   -1.5910E-35   -1.0508E-37   -1.6872E-34
     109.20000   -1.5991E-35   -1.0120E-37   -1.6958E-34
     109.30000   -1.6071E-35   -9.7421E-38   -1.7042E-34
     109.40000   -1.6149E-35   -9.3750E-38   -1.7126E-34
     109.50000   -1.6226E-35   -9.0184E-38   -1.7208E-34
     109.60000   -1.6302E-35   -8.6722E-38   -1.7288E-34
     109.70000   -1.6388E-35   -8.3434E-38   -1.7380E-34
     109.80000   -1.6564E-35   -8.1606E-38   -1.7566E-34
     109.90000   -1.6712E-35   -8.1206E-38   -1.7723E-34
     110.00000   -1.6644E-35   -8.1326E-38   -1.7651E-34
     110.10000   -1.6469E-35   -8.2488E-38   -1.7465E-34
     110.20000   -1.6337E-35   -8.5308E-38   -1.7325E-34
     110.30000   -1.6261E-35   -8.8782E-38   -1.7245E-34
     110.40000   -1.6185E-35   -9.2362E-38   -1.7163E-34
     110.50000   -1.6107E-35   -9.6049E-38   -1.7081E-34
     110.60000   -1.6027E-35   -9.9844E-38   -1.6996E-34
     110.70000   -1.5947E-35   -1.0375E-37   -1.6911E-34
     110.80000   -1.5866E-35   -1.0776E-37   -1.6825E-34
     110.90000   -1.5784E-35   -1.1188E-37   -1.6738E-34
     111.00000   -1.5702E-35   -1.1611E-37   -1.6651E-34
     111.10000   -1.5619E-35   -1.2044E-37   -1.6563E-34
     111.20000   -1.5535E-35   -1.2489E-37   -1.6474E-34
     111.30000   -1.5452E-35   -1.2946E-37   -1.6385E-34
     111.40000   -1.5368E-35   -1.3413E-37   -1.6296E-34
     111.50000   -1.5283E-35   -1.3891E-37   -1.6206E-34
     111.60000   -1.5199E-35   -1.4381E-37   -1.6117E-34
     111.70000   -1.5115E-35   -1.4882E-37   -1.6028E-34
     111.80000   -1.5031E-35   -1.5394E-37   -1.5938E-34
     111.90000   -1.4947E-35   -1.5918E-37   -1.5849E-34
     112.00000   -1.4863E-35   -1.6453E-37   -1.5760E-34
     112.10000   -1.4780E-35   -1.6999E-37   -1.5672E-34
     112.20000   -1.4697E-35   -1.7557E-37   -1.5583E-34
     112.30000   -1.4614E-35   -1.8127E-37   -1.5496E-34
     112.40000   -1.4531E-35   -1.8708E-37   -1.5408E-34
     112.50000   -1.4450E-35   -1.9300E-37   -1.5321E-34
     112.60000   -1.4368E-35   -1.9904E-37   -1.5235E-34
     112.70000   -1.4357E-35   -2.0538E-37   -1.5223E-34
     112.80000   -1.4405E-35   -2.0967E-37   -1.5273E-34
     112.90000   -1.4416E-35   -2.1029E-37   -1.5285E-34
     113.00000   -1.4367E-35   -2.0689E-37   -1.5234E-34
     113.10000   -1.4347E-35   -2.0084E-37   -1.5212E-34
     113.20000   -1.4428E-35   -1.9485E-37   -1.5299E-34
     113.30000   -1.4510E-35   -1.8897E-37   -1.5386E-34
     113.40000   -1.4593E-35   -1.8320E-37   -1.5473E-34
     113.50000   -1.4675E-35   -1.7754E-37   -1.5561E-34
     113.60000   -1.4759E-35   -1.7200E-37   -1.5649E-34
     113.70000   -1.4842E-35   -1.6656E-37   -1.5738E-34
     113.80000   -1.4926E-35   -1.6124E-37   -1.5827E-34
     113.90000   -1.5010E-35   -1.5603E-37   -1.5916E-34
     114.00000   -1.5094E-35   -1.5094E-37   -1.6005E-34
     114.10000   -1.5178E-35   -1.4595E-37   -1.6094E-34
     114.20000   -1.5262E-35   -1.4107E-37   -1.6184E-34
     114.30000   -1.5346E-35   -1.3631E-37   -1.6273E-34
     114.40000   -1.5430E-35   -1.3165E-37   -1.6362E-34
     114.50000   -1.5514E-35   -1.2710E-37   -1.6451E-34
     114.60000   -1.5597E-35   -1.2267E-37   -1.6539E-34
     114.70000   -1.5680E-35   -1.1834E-37   -1.6627E-34
     114.80000   -1.5763E-35   -1.1412E-37   -1.6715E-34
     114.90000   -1.5845E-35   -1.1000E-37   -1.6802E-34
     115.00000   -1.5926E-35   -1.0600E-37   -1.6888E-34
     115.10000   -1.6006E-35   -1.0210E-37   -1.6973E-34
     115.20000   -1.6085E-35   -9.8309E-38   -1.7057E-34
     115.30000   -1.6163E-35   -9.4623E-38   -1.7140E-34
     115.40000   -1.6240E-35   -9.1042E-38   -1.7222E-34
     115.50000   -1.6316E-35   -8.7566E-38   -1.7302E-34
     115.60000   -1.6421E-35   -8.4433E-38   -1.7414E-34
     115.70000   -1.6597E-35   -8.2906E-38   -1.7601E-34
     115.80000   -1.6718E-35   -8.2679E-38   -1.7729E-34
     115.90000   -1.6608E-35   -8.2891E-38   -1.7612E-34
     116.00000   -1.6431E-35   -8.4347E-38   -1.7425E-34
     116.10000   -1.6319E-35   -8.7437E-38   -1.7305E-34
     116.20000   -1.6243E-35   -9.0940E-38   -1.7225E-34
     116.30000   -1.6166E-35   -9.4549E-38   -1.7143E-34
     116.40000   -1.6087E-35   -9.8263E-38   -1.7059E-34
     116.50000   -1.6007E-35   -1.0208E-37   -1.6975E-34
     116.60000   -1.5927E-35   -1.0601E-37   -1.6889E-34
     116.70000   -1.5845E-35   -1.1005E-37   -1.6803E-34
     116.80000   -1.5763E-35   -1.1419E-37   -1.6715E-34
     116.90000   -1.5680E-35   -1.1845E-37   -1.6628E-34
     117.00000   -1.5597E-35   -1.2281E-37   -1.6539E-34
     117.10000   -1.5513E-35   -1.2728E-37   -1.6450E-34
     117.20000   -1.5429E-35   -1.3187E-37   -1.6361E-34
     117.30000   -1.5345E-35   -1.3656E-37   -1.6272E-34
     117.40000   -1.5261E-35   -1.4137E-37   -1.6182E-34
     117.50000   -1.5176E-35   -1.4628E-37   -1.6093E-34
     117.60000   -1.5092E-35   -1.5131E-37   -1.6003E-34
     117.70000   -1.5008E-35   -1.5645E-37   -1.5914E-34
     117.80000   -1.4924E-35   -1.6170E-37   -1.5824E-34
     117.90000   -1.4840E-35   -1.6707E-37   -1.5735E-34
     118.00000   -1.4756E-35   -1.7255E-37   -1.5647E-34
     118.10000   -1.4673E-35   -1.7814E-37   -1.5558E-34
     118.20000   -1.4590E-35   -1.8384E-37   -1.5470E-34
     118.30000   -1.4508E-35   -1.8966E-37   -1.5383E-34
     118.40000   -1.4426E-35   -1.9560E-37   -1.5296E-34
     118.50000   -1.4345E-35   -2.0164E-37   -1.5210E-34
     118.60000   -1.4357E-35   -2.0782E-37   -1.5223E-34
     118.70000   -1.4406E-35   -2.1148E-37   -1.5274E-34
     118.80000   -1.4400E-35   -2.1118E-37   -1.5268E-34
     118.90000   -1.4352E-35   -2.0711E-37   -1.5217E-34
     119.00000   -1.4356E-35   -2.0082E-37   -1.5221E-34
     119.10000   -1.4437E-35   -1.9479E-37   -1.5308E-34
     119.20000   -1.4519E-35   -1.8887E-37   -1.5395E-34
     119.30000   -1.4601E-35   -1.8307E-37   -1.5482E-34
     119.40000   -1.4684E-35   -1.7738E-37   -1.5570E-34
     119.50000   -1.4768E-35   -1.7180E-37   -1.5659E-34
     119.60000   -1.4851E-35   -1.6634E-37   -1.5747E-34
     119.70000   -1.4935E-35   -1.6099E-37   -1.5836E-34
     119.80000   -1.5019E-35   -1.5575E-37   -1.5926E-34
     119.90000   -1.5103E-35   -1.5062E-37   -1.6015E-34
     120.00000   -1.5188E-35   -1.4561E-37   -1.6105E-34
     120.10000   -1.5272E-35   -1.4071E-37   -1.6194E-34
     120.20000   -1.5357E-35   -1.3592E-37   -1.6284E-34
     120.30000   -1.5441E-35   -1.3124E-37   -1.6373E-34
     120.40000   -1.5525E-35   -1.2667E-37   -1.6462E-34
     120.50000   -1.5608E-35   -1.2221E-37   -1.6551E-34
     120.60000   -1.5692E-35   -1.1787E-37   -1.6639E-34
     120.70000   -1.5774E-35   -1.1363E-37   -1.6727E-34
     120.80000   -1.5856E-35   -1.0950E-37   -1.6814E-34
     120.90000   -1.5938E-35   -1.0548E-37   -1.6901E-34
     121.00000   -1.6018E-35   -1.0156E-37   -1.6986E-34
     121.10000   -1.6098E-35   -9.7755E-38   -1.7071E-34
     121.20000   -1.6176E-35   -9.4055E-38   -1.7154E-34
     121.30000   -1.6253E-35   -9.0461E-38   -1.7236E-34
     121.40000   -1.6329E-35   -8.6972E-38   -1.7316E-34
     121.50000   -1.6455E-35   -8.4057E-38   -1.7450E-34
     121.60000   -1.6631E-35   -8.2810E-38   -1.7637E-34
     121.70000   -1.6714E-35   -8.2677E-38   -1.7725E-34
     121.80000   -1.6573E-35   -8.3020E-38   -1.7576E-34
     121.90000   -1.6398E-35   -8.4762E-38   -1.7389E-34
     122.00000   -1.6305E-35   -8.8030E-38   -1.7291E-34
     122.10000   -1.6230E-35   -9.1520E-38   -1.7211E-34
     122.20000   -1.6153E-35   -9.5115E-38   -1.7129E-34
     122.30000   -1.6074E-35   -9.8816E-38   -1.7046E-34
     122.40000   -1.5995E-35   -1.0262E-37   -1.6962E-34
     122.50000   -1.5915E-35   -1.0653E-37   -1.6876E-34
     122.60000   -1.5834E-35   -1.1055E-37   -1.6790E-34
     122.70000   -1.5752E-35   -1.1468E-37   -1.6703E-34
     122.80000   -1.5669E-35   -1.1892E-37   -1.6616E-34
     122.90000   -1.5586E-35   -1.2326E-37   -1.6527E-34
     123.00000   -1.5503E-35   -1.2771E-37   -1.6439E-34
     123.10000   -1.5419E-35   -1.3227E-37   -1.6350E-34
     123.20000   -1.5335E-35   -1.3694E-37   -1.6261E-34
     123.30000   -1.5251E-35   -1.4173E-37   -1.6171E-34
     123.40000   -1.5166E-35   -1.4662E-37   -1.6082E-34
     123.50000   -1.5082E-35   -1.5162E-37   -1.5993E-34
     123.60000   -1.4998E-35   -1.5673E-37   -1.5904E-34
     123.70000   -1.4914E-35   -1.6196E-37   -1.5815E-34
     123.80000   -1.4831E-35   -1.6729E-37   -1.5726E-34
     123.90000   -1.4747E-35   -1.7274E-37   -1.5637E-34
     124.00000   -1.4664E-35   -1.7830E-37   -1.5549E-34
     124.10000   -1.4581E-35   -1.8397E-37   -1.5461E-34
     124.20000   -1.4499E-35   -1.8976E-37   -1.5374E-34
     124.30000   -1.4417E-35   -1.9565E-37   -1.5287E-34
     124.40000   -1.4346E-35   -2.0178E-37   -1.5211E-34
     124.50000   -1.4374E-35   -2.0753E-37   -1.5241E-34
     124.60000   -1.4420E-35   -2.1047E-37   -1.5289E-34
     124.70000   -1.4398E-35   -2.0926E-37   -1.5266E-34
     124.80000   -1.4353E-35   -2.0460E-37   -1.5219E-34
     124.90000   -1.4379E-35   -1.9821E-37   -1.5246E-34
     125.00000   -1.4461E-35   -1.9219E-37   -1.5333E-34
     125.10000   -1.4543E-35   -1.8628E-37   -1.5420E-34
     125.20000   -1.4625E-35   -1.8049E-37   -1.5507E-34
     125.30000   -1.4708E-35   -1.7481E-37   -1.5595E-34
     125.40000   -1.4791E-35   -1.6925E-37   -1.5684E-34
     125.50000   -1.4874E-35   -1.6380E-37   -1.5772E-34
     125.60000   -1.4958E-35   -1.5847E-37   -1.5861E-34
     125.70000   -1.5042E-35   -1.5324E-37   -1.5950E-34
     125.80000   -1.5126E-35   -1.4814E-37   -1.6040E-34
     125.90000   -1.5211E-35   -1.4314E-37   -1.6129E-34
     126.00000   -1.5295E-35   -1.3826E-37   -1.6219E-34
     126.10000   -1.5379E-35   -1.3349E-37   -1.6308E-34
     126.20000   -1.5463E-35   -1.2883E-37   -1.6397E-34
     126.30000   -1.5547E-35   -1.2429E-37   -1.6486E-34
     126.40000   -1.5630E-35   -1.1985E-37   -1.6575E-34
     126.50000   -1.5713E-35   -1.1553E-37   -1.6663E-34
     126.60000   -1.5795E-35   -1.1131E-37   -1.6750E-34
     126.70000   -1.5877E-35   -1.0721E-37   -1.6837E-34
     126.80000   -1.5958E-35   -1.0321E-37   -1.6923E-34
     126.90000   -1.6038E-35   -9.9324E-38   -1.7008E-34
     127.00000   -1.6117E-35   -9.5545E-38   -1.7092E-34
     127.10000   -1.6195E-35   -9.1872E-38   -1.7175E-34
     127.20000   -1.6272E-35   -8.8306E-38   -1.7256E-34
     127.30000   -1.6347E-35   -8.4846E-38   -1.7336E-34
     127.40000   -1.6493E-35   -8.2240E-38   -1.7491E-34
     127.50000   -1.6665E-35   -8.1277E-38   -1.7674E-34
     127.60000   -1.6700E-35   -8.1207E-38   -1.7710E-34
     127.70000   -1.6540E-35   -8.1761E-38   -1.7540E-34
     127.80000   -1.6367E-35   -8.3812E-38   -1.7357E-34
     127.90000   -1.6292E-35   -8.7184E-38   -1.7278E-34
     128.00000   -1.6216E-35   -9.0660E-38   -1.7197E-34
     128.10000   -1.6139E-35   -9.4240E-38   -1.7115E-34
     128.20000   -1.6060E-35   -9.7926E-38   -1.7031E-34
     128.30000   -1.5980E-35   -1.0172E-37   -1.6946E-34
     128.40000   -1.5899E-35   -1.0561E-37   -1.6861E-34
     128.50000   -1.5818E-35   -1.0962E-37   -1.6774E-34
     128.60000   -1.5736E-35   -1.1373E-37   -1.6687E-34
     128.70000   -1.5653E-35   -1.1795E-37   -1.6599E-34
     128.80000   -1.5569E-35   -1.2227E-37   -1.6510E-34
     128.90000   -1.5485E-35   -1.2671E-37   -1.6421E-34
     129.00000   -1.5401E-35   -1.3125E-37   -1.6332E-34
     129.10000   -1.5317E-35   -1.3590E-37   -1.6242E-34
     129.20000   -1.5232E-35   -1.4067E-37   -1.6153E-34
     129.30000   -1.5148E-35   -1.4554E-37   -1.6063E-34
     129.40000   -1.5063E-35   -1.5052E-37   -1.5973E-34
     129.50000   -1.4979E-35   -1.5562E-37   -1.5884E-34
     129.60000   -1.4895E-35   -1.6082E-37   -1.5794E-34
     129.70000   -1.4811E-35   -1.6614E-37   -1.5705E-34
     129.80000   -1.4727E-35   -1.7157E-37   -1.5616E-34
     129.90000   -1.4644E-35   -1.7711E-37   -1.5528E-34
     130.00000   -1.4561E-35   -1.8276E-37   -1.5440E-34
     130.10000   -1.4478E-35   -1.8852E-37   -1.5352E-34
     130.20000   -1.4396E-35   -1.9439E-37   -1.5265E-34
     130.30000   -1.4342E-35   -2.0061E-37   -1.5207E-34
     130.40000   -1.4378E-35   -2.0583E-37   -1.5245E-34
     130.50000   -1.4416E-35   -2.0801E-37   -1.5285E-34
     130.60000   -1.4380E-35   -2.0599E-37   -1.5248E-34
     130.70000   -1.4340E-35   -2.0084E-37   -1.5206E-34
     130.80000   -1.4387E-35   -1.9451E-37   -1.5255E-34
     130.90000   -1.4467E-35   -1.8854E-37   -1.5340E-34
     131.00000   -1.4548E-35   -1.8269E-37   -1.5427E-34
     131.10000   -1.4630E-35   -1.7695E-37   -1.5513E-34
     131.20000   -1.4712E-35   -1.7133E-37   -1.5600E-34
     131.30000   -1.4794E-35   -1.6582E-37   -1.5687E-34
     131.40000   -1.4876E-35   -1.6043E-37   -1.5775E-34
     131.50000   -1.4959E-35   -1.5515E-37   -1.5863E-34
     131.60000   -1.5042E-35   -1.4999E-37   -1.5951E-34
     131.70000   -1.5125E-35   -1.4494E-37   -1.6039E-34
     131.80000   -1.5208E-35   -1.4000E-37   -1.6127E-34
     131.90000   -1.5291E-35   -1.3518E-37   -1.6216E-34
     132.00000   -1.5374E-35   -1.3047E-37   -1.6304E-34
     132.10000   -1.5457E-35   -1.2587E-37   -1.6391E-34
     132.20000   -1.5539E-35   -1.2138E-37   -1.6479E-34
     132.30000   -1.5621E-35   -1.1700E-37   -1.6566E-34
     132.40000   -1.5703E-35   -1.1274E-37   -1.6653E-34
     132.50000   -1.5784E-35   -1.0858E-37   -1.6739E-34
     132.60000   -1.5864E-35   -1.0453E-37   -1.6824E-34
     132.70000   -1.5944E-35   -1.0059E-37   -1.6908E-34
     132.80000   -1.6022E-35   -9.6760E-38   -1.6992E-34
     132.90000   -1.6099E-35   -9.3037E-38   -1.7074E-34
     133.00000   -1.6175E-35   -8.9420E-38   -1.7155E-34
     133.10000   -1.6250E-35   -8.5909E-38   -1.7234E-34
     133.20000   -1.6323E-35   -8.2503E-38   -1.7312E-34
     133.30000   -1.6488E-35   -8.0283E-38   -1.7487E-34
     133.40000   -1.6651E-35   -7.9599E-38   -1.7659E-34
     133.50000   -1.6632E-35   -7.9603E-38   -1.7639E-34
     133.60000   -1.6461E-35   -8.0436E-38   -1.7458E-34
     133.70000   -1.6308E-35   -8.2877E-38   -1.7296E-34
     133.80000   -1.6233E-35   -8.6264E-38   -1.7215E-34
     133.90000   -1.6156E-35   -8.9754E-38   -1.7134E-34
     134.00000   -1.6077E-35   -9.3349E-38   -1.7050E-34
     134.10000   -1.5998E-35   -9.7049E-38   -1.6966E-34
     134.20000   -1.5917E-35   -1.0086E-37   -1.6880E-34
     134.30000   -1.5836E-35   -1.0477E-37   -1.6794E-34
     134.40000   -1.5753E-35   -1.0879E-37   -1.6707E-34
     134.50000   -1.5670E-35   -1.1291E-37   -1.6618E-34
     134.60000   -1.5587E-35   -1.1715E-37   -1.6530E-34
     134.70000   -1.5503E-35   -1.2149E-37   -1.6441E-34
     134.80000   -1.5419E-35   -1.2594E-37   -1.6351E-34
     134.90000   -1.5334E-35   -1.3050E-37   -1.6261E-34
     135.00000   -1.5249E-35   -1.3517E-37   -1.6171E-34
     135.10000   -1.5165E-35   -1.3995E-37   -1.6081E-34
     135.20000   -1.5080E-35   -1.4484E-37   -1.5991E-34
     135.30000   -1.4995E-35   -1.4984E-37   -1.5901E-34
     135.40000   -1.4910E-35   -1.5495E-37   -1.5811E-34
     135.50000   -1.4826E-35   -1.6018E-37   -1.5722E-34
     135.60000   -1.4742E-35   -1.6551E-37   -1.5632E-34
     135.70000   -1.4658E-35   -1.7096E-37   -1.5543E-34
     135.80000   -1.4574E-35   -1.7652E-37   -1.5455E-34
     135.90000   -1.4491E-35   -1.8219E-37   -1.5366E-34
     136.00000   -1.4408E-35   -1.8797E-37   -1.5279E-34
     136.10000   -1.4326E-35   -1.9386E-37   -1.5191E-34
     136.20000   -1.4292E-35   -2.0012E-37   -1.5155E-34
     136.30000   -1.4334E-35   -2.0482E-37   -1.5199E-34
     136.40000   -1.4359E-35   -2.0621E-37   -1.5226E-34
     136.50000   -1.4314E-35   -2.0346E-37   -1.5178E-34
     136.60000   -1.4282E-35   -1.9786E-37   -1.5144E-34
     136.70000   -1.4346E-35   -1.9167E-37   -1.5212E-34
     136.80000   -1.4425E-35   -1.8575E-37   -1.5297E-34
     136.90000   -1.4505E-35   -1.7995E-37   -1.5382E-34
     137.00000   -1.4586E-35   -1.7426E-37   -1.5467E-34
     137.10000   -1.4667E-35   -1.6869E-37   -1.5553E-34
     137.20000   -1.4748E-35   -1.6324E-37   -1.5639E-34
     137.30000   -1.4829E-35   -1.5789E-37   -1.5726E-34
     137.40000   -1.4911E-35   -1.5267E-37   -1.5812E-34
     137.50000   -1.4993E-35   -1.4755E-37   -1.5899E-34
     137.60000   -1.5075E-35   -1.4255E-37   -1.5986E-34
     137.70000   -1.5156E-35   -1.3766E-37   -1.6073E-34
     137.80000   -1.5238E-35   -1.3288E-37   -1.6160E-34
     137.90000   -1.5320E-35   -1.2822E-37   -1.6247E-34
     138.00000   -1.5402E-35   -1.2366E-37   -1.6333E-34
     138.10000   -1.5483E-35   -1.1922E-37   -1.6420E-34
     138.20000   -1.5564E-35   -1.1489E-37   -1.6506E-34
     138.30000   -1.5644E-35   -1.1067E-37   -1.6591E-34
     138.40000   -1.5723E-35   -1.0655E-37   -1.6675E-34
     138.50000   -1.5802E-35   -1.0255E-37   -1.6759E-34
     138.60000   -1.5880E-35   -9.8652E-38   -1.6842E-34
     138.70000   -1.5957E-35   -9.4862E-38   -1.6924E-34
     138.80000   -1.6033E-35   -9.1179E-38   -1.7005E-34
     138.90000   -1.6108E-35   -8.7601E-38   -1.7084E-34
     139.00000   -1.6182E-35   -8.4129E-38   -1.7162E-34
     139.10000   -1.6265E-35   -8.0830E-38   -1.7251E-34
     139.20000   -1.6437E-35   -7.8968E-38   -1.7434E-34
     139.30000   -1.6583E-35   -7.8520E-38   -1.7588E-34
     139.40000   -1.6514E-35   -7.8610E-38   -1.7515E-34
     139.50000   -1.6339E-35   -7.9746E-38   -1.7330E-34
     139.60000   -1.6207E-35   -8.2516E-38   -1.7189E-34
     139.70000   -1.6131E-35   -8.5925E-38   -1.7109E-34
     139.80000   -1.6055E-35   -8.9439E-38   -1.7027E-34
     139.90000   -1.5976E-35   -9.3057E-38   -1.6944E-34
     140.00000   -1.5897E-35   -9.6779E-38   -1.6860E-34
     140.10000   -1.5817E-35   -1.0061E-37   -1.6775E-34
     140.20000   -1.5736E-35   -1.0454E-37   -1.6689E-34
     140.30000   -1.5654E-35   -1.0858E-37   -1.6602E-34
     140.40000   -1.5571E-35   -1.1273E-37   -1.6514E-34
     140.50000   -1.5488E-35   -1.1699E-37   -1.6426E-34
     140.60000   -1.5405E-35   -1.2136E-37   -1.6337E-34
     140.70000   -1.5321E-35   -1.2583E-37   -1.6249E-34
     140.80000   -1.5237E-35   -1.3041E-37   -1.6159E-34
     140.90000   -1.5153E-35   -1.3510E-37   -1.6070E-34
     141.00000   -1.5069E-35   -1.3991E-37   -1.5981E-34
     141.10000   -1.4985E-35   -1.4482E-37   -1.5892E-34
     141.20000   -1.4901E-35   -1.4984E-37   -1.5802E-34
     141.30000   -1.4817E-35   -1.5498E-37   -1.5713E-34
     141.40000   -1.4734E-35   -1.6023E-37   -1.5624E-34
     141.50000   -1.4650E-35   -1.6558E-37   -1.5536E-34
     141.60000   -1.4567E-35   -1.7105E-37   -1.5448E-34
     141.70000   -1.4485E-35   -1.7664E-37   -1.5360E-34
     141.80000   -1.4402E-35   -1.8233E-37   -1.5273E-34
     141.90000   -1.4321E-35   -1.8814E-37   -1.5186E-34
     142.00000   -1.4239E-35   -1.9406E-37   -1.5100E-34
     142.10000   -1.4227E-35   -2.0026E-37   -1.5087E-34
     142.20000   -1.4274E-35   -2.0442E-37   -1.5136E-34
     142.30000   -1.4284E-35   -2.0496E-37   -1.5147E-34
     142.40000   -1.4235E-35   -2.0155E-37   -1.5095E-34
     142.50000   -1.4213E-35   -1.9551E-37   -1.5072E-34
     142.60000   -1.4292E-35   -1.8950E-37   -1.5156E-34
     142.70000   -1.4372E-35   -1.8361E-37   -1.5241E-34
     142.80000   -1.4452E-35   -1.7784E-37   -1.5326E-34
     142.90000   -1.4532E-35   -1.7218E-37   -1.5411E-34
     143.00000   -1.4613E-35   -1.6663E-37   -1.5497E-34
     143.10000   -1.4694E-35   -1.6120E-37   -1.5583E-34
     143.20000   -1.4776E-35   -1.5589E-37   -1.5670E-34
     143.30000   -1.4857E-35   -1.5069E-37   -1.5756E-34
     143.40000   -1.4939E-35   -1.4560E-37   -1.5843E-34
     143.50000   -1.5021E-35   -1.4062E-37   -1.5930E-34
     143.60000   -1.5103E-35   -1.3576E-37   -1.6017E-34
     143.70000   -1.5185E-35   -1.3100E-37   -1.6104E-34
     143.80000   -1.5267E-35   -1.2636E-37   -1.6191E-34
     143.90000   -1.5348E-35   -1.2183E-37   -1.6278E-34
     144.00000   -1.5429E-35   -1.1741E-37   -1.6364E-34
     144.10000   -1.5510E-35   -1.1310E-37   -1.6450E-34
     144.20000   -1.5591E-35   -1.0890E-37   -1.6535E-34
     144.30000   -1.5670E-35   -1.0481E-37   -1.6620E-34
     144.40000   -1.5749E-35   -1.0083E-37   -1.6704E-34
     144.50000   -1.5828E-35   -9.6955E-38   -1.6787E-34
     144.60000   -1.5905E-35   -9.3187E-38   -1.6869E-34
     144.70000   -1.5981E-35   -8.9525E-38   -1.6950E-34
     144.80000   -1.6056E-35   -8.5968E-38   -1.7030E-34
     144.90000   -1.6129E-35   -8.2516E-38   -1.7108E-34
     145.00000   -1.6233E-35   -7.9396E-38   -1.7218E-34
     145.10000   -1.6406E-35   -7.7835E-38   -1.7401E-34
     145.20000   -1.6525E-35   -7.7557E-38   -1.7527E-34
     145.30000   -1.6416E-35   -7.7757E-38   -1.7412E-34
     145.40000   -1.6242E-35   -7.9189E-38   -1.7228E-34
     145.50000   -1.6132E-35   -8.2206E-38   -1.7110E-34
     145.60000   -1.6057E-35   -8.5619E-38   -1.7031E-34
     145.70000   -1.5982E-35   -8.9135E-38   -1.6951E-34
     145.80000   -1.5905E-35   -9.2756E-38   -1.6869E-34
     145.90000   -1.5827E-35   -9.6482E-38   -1.6787E-34
     146.00000   -1.5748E-35   -1.0031E-37   -1.6703E-34
     146.10000   -1.5668E-35   -1.0425E-37   -1.6618E-34
     146.20000   -1.5588E-35   -1.0829E-37   -1.6532E-34
     146.30000   -1.5507E-35   -1.1244E-37   -1.6446E-34
     146.40000   -1.5425E-35   -1.1670E-37   -1.6360E-34
     146.50000   -1.5343E-35   -1.2107E-37   -1.6272E-34
     146.60000   -1.5261E-35   -1.2555E-37   -1.6185E-34
     146.70000   -1.5178E-35   -1.3013E-37   -1.6097E-34
     146.80000   -1.5096E-35   -1.3483E-37   -1.6010E-34
     146.90000   -1.5013E-35   -1.3963E-37   -1.5922E-34
     147.00000   -1.4930E-35   -1.4455E-37   -1.5834E-34
     147.10000   -1.4848E-35   -1.4957E-37   -1.5746E-34
     147.20000   -1.4765E-35   -1.5471E-37   -1.5659E-34
     147.30000   -1.4683E-35   -1.5996E-37   -1.5571E-34
     147.40000   -1.4601E-35   -1.6532E-37   -1.5484E-34
     147.50000   -1.4519E-35   -1.7079E-37   -1.5397E-34
     147.60000   -1.4438E-35   -1.7638E-37   -1.5311E-34
     147.70000   -1.4357E-35   -1.8208E-37   -1.5225E-34
     147.80000   -1.4277E-35   -1.8789E-37   -1.5140E-34
     147.90000   -1.4197E-35   -1.9381E-37   -1.5055E-34
     148.00000   -1.4209E-35   -1.9984E-37   -1.5068E-34
     148.10000   -1.4258E-35   -2.0338E-37   -1.5119E-34
     148.20000   -1.4252E-35   -2.0306E-37   -1.5113E-34
     148.30000   -1.4204E-35   -1.9906E-37   -1.5063E-34
     148.40000   -1.4207E-35   -1.9285E-37   -1.5066E-34
     148.50000   -1.4287E-35   -1.8689E-37   -1.5151E-34
     148.60000   -1.4367E-35   -1.8104E-37   -1.5236E-34
     148.70000   -1.4448E-35   -1.7531E-37   -1.5322E-34
     148.80000   -1.4529E-35   -1.6969E-37   -1.5408E-34
     148.90000   -1.4611E-35   -1.6418E-37   -1.5495E-34
     149.00000   -1.4693E-35   -1.5879E-37   -1.5582E-34
     149.10000   -1.4775E-35   -1.5351E-37   -1.5669E-34
     149.20000   -1.4858E-35   -1.4835E-37   -1.5757E-34
     149.30000   -1.4940E-35   -1.4330E-37   -1.5845E-34
     149.40000   -1.5023E-35   -1.3836E-37   -1.5933E-34
     149.50000   -1.5106E-35   -1.3353E-37   -1.6021E-34
     149.60000   -1.5188E-35   -1.2882E-37   -1.6108E-34
     149.70000   -1.5271E-35   -1.2421E-37   -1.6196E-34
     149.80000   -1.5353E-35   -1.1972E-37   -1.6284E-34
     149.90000   -1.5435E-35   -1.1534E-37   -1.6371E-34
     150.00000   -1.5517E-35   -1.1107E-37   -1.6457E-34
     150.10000   -1.5598E-35   -1.0690E-37   -1.6544E-34
     150.20000   -1.5679E-35   -1.0285E-37   -1.6629E-34
     150.30000   -1.5758E-35   -9.8898E-38   -1.6714E-34
     150.40000   -1.5837E-35   -9.5058E-38   -1.6798E-34
     150.50000   -1.5915E-35   -9.1324E-38   -1.6881E-34
     150.60000   -1.5992E-35   -8.7697E-38   -1.6962E-34
     150.70000   -1.6068E-35   -8.4174E-38   -1.7042E-34
     150.80000   -1.6142E-35   -8.0756E-38   -1.7121E-34
     150.90000   -1.6266E-35   -7.7886E-38   -1.7253E-34
     151.00000   -1.6439E-35   -7.6627E-38   -1.7437E-34
     151.10000   -1.6521E-35   -7.6475E-38   -1.7524E-34
     151.20000   -1.6383E-35   -7.6842E-38   -1.7378E-34
     151.30000   -1.6211E-35   -7.8578E-38   -1.7195E-34
     151.40000   -1.6121E-35   -8.1778E-38   -1.7099E-34
     151.50000   -1.6048E-35   -8.5194E-38   -1.7021E-34
     151.60000   -1.5973E-35   -8.8713E-38   -1.6942E-34
     151.70000   -1.5897E-35   -9.2336E-38   -1.6861E-34
     151.80000   -1.5820E-35   -9.6065E-38   -1.6779E-34
     151.90000   -1.5741E-35   -9.9900E-38   -1.6696E-34
     152.00000   -1.5662E-35   -1.0384E-37   -1.6612E-34
     152.10000   -1.5583E-35   -1.0789E-37   -1.6527E-34
     152.20000   -1.5502E-35   -1.1205E-37   -1.6442E-34
     152.30000   -1.5421E-35   -1.1631E-37   -1.6356E-34
     152.40000   -1.5340E-35   -1.2068E-37   -1.6269E-34
     152.50000   -1.5259E-35   -1.2517E-37   -1.6183E-34
     152.60000   -1.5177E-35   -1.2976E-37   -1.6096E-34
     152.70000   -1.5095E-35   -1.3446E-37   -1.6009E-34
     152.80000   -1.5013E-35   -1.3928E-37   -1.5922E-34
     152.90000   -1.4931E-35   -1.4420E-37   -1.5834E-34
     153.00000   -1.4849E-35   -1.4924E-37   -1.5747E-34
     153.10000   -1.4767E-35   -1.5439E-37   -1.5661E-34
     153.20000   -1.4685E-35   -1.5965E-37   -1.5574E-34
     153.30000   -1.4604E-35   -1.6502E-37   -1.5487E-34
     153.40000   -1.4523E-35   -1.7051E-37   -1.5401E-34
     153.50000   -1.4442E-35   -1.7611E-37   -1.5316E-34
     153.60000   -1.4362E-35   -1.8182E-37   -1.5231E-34
     153.70000   -1.4282E-35   -1.8765E-37   -1.5146E-34
     153.80000   -1.4213E-35   -1.9370E-37   -1.5072E-34
     153.90000   -1.4241E-35   -1.9936E-37   -1.5102E-34
     154.00000   -1.4287E-35   -2.0225E-37   -1.5151E-34
     154.10000   -1.4266E-35   -2.0111E-37   -1.5128E-34
     154.20000   -1.4222E-35   -1.9659E-37   -1.5082E-34
     154.30000   -1.4248E-35   -1.9036E-37   -1.5109E-34
     154.40000   -1.4328E-35   -1.8447E-37   -1.5195E-34
     154.50000   -1.4409E-35   -1.7869E-37   -1.5281E-34
     154.60000   -1.4491E-35   -1.7302E-37   -1.5367E-34
     154.70000   -1.4572E-35   -1.6747E-37   -1.5454E-34
     154.80000   -1.4654E-35   -1.6203E-37   -1.5541E-34
     154.90000   -1.4737E-35   -1.5671E-37   -1.5629E-34
     155.00000   -5.7441E-35   -1.5070E-37   -1.4502E-34
     155.10000   -1.8908E-34   -1.3887E-37   -1.1753E-34
     155.20000   -3.5842E-34   -1.2361E-37   -9.4983E-35
     155.30000   -5.4710E-34   -1.0942E-37   -7.9084E-35
     155.40000   -7.4997E-34   -9.7418E-38   -6.7748E-35
     155.50000   -9.6517E-34   -8.7454E-38   -5.9368E-35
     155.60000   -1.1918E-33   -7.9150E-38   -5.2950E-35
     155.70000   -1.4294E-33   -7.2156E-38   -4.7884E-35
     155.80000   -1.6776E-33   -6.6195E-38   -4.3784E-35
     155.90000   -1.9361E-33   -6.1056E-38   -4.0395E-35
     156.00000   -2.2046E-33   -5.6577E-38   -3.7544E-35
     156.10000   -2.4830E-33   -5.2634E-38   -3.5109E-35
     156.20000   -2.7709E-33   -4.9134E-38   -3.3002E-35
     156.30000   -3.0681E-33   -4.6000E-38   -3.1157E-35
     156.40000   -3.3741E-33   -4.3173E-38   -2.9525E-35
     156.50000   -3.6887E-33   -4.0608E-38   -2.8068E-35
     156.60000   -4.0112E-33   -3.8266E-38   -2.6756E-35
     156.70000   -4.3413E-33   -3.6115E-38   -2.5566E-35
     156.80000   -4.6783E-33   -3.4132E-38   -2.4479E-35
     156.90000   -5.0217E-33   -3.2295E-38   -2.3479E-35
     157.00000   -5.3710E-33   -3.0589E-38   -2.2555E-35
     157.10000   -5.7255E-33   -2.8998E-38   -2.1696E-35
     157.20000   -6.0847E-33   -2.7513E-38   -2.0894E-35
     157.30000   -6.4480E-33   -2.6124E-38   -2.0143E-35
     157.40000   -6.6405E-33   -2.5195E-38   -1.9797E-35
     157.50000   -6.6513E-33   -2.4677E-38   -1.9829E-35
     157.60000   -6.6597E-33   -2.4168E-38   -1.9854E-35
     157.70000   -6.8455E-33   -2.3318E-38   -1.9503E-35
     157.80000   -7.2190E-33   -2.2169E-38   -1.8802E-35
     157.90000   -7.5952E-33   -2.1098E-38   -1.8142E-35
     158.00000   -7.9735E-33   -2.0099E-38   -1.7519E-35
     158.10000   -8.3536E-33   -1.9166E-38   -1.6929E-35
     158.20000   -8.7352E-33   -1.8294E-38   -1.6370E-35
     158.30000   -9.1177E-33   -1.7479E-38   -1.5839E-35
     158.40000   -9.5009E-33   -1.6718E-38   -1.5334E-35
     158.50000   -9.8843E-33   -1.6006E-38   -1.4852E-35
     158.60000   -1.0268E-32   -1.5340E-38   -1.4392E-35
     158.70000   -1.0651E-32   -1.4718E-38   -1.3952E-35
     158.80000   -1.1033E-32   -1.4135E-38   -1.3530E-35
     158.90000   -1.1413E-32   -1.3590E-38   -1.3126E-35
     159.00000   -1.1792E-32   -1.3081E-38   -1.2738E-35
     159.10000   -1.2170E-32   -1.2603E-38   -1.2365E-35
     159.20000   -1.2545E-32   -1.2157E-38   -1.2007E-35
     159.30000   -1.2917E-32   -1.1739E-38   -1.1661E-35
     159.40000   -1.3286E-32   -1.1347E-38   -1.1328E-35
     159.50000   -1.3652E-32   -1.0981E-38   -1.1007E-35
     159.60000   -1.4014E-32   -1.0637E-38   -1.0696E-35
     159.70000   -1.4371E-32   -1.0316E-38   -1.0396E-35
     159.80000   -1.4725E-32   -1.0015E-38   -1.0106E-35
     159.90000   -1.5073E-32   -9.7326E-39   -9.8254E-36
     160.00000   -1.5417E-32   -9.4683E-39   -9.5535E-36
     160.10000   -1.5657E-32   -9.2512E-39   -9.3306E-36
     160.20000   -1.5536E-32   -9.1577E-39   -9.2582E-36
     160.30000   -1.5412E-32   -9.0727E-39   -9.1846E-36
     160.40000   -1.5287E-32   -8.9957E-39   -9.1098E-36
     160.50000   -1.5159E-32   -8.9266E-39   -9.0339E-36
     160.60000   -1.5030E-32   -8.8649E-39   -8.9568E-36
     160.70000   -1.4899E-32   -8.8103E-39   -8.8788E-36
     160.80000   -1.4847E-32   -8.8231E-39   -8.8476E-36
     160.90000   -1.4856E-32   -8.9539E-39   -8.8533E-36
     161.00000   -1.4492E-32   -8.9452E-39   -8.6361E-36
     161.10000   -1.4106E-32   -9.0027E-39   -8.4062E-36
     161.20000   -1.3747E-32   -9.1546E-39   -8.1920E-36
     161.30000   -1.3455E-32   -9.3999E-39   -8.0182E-36
     161.40000   -1.3181E-32   -9.6562E-39   -7.8550E-36
     161.50000   -1.2916E-32   -9.9163E-39   -7.6968E-36
     161.60000   -1.2658E-32   -1.0180E-38   -7.5435E-36
     161.70000   -1.2409E-32   -1.0447E-38   -7.3950E-36
     161.80000   -1.2168E-32   -1.0717E-38   -7.2510E-36
     161.90000   -1.2005E-32   -1.0956E-38   -7.0825E-36
     162.00000   -1.2098E-32   -1.1074E-38   -6.8189E-36
     162.10000   -1.2182E-32   -1.1191E-38   -6.5702E-36
     162.20000   -1.2257E-32   -1.1307E-38   -6.3353E-36
     162.30000   -1.2324E-32   -1.1422E-38   -6.1133E-36
     162.40000   -1.2384E-32   -1.1535E-38   -5.9031E-36
     162.50000   -1.2436E-32   -1.1648E-38   -5.7041E-36
     162.60000   -1.2482E-32   -1.1759E-38   -5.5155E-36
     162.70000   -1.2520E-32   -1.1869E-38   -5.3365E-36
     162.80000   -1.2553E-32   -1.1978E-38   -5.1665E-36
     162.90000   -1.2579E-32   -1.2085E-38   -5.0050E-36
     163.00000   -1.2600E-32   -1.2192E-38   -4.8514E-36
     163.10000   -1.2616E-32   -1.2298E-38   -4.7053E-36
     163.20000   -1.2627E-32   -1.2403E-38   -4.5661E-36
     163.30000   -1.2632E-32   -1.2506E-38   -4.4334E-36
     163.40000   -1.2634E-32   -1.2609E-38   -4.3068E-36
     163.50000   -1.2631E-32   -1.2711E-38   -4.1861E-36
     163.60000   -1.2623E-32   -1.2812E-38   -4.0707E-36
     163.70000   -1.2612E-32   -1.2913E-38   -3.9605E-36
     163.80000   -1.2597E-32   -1.3013E-38   -3.8552E-36
     163.90000   -1.2579E-32   -1.3111E-38   -3.7544E-36
     164.00000   -1.2557E-32   -1.3210E-38   -3.6579E-36
     164.10000   -1.2532E-32   -1.3307E-38   -3.5655E-36
     164.20000   -1.2504E-32   -1.3405E-38   -3.4769E-36
     164.30000   -1.2473E-32   -1.3501E-38   -3.3920E-36
     164.40000   -1.2294E-32   -1.3690E-38   -3.3387E-36
     164.50000   -1.2110E-32   -1.3886E-38   -3.2887E-36
     164.60000   -1.1931E-32   -1.4082E-38   -3.2402E-36
     164.70000   -1.1889E-32   -1.4187E-38   -3.1675E-36
     164.80000   -1.1853E-32   -1.4286E-38   -3.0961E-36
     164.90000   -1.1815E-32   -1.4384E-38   -3.0275E-36
     165.00000   -1.1774E-32   -1.4482E-38   -2.9614E-36
     165.10000   -1.1732E-32   -1.4580E-38   -2.8979E-36
     165.20000   -1.1687E-32   -1.4677E-38   -2.8368E-36
     165.30000   -1.1641E-32   -1.4775E-38   -2.7779E-36
     165.40000   -1.1592E-32   -1.4872E-38   -2.7212E-36
     165.50000   -1.1542E-32   -1.4969E-38   -2.6665E-36
     165.60000   -1.1490E-32   -1.5066E-38   -2.6139E-36
     165.70000   -1.1437E-32   -1.5163E-38   -2.5631E-36
     165.80000   -1.1382E-32   -1.5260E-38   -2.5140E-36
     165.90000   -1.1326E-32   -1.5357E-38   -2.4668E-36
     166.00000   -1.1268E-32   -1.5455E-38   -2.4211E-36
     166.10000   -1.1209E-32   -1.5552E-38   -2.3770E-36
     166.20000   -1.1148E-32   -1.5650E-38   -2.3345E-36
     166.30000   -1.1087E-32   -1.5748E-38   -2.2933E-36
     166.40000   -1.1024E-32   -1.5846E-38   -2.2536E-36
     166.50000   -1.0960E-32   -1.5944E-38   -2.2151E-36
     166.60000   -1.0895E-32   -1.6043E-38   -2.1780E-36
     166.70000   -1.0829E-32   -1.6142E-38   -2.1421E-36
     166.80000   -1.0763E-32   -1.6242E-38   -2.1073E-36
     166.90000   -1.0695E-32   -1.6342E-38   -2.0737E-36
     167.00000   -1.0626E-32   -1.6443E-38   -2.0411E-36
     167.10000   -1.0520E-32   -1.6577E-38   -2.0146E-36
     167.20000   -1.0398E-32   -1.6729E-38   -1.9912E-36
     167.30000   -1.0279E-32   -1.6881E-38   -1.9683E-36
     167.40000   -1.0162E-32   -1.7033E-38   -1.9460E-36
     167.50000   -1.0048E-32   -1.7185E-38   -1.9242E-36
     167.60000   -9.9369E-33   -1.7338E-38   -1.9028E-36
     167.70000   -9.8279E-33   -1.7491E-38   -1.8820E-36
     167.80000   -9.7486E-33   -1.7602E-38   -1.8668E-36
     167.90000   -9.6999E-33   -1.7584E-38   -1.8574E-36
     168.00000   -9.6808E-33   -1.7440E-38   -1.8538E-36
     168.10000   -9.6907E-33   -1.7171E-38   -1.8557E-36
     168.20000   -9.7267E-33   -1.6783E-38   -1.8626E-36
     168.30000   -9.7676E-33   -1.6368E-38   -1.8704E-36
     168.40000   -9.8105E-33   -1.5963E-38   -1.8786E-36
     168.50000   -9.8556E-33   -1.5567E-38   -1.8873E-36
     168.60000   -9.9027E-33   -1.5179E-38   -1.8963E-36
     168.70000   -9.9518E-33   -1.4801E-38   -1.9057E-36
     168.80000   -1.0003E-32   -1.4430E-38   -1.9155E-36
     168.90000   -1.0071E-32   -1.4055E-38   -1.9236E-36
     169.00000   -1.0149E-32   -1.3684E-38   -1.9312E-36
     169.10000   -1.0227E-32   -1.3320E-38   -1.9393E-36
     169.20000   -1.0306E-32   -1.2965E-38   -1.9479E-36
     169.30000   -1.0386E-32   -1.2618E-38   -1.9570E-36
     169.40000   -1.0466E-32   -1.2278E-38   -1.9666E-36
     169.50000   -1.0548E-32   -1.1946E-38   -1.9767E-36
     169.60000   -1.0631E-32   -1.1620E-38   -1.9873E-36
     169.70000   -1.0715E-32   -1.1301E-38   -1.9985E-36
     169.80000   -1.0800E-32   -1.0989E-38   -2.0101E-36
     169.90000   -1.0886E-32   -1.0683E-38   -2.0223E-36
     170.00000   -1.0973E-32   -1.0383E-38   -2.0351E-36
     170.10000   -1.1061E-32   -1.0090E-38   -2.0484E-36
     170.20000   -1.1150E-32   -9.8016E-39   -2.0623E-36
     170.30000   -1.1240E-32   -9.5191E-39   -2.0767E-36
     170.40000   -1.1332E-32   -9.2420E-39   -2.0917E-36
     170.50000   -1.1425E-32   -8.9702E-39   -2.1073E-36
     170.60000   -1.1519E-32   -8.7035E-39   -2.1235E-36
     170.70000   -1.1615E-32   -8.4418E-39   -2.1404E-36
     170.80000   -1.1712E-32   -8.1849E-39   -2.1578E-36
     170.90000   -1.1810E-32   -7.9328E-39   -2.1759E-36
     171.00000   -1.1910E-32   -7.6853E-39   -2.1947E-36
     171.10000   -1.2012E-32   -7.4424E-39   -2.2142E-36
     171.20000   -1.2115E-32   -7.2039E-39   -2.2343E-36
     171.30000   -1.2222E-32   -6.9693E-39   -2.2549E-36
     171.40000   -1.2335E-32   -6.7383E-39   -2.2758E-36
     171.50000   -1.2452E-32   -6.5117E-39   -2.2973E-36
     171.60000   -1.2567E-32   -6.2900E-39   -2.3199E-36
     171.70000   -1.2680E-32   -6.0735E-39   -2.3440E-36
     171.80000   -1.2794E-32   -5.8608E-39   -2.3689E-36
     171.90000   -1.2910E-32   -5.6519E-39   -2.3946E-36
     172.00000   -1.3028E-32   -5.4468E-39   -2.4213E-36
     172.10000   -1.3149E-32   -5.2454E-39   -2.4488E-36
     172.20000   -1.3272E-32   -5.0477E-39   -2.4773E-36
     172.30000   -1.3397E-32   -4.8536E-39   -2.5067E-36
     172.40000   -1.3525E-32   -4.6632E-39   -2.5370E-36
     172.50000   -1.3656E-32   -4.4763E-39   -2.5684E-36
     172.60000   -1.3789E-32   -4.2929E-39   -2.6008E-36
     172.70000   -1.3925E-32   -4.1131E-39   -2.6343E-36
     172.80000   -1.4064E-32   -3.9368E-39   -2.6689E-36
     172.90000   -1.4206E-32   -3.7640E-39   -2.7046E-36
     173.00000   -1.4351E-32   -3.5947E-39   -2.7415E-36
     173.10000   -1.4499E-32   -3.4288E-39   -2.7796E-36
     173.20000   -1.4651E-32   -3.2665E-39   -2.8190E-36
     173.30000   -1.4806E-32   -3.1076E-39   -2.8596E-36
     173.40000   -1.4965E-32   -2.9522E-39   -2.9015E-36
     173.50000   -1.5127E-32   -2.8003E-39   -2.9447E-36
     173.60000   -1.5293E-32   -2.6520E-39   -2.9893E-36
     173.70000   -1.5462E-32   -2.5072E-39   -3.0354E-36
     173.80000   -1.5636E-32   -2.3659E-39   -3.0828E-36
     173.90000   -1.5814E-32   -2.2282E-39   -3.1318E-36
     174.00000   -1.6000E-32   -2.0943E-39   -3.1816E-36
     174.10000   -1.6233E-32   -1.9646E-39   -3.2279E-36
     174.20000   -1.6473E-32   -1.8391E-39   -3.2756E-36
     174.30000   -1.6719E-32   -1.7177E-39   -3.3246E-36
     174.40000   -1.6972E-32   -1.6005E-39   -3.3748E-36
     174.50000   -1.7231E-32   -1.4874E-39   -3.4264E-36
     174.60000   -1.7497E-32   -1.3785E-39   -3.4793E-36
     174.70000   -1.7809E-32   -1.2802E-39   -3.5413E-36
     174.80000   -1.8157E-32   -1.2151E-39   -3.6104E-36
     174.90000   -1.8424E-32   -1.1784E-39   -3.6636E-36
     175.00000   -1.8468E-32   -1.1611E-39   -3.6724E-36
     175.10000   -1.8414E-32   -1.1709E-39   -3.6615E-36
     175.20000   -1.8414E-32   -1.2087E-39   -3.6615E-36
     175.30000   -1.8432E-32   -1.2513E-39   -3.6651E-36
     175.40000   -1.8445E-32   -1.2962E-39   -3.6677E-36
     175.50000   -1.8452E-32   -1.3435E-39   -3.6691E-36
     175.60000   -1.8454E-32   -1.3933E-39   -3.6695E-36
     175.70000   -1.8451E-32   -1.4456E-39   -3.6689E-36
     175.80000   -1.8434E-32   -1.5004E-39   -3.6682E-36
     175.90000   -1.8346E-32   -1.5566E-39   -3.6743E-36
     176.00000   -1.8255E-32   -1.6158E-39   -3.6794E-36
     176.10000   -1.8160E-32   -1.6779E-39   -3.6836E-36
     176.20000   -1.8063E-32   -1.7431E-39   -3.6869E-36
     176.30000   -1.7962E-32   -1.8114E-39   -3.6894E-36
     176.40000   -1.7859E-32   -1.8829E-39   -3.6912E-36
     176.50000   -1.7755E-32   -1.9577E-39   -3.6923E-36
     176.60000   -1.7648E-32   -2.0358E-39   -3.6927E-36
     176.70000   -1.7539E-32   -2.1174E-39   -3.6926E-36
     176.80000   -1.7429E-32   -2.2026E-39   -3.6919E-36
     176.90000   -1.7317E-32   -2.2914E-39   -3.6907E-36
     177.00000   -1.7205E-32   -2.3839E-39   -3.6890E-36
     177.10000   -1.7092E-32   -2.4803E-39   -3.6870E-36
     177.20000   -1.6978E-32   -2.5806E-39   -3.6847E-36
     177.30000   -1.6863E-32   -2.6850E-39   -3.6820E-36
     177.40000   -1.6749E-32   -2.7935E-39   -3.6792E-36
     177.50000   -1.6634E-32   -2.9063E-39   -3.6761E-36
     177.60000   -1.6519E-32   -3.0235E-39   -3.6730E-36
     177.70000   -1.6405E-32   -3.1453E-39   -3.6697E-36
     177.80000   -1.6291E-32   -3.2718E-39   -3.6664E-36
     177.90000   -1.6178E-32   -3.4031E-39   -3.6632E-36
     178.00000   -1.6065E-32   -3.5393E-39   -3.6600E-36
     178.10000   -1.5953E-32   -3.6808E-39   -3.6569E-36
     178.20000   -1.5843E-32   -3.8276E-39   -3.6539E-36
     178.30000   -1.5783E-32   -3.9769E-39   -3.6439E-36
     178.40000   -1.5735E-32   -4.1308E-39   -3.6328E-36
     178.50000   -1.5688E-32   -4.2903E-39   -3.6219E-36
     178.60000   -1.5591E-32   -4.4596E-39   -3.6188E-36
     178.70000   -1.5487E-32   -4.6361E-39   -3.6175E-36
     178.80000   -1.5384E-32   -4.8194E-39   -3.6167E-36
     178.90000   -1.5283E-32   -5.0098E-39   -3.6163E-36
     179.00000   -1.5184E-32   -5.2076E-39   -3.6164E-36
     179.10000   -1.5087E-32   -5.4132E-39   -3.6171E-36
     179.20000   -1.4993E-32   -5.6270E-39   -3.6185E-36
     179.30000   -1.4901E-32   -5.8493E-39   -3.6205E-36
     179.40000   -1.4812E-32   -6.0808E-39   -3.6232E-36
     179.50000   -1.4725E-32   -6.3219E-39   -3.6267E-36
     179.60000   -1.4642E-32   -6.5732E-39   -3.6311E-36
     179.70000   -1.4561E-32   -6.8353E-39   -3.6364E-36
     179.80000   -1.4484E-32   -7.1090E-39   -3.6428E-36
     179.90000   -1.4411E-32   -7.3952E-39   -3.6502E-36
     180.00000   -1.4341E-32   -7.6946E-39   -3.6588E-36
     180.10000   -1.4276E-32   -8.0085E-39   -3.6687E-36
     180.20000   -1.4215E-32   -8.3379E-39   -3.6801E-36
     180.30000   -1.4160E-32   -8.6843E-39   -3.6931E-36
     180.40000   -1.4109E-32   -9.0491E-39   -3.7078E-36
     180.50000   -1.4065E-32   -9.4344E-39   -3.7244E-36
     180.60000   -1.4027E-32   -9.8423E-39   -3.7432E-36
     180.70000   -1.3997E-32   -1.0275E-38   -3.7644E-36
     180.80000   -1.3975E-32   -1.0737E-38   -3.7884E-36
     180.90000   -1.3963E-32   -1.1230E-38   -3.8156E-36
     181.00000   -1.3999E-32   -1.1744E-38   -3.8393E-36
     181.10000   -1.4080E-32   -1.2284E-38   -3.8615E-36
     181.20000   -1.4179E-32   -1.2873E-38   -3.8887E-36
     181.30000   -1.4301E-32   -1.3520E-38   -3.9221E-36
     181.40000   -1.4451E-32   -1.4240E-38   -3.9633E-36
     181.50000   -1.4639E-32   -1.5055E-38   -4.0148E-36
     181.60000   -1.4878E-32   -1.5997E-38   -4.0802E-36
     181.70000   -1.5204E-32   -1.7067E-38   -4.1699E-36
     181.80000   -1.5689E-32   -1.8280E-38   -4.3028E-36
     181.90000   -1.6417E-32   -1.9789E-38   -4.5025E-36
     182.00000   -1.7580E-32   -2.1947E-38   -4.8212E-36
     182.10000   -1.8842E-32   -2.3995E-38   -5.1675E-36
     182.20000   -1.7722E-32   -2.1105E-38   -4.8602E-36
     182.30000   -1.6811E-32   -1.8734E-38   -4.6106E-36
     182.40000   -1.6240E-32   -1.7096E-38   -4.4538E-36
     182.50000   -1.5844E-32   -1.5843E-38   -4.3454E-36
     182.60000   -1.5554E-32   -1.4822E-38   -4.2656E-36
     182.70000   -1.5331E-32   -1.3956E-38   -4.2047E-36
     182.80000   -1.5103E-32   -1.3231E-38   -4.1681E-36
     182.90000   -1.4867E-32   -1.2609E-38   -4.1507E-36
     183.00000   -1.4659E-32   -1.2050E-38   -4.1413E-36
     183.10000   -1.4472E-32   -1.1541E-38   -4.1386E-36
     183.20000   -1.4301E-32   -1.1072E-38   -4.1414E-36
     183.30000   -1.4144E-32   -1.0637E-38   -4.1490E-36
     183.40000   -1.3998E-32   -1.0231E-38   -4.1608E-36
     183.50000   -1.3860E-32   -9.8496E-39   -4.1763E-36
     183.60000   -1.3730E-32   -9.4900E-39   -4.1952E-36
     183.70000   -1.3606E-32   -9.1494E-39   -4.2172E-36
     183.80000   -1.3487E-32   -8.8257E-39   -4.2420E-36
     183.90000   -1.3372E-32   -8.5170E-39   -4.2695E-36
     184.00000   -1.3260E-32   -8.2219E-39   -4.2996E-36
     184.10000   -1.3151E-32   -7.9390E-39   -4.3321E-36
     184.20000   -1.3043E-32   -7.6673E-39   -4.3669E-36
     184.30000   -1.2938E-32   -7.4058E-39   -4.4039E-36
     184.40000   -1.2833E-32   -7.1536E-39   -4.4431E-36
     184.50000   -1.2729E-32   -6.9100E-39   -4.4843E-36
     184.60000   -1.2625E-32   -6.6744E-39   -4.5277E-36
     184.70000   -1.2522E-32   -6.4462E-39   -4.5730E-36
     184.80000   -1.2418E-32   -6.2250E-39   -4.6203E-36
     184.90000   -1.2314E-32   -6.0101E-39   -4.6695E-36
     185.00000   -1.2209E-32   -5.8013E-39   -4.7207E-36
     185.10000   -1.2103E-32   -5.5982E-39   -4.7737E-36
     185.20000   -1.2038E-32   -5.3951E-39   -4.8178E-36
     185.30000   -1.2082E-32   -5.1854E-39   -4.8353E-36
     185.40000   -1.2127E-32   -4.9830E-39   -4.8532E-36
     185.50000   -1.2128E-32   -4.7917E-39   -4.8827E-36
     185.60000   -1.2013E-32   -4.6159E-39   -4.9423E-36
     185.70000   -1.1897E-32   -4.4443E-39   -5.0035E-36
     185.80000   -1.1778E-32   -4.2766E-39   -5.0663E-36
     185.90000   -1.1657E-32   -4.1126E-39   -5.1307E-36
     186.00000   -1.1534E-32   -3.9522E-39   -5.1966E-36
     186.10000   -1.1409E-32   -3.7952E-39   -5.2640E-36
     186.20000   -1.1281E-32   -3.6415E-39   -5.3329E-36
     186.30000   -1.1151E-32   -3.4909E-39   -5.4031E-36
     186.40000   -1.1018E-32   -3.3433E-39   -5.4746E-36
     186.50000   -1.0882E-32   -3.1987E-39   -5.5473E-36
     186.60000   -1.0744E-32   -3.0568E-39   -5.6211E-36
     186.70000   -1.0604E-32   -2.9176E-39   -5.6960E-36
     186.80000   -1.0461E-32   -2.7811E-39   -5.7718E-36
     186.90000   -1.0316E-32   -2.6471E-39   -5.8484E-36
     187.00000   -1.0168E-32   -2.5155E-39   -5.9256E-36
     187.10000   -1.0018E-32   -2.3864E-39   -6.0033E-36
     187.20000   -9.8657E-33   -2.2595E-39   -6.0815E-36
     187.30000   -9.7117E-33   -2.1349E-39   -6.1597E-36
     187.40000   -9.5559E-33   -2.0126E-39   -6.2380E-36
     187.50000   -9.3986E-33   -1.8924E-39   -6.3160E-36
     187.60000   -9.2401E-33   -1.7744E-39   -6.3936E-36
     187.70000   -9.0806E-33   -1.6586E-39   -6.4705E-36
     187.80000   -8.9205E-33   -1.5448E-39   -6.5464E-36
     187.90000   -8.7607E-33   -1.4334E-39   -6.6207E-36
     188.00000   -8.7663E-33   -1.3540E-39   -6.6250E-36
     188.10000   -8.7691E-33   -1.2787E-39   -6.6271E-36
     188.20000   -8.7690E-33   -1.2073E-39   -6.6270E-36
     188.30000   -8.7658E-33   -1.1398E-39   -6.6246E-36
     188.40000   -8.7595E-33   -1.0761E-39   -6.6198E-36
     188.50000   -8.7500E-33   -1.0160E-39   -6.6126E-36
     188.60000   -8.7528E-33   -9.6304E-40   -6.6147E-36
     188.70000   -8.7843E-33   -9.3947E-40   -6.6386E-36
     188.80000   -8.8277E-33   -9.4917E-40   -6.6713E-36
     188.90000   -8.7887E-33   -9.8255E-40   -6.6419E-36
     189.00000   -8.6189E-33   -1.0339E-39   -6.5136E-36
     189.10000   -8.5047E-33   -1.1184E-39   -6.4272E-36
     189.20000   -8.4143E-33   -1.2118E-39   -6.3589E-36
     189.30000   -8.3235E-33   -1.3092E-39   -6.2903E-36
     189.40000   -8.2327E-33   -1.4106E-39   -6.2217E-36
     189.50000   -8.1420E-33   -1.5160E-39   -6.1531E-36
     189.60000   -8.0516E-33   -1.6254E-39   -6.0848E-36
     189.70000   -7.9610E-33   -1.7387E-39   -6.0171E-36
     189.80000   -7.7274E-33   -1.8259E-39   -6.0096E-36
     189.90000   -7.5047E-33   -1.9184E-39   -6.0007E-36
     190.00000   -7.2927E-33   -2.0163E-39   -5.9902E-36
     190.10000   -7.0913E-33   -2.1199E-39   -5.9782E-36
     190.20000   -6.9002E-33   -2.2293E-39   -5.9645E-36
     190.30000   -6.7194E-33   -2.3448E-39   -5.9491E-36
     190.40000   -6.5485E-33   -2.4666E-39   -5.9319E-36
     190.50000   -6.3873E-33   -2.5949E-39   -5.9128E-36
     190.60000   -6.2357E-33   -2.7299E-39   -5.8919E-36
     190.70000   -6.0933E-33   -2.8717E-39   -5.8690E-36
     190.80000   -5.9600E-33   -3.0207E-39   -5.8440E-36
     190.90000   -5.8354E-33   -3.1769E-39   -5.8169E-36
     191.00000   -5.7194E-33   -3.3405E-39   -5.7877E-36
     191.10000   -5.6116E-33   -3.5115E-39   -5.7564E-36
     191.20000   -5.5118E-33   -3.6901E-39   -5.7228E-36
     191.30000   -5.4198E-33   -3.8764E-39   -5.6870E-36
     191.40000   -5.3352E-33   -4.0702E-39   -5.6491E-36
     191.50000   -5.2578E-33   -4.2717E-39   -5.6089E-36
     191.60000   -5.1873E-33   -4.4807E-39   -5.5666E-36
     191.70000   -5.1236E-33   -4.6971E-39   -5.5223E-36
     191.80000   -5.0662E-33   -4.9208E-39   -5.4759E-36
     191.90000   -5.0149E-33   -5.1516E-39   -5.4276E-36
     192.00000   -4.9695E-33   -5.3893E-39   -5.3775E-36
     192.10000   -4.9297E-33   -5.6337E-39   -5.3256E-36
     192.20000   -4.8879E-33   -5.8828E-39   -5.2768E-36
     192.30000   -4.8448E-33   -6.1363E-39   -5.2303E-36
     192.40000   -4.8026E-33   -6.3947E-39   -5.1847E-36
     192.50000   -4.7694E-33   -6.6593E-39   -5.1347E-36
     192.60000   -4.7435E-33   -6.9300E-39   -5.0818E-36
     192.70000   -4.7220E-33   -7.2061E-39   -5.0276E-36
     192.80000   -4.7048E-33   -7.4872E-39   -4.9724E-36
     192.90000   -4.6916E-33   -7.7731E-39   -4.9162E-36
     193.00000   -4.6823E-33   -8.0633E-39   -4.8592E-36
     193.10000   -4.6766E-33   -8.3576E-39   -4.8015E-36
     193.20000   -4.6742E-33   -8.6556E-39   -4.7433E-36
     193.30000   -4.6751E-33   -8.9570E-39   -4.6846E-36
     193.40000   -4.6790E-33   -9.2615E-39   -4.6257E-36
     193.50000   -4.6858E-33   -9.5688E-39   -4.5666E-36
     193.60000   -4.6952E-33   -9.8787E-39   -4.5075E-36
     193.70000   -4.7071E-33   -1.0191E-38   -4.4485E-36
     193.80000   -4.7214E-33   -1.0505E-38   -4.3897E-36
     193.90000   -4.7379E-33   -1.0821E-38   -4.3311E-36
     194.00000   -4.7564E-33   -1.1139E-38   -4.2730E-36
     194.10000   -4.7768E-33   -1.1459E-38   -4.2153E-36
     194.20000   -4.7990E-33   -1.1780E-38   -4.1581E-36
     194.30000   -4.8228E-33   -1.2102E-38   -4.1015E-36
     194.40000   -4.8482E-33   -1.2426E-38   -4.0457E-36
     194.50000   -4.8750E-33   -1.2751E-38   -3.9905E-36
     194.60000   -4.9032E-33   -1.3077E-38   -3.9362E-36
     194.70000   -4.9326E-33   -1.3404E-38   -3.8827E-36
     194.80000   -4.9632E-33   -1.3733E-38   -3.8301E-36
     194.90000   -4.9674E-33   -1.4087E-38   -3.7916E-36
     195.00000   -4.9389E-33   -1.4474E-38   -3.7699E-36
     195.10000   -4.9112E-33   -1.4868E-38   -3.7487E-36
     195.20000   -4.8841E-33   -1.5268E-38   -3.7280E-36
     195.30000   -4.8576E-33   -1.5675E-38   -3.7078E-36
     195.40000   -4.8317E-33   -1.6089E-38   -3.6881E-36
     195.50000   -4.8065E-33   -1.6509E-38   -3.6688E-36
     195.60000   -4.8042E-33   -1.6950E-38   -3.6671E-36
     195.70000   -4.8163E-33   -1.7248E-38   -3.6763E-36
     195.80000   -4.8231E-33   -1.7323E-38   -3.6815E-36
     195.90000   -4.8230E-33   -1.7167E-38   -3.6814E-36
     196.00000   -4.8344E-33   -1.6848E-38   -3.6901E-36
     196.10000   -4.8720E-33   -1.6541E-38   -3.7188E-36
     196.20000   -4.9103E-33   -1.6236E-38   -3.7481E-36
     196.30000   -4.9493E-33   -1.5933E-38   -3.7778E-36
     196.40000   -4.9890E-33   -1.5633E-38   -3.8081E-36
     196.50000   -5.0293E-33   -1.5334E-38   -3.8389E-36
     196.60000   -5.0704E-33   -1.5038E-38   -3.8703E-36
     196.70000   -5.1450E-33   -1.4713E-38   -3.8863E-36
     196.80000   -5.2629E-33   -1.4356E-38   -3.8831E-36
     196.90000   -5.3853E-33   -1.4005E-38   -3.8799E-36
     197.00000   -5.5123E-33   -1.3661E-38   -3.8766E-36
     197.10000   -5.6441E-33   -1.3324E-38   -3.8733E-36
     197.20000   -5.7808E-33   -1.2993E-38   -3.8701E-36
     197.30000   -5.9225E-33   -1.2668E-38   -3.8670E-36
     197.40000   -6.0694E-33   -1.2350E-38   -3.8640E-36
     197.50000   -6.2216E-33   -1.2038E-38   -3.8612E-36
     197.60000   -6.3792E-33   -1.1733E-38   -3.8585E-36
     197.70000   -6.5425E-33   -1.1433E-38   -3.8561E-36
     197.80000   -6.7115E-33   -1.1140E-38   -3.8539E-36
     197.90000   -6.8865E-33   -1.0853E-38   -3.8520E-36
     198.00000   -7.0676E-33   -1.0572E-38   -3.8504E-36
     198.10000   -7.2550E-33   -1.0296E-38   -3.8492E-36
     198.20000   -7.4489E-33   -1.0027E-38   -3.8483E-36
     198.30000   -7.6495E-33   -9.7627E-39   -3.8478E-36
     198.40000   -7.8570E-33   -9.5045E-39   -3.8478E-36
     198.50000   -8.0716E-33   -9.2519E-39   -3.8481E-36
     198.60000   -8.2936E-33   -9.0047E-39   -3.8490E-36
     198.70000   -8.5231E-33   -8.7629E-39   -3.8503E-36
     198.80000   -8.7604E-33   -8.5264E-39   -3.8522E-36
     198.90000   -9.0057E-33   -8.2951E-39   -3.8546E-36
     199.00000   -9.2594E-33   -8.0691E-39   -3.8575E-36
     199.10000   -9.4942E-33   -7.8553E-39   -3.8681E-36
     199.20000   -9.6047E-33   -7.6789E-39   -3.9131E-36
     199.30000   -9.7175E-33   -7.5040E-39   -3.9591E-36
     199.40000   -9.8620E-33   -7.3242E-39   -3.9984E-36
     199.50000   -1.0152E-32   -7.1163E-39   -4.0028E-36
     199.60000   -1.0451E-32   -6.9134E-39   -4.0079E-36
     199.70000   -1.0760E-32   -6.7153E-39   -4.0136E-36
     199.80000   -1.1080E-32   -6.5221E-39   -4.0200E-36
     199.90000   -1.1411E-32   -6.3336E-39   -4.0272E-36
     200.00000   -1.1753E-32   -6.1497E-39   -4.0351E-36
     200.10000   -1.2107E-32   -5.9705E-39   -4.0437E-36
     200.20000   -1.2473E-32   -5.7957E-39   -4.0530E-36
     200.30000   -1.2851E-32   -5.6254E-39   -4.0631E-36
     200.40000   -1.3241E-32   -5.4595E-39   -4.0739E-36
     200.50000   -1.3645E-32   -5.2980E-39   -4.0855E-36
     200.60000   -1.4062E-32   -5.1407E-39   -4.0979E-36
     200.70000   -1.4493E-32   -4.9877E-39   -4.1110E-36
     200.80000   -1.4939E-32   -4.8388E-39   -4.1249E-36
     200.90000   -1.5399E-32   -4.6941E-39   -4.1395E-36
     201.00000   -1.5874E-32   -4.5534E-39   -4.1548E-36
     201.10000   -1.6365E-32   -4.4169E-39   -4.1708E-36
     201.20000   -1.6871E-32   -4.2843E-39   -4.1876E-36
     201.30000   -1.7394E-32   -4.1557E-39   -4.2050E-36
     201.40000   -1.7933E-32   -4.0310E-39   -4.2230E-36
     201.50000   -1.8490E-32   -3.9102E-39   -4.2417E-36
     201.60000   -1.9063E-32   -3.7934E-39   -4.2609E-36
     201.70000   -1.9654E-32   -3.6804E-39   -4.2806E-36
     201.80000   -2.0262E-32   -3.5712E-39   -4.3008E-36
     201.90000   -2.0596E-32   -3.4805E-39   -4.3603E-36
     202.00000   -2.0901E-32   -3.3938E-39   -4.4248E-36
     202.10000   -2.1209E-32   -3.3094E-39   -4.4900E-36
     202.20000   -2.1520E-32   -3.2276E-39   -4.5559E-36
     202.30000   -2.1833E-32   -3.1482E-39   -4.6221E-36
     202.40000   -2.2148E-32   -3.0716E-39   -4.6887E-36
     202.50000   -2.2509E-32   -3.0047E-39   -4.7651E-36
     202.60000   -2.3028E-32   -2.9839E-39   -4.8752E-36
     202.70000   -2.3242E-32   -2.9578E-39   -4.9203E-36
     202.80000   -2.3167E-32   -2.9310E-39   -4.9045E-36
     202.90000   -2.3109E-32   -2.9421E-39   -4.8923E-36
     203.00000   -2.3107E-32   -2.9915E-39   -4.8919E-36
     203.10000   -2.3148E-32   -3.0549E-39   -4.9006E-36
     203.20000   -2.3181E-32   -3.1226E-39   -4.9075E-36
     203.30000   -2.3206E-32   -3.1947E-39   -4.9128E-36
     203.40000   -2.3223E-32   -3.2712E-39   -4.9164E-36
     203.50000   -2.3233E-32   -3.3525E-39   -4.9185E-36
     203.60000   -2.3236E-32   -3.4385E-39   -4.9192E-36
     203.70000   -2.3546E-32   -3.5126E-39   -4.8758E-36
     203.80000   -2.3881E-32   -3.5887E-39   -4.8278E-36
     203.90000   -2.4208E-32   -3.6690E-39   -4.7802E-36
     204.00000   -2.4526E-32   -3.7534E-39   -4.7331E-36
     204.10000   -2.4836E-32   -3.8422E-39   -4.6866E-36
     204.20000   -2.5138E-32   -3.9355E-39   -4.6407E-36
     204.30000   -2.5433E-32   -4.0336E-39   -4.5956E-36
     204.40000   -2.5721E-32   -4.1365E-39   -4.5514E-36
     204.50000   -2.6003E-32   -4.2447E-39   -4.5082E-36
     204.60000   -2.6280E-32   -4.3583E-39   -4.4660E-36
     204.70000   -2.6552E-32   -4.4776E-39   -4.4250E-36
     204.80000   -2.6822E-32   -4.6030E-39   -4.3853E-36
     204.90000   -2.7089E-32   -4.7350E-39   -4.3471E-36
     205.00000   -2.7355E-32   -4.8740E-39   -4.3104E-36
     205.10000   -2.7622E-32   -5.0205E-39   -4.2755E-36
     205.20000   -2.7890E-32   -5.1752E-39   -4.2425E-36
     205.30000   -2.8162E-32   -5.3389E-39   -4.2115E-36
     205.40000   -2.8440E-32   -5.5124E-39   -4.1829E-36
     205.50000   -2.8726E-32   -5.6970E-39   -4.1568E-36
     205.60000   -2.9022E-32   -5.8939E-39   -4.1336E-36
     205.70000   -2.9334E-32   -6.1049E-39   -4.1135E-36
     205.80000   -2.9663E-32   -6.3320E-39   -4.0972E-36
     205.90000   -3.0017E-32   -6.5779E-39   -4.0851E-36
     206.00000   -3.0402E-32   -6.8460E-39   -4.0780E-36
     206.10000   -3.0670E-32   -7.1634E-39   -4.0920E-36
     206.20000   -3.0895E-32   -7.5292E-39   -4.1220E-36
     206.30000   -3.1184E-32   -7.9391E-39   -4.1605E-36
     206.40000   -3.1709E-32   -8.3796E-39   -4.1955E-36
     206.50000   -3.2446E-32   -8.8770E-39   -4.2372E-36
     206.60000   -3.3351E-32   -9.4721E-39   -4.3000E-36
     206.70000   -3.4462E-32   -1.0189E-38   -4.3883E-36
     206.80000   -3.5606E-32   -1.0942E-38   -4.4792E-36
     206.90000   -3.5720E-32   -1.1184E-38   -4.4405E-36
     207.00000   -3.4431E-32   -1.0700E-38   -4.2312E-36
     207.10000   -3.2987E-32   -1.0123E-38   -4.0083E-36
     207.20000   -3.1768E-32   -9.6533E-39   -3.8181E-36
     207.30000   -3.0753E-32   -9.2822E-39   -3.6568E-36
     207.40000   -2.9889E-32   -8.9845E-39   -3.5172E-36
     207.50000   -2.9135E-32   -8.7407E-39   -3.3939E-36
     207.60000   -2.8465E-32   -8.5377E-39   -3.2834E-36
     207.70000   -2.7860E-32   -8.3661E-39   -3.1829E-36
     207.80000   -2.7307E-32   -8.2196E-39   -3.0908E-36
     207.90000   -2.6796E-32   -8.0934E-39   -3.0056E-36
     208.00000   -2.6320E-32   -7.9839E-39   -2.9264E-36
     208.10000   -2.5874E-32   -7.8885E-39   -2.8523E-36
     208.20000   -2.5453E-32   -7.8051E-39   -2.7826E-36
     208.30000   -2.5053E-32   -7.7319E-39   -2.7170E-36
     208.40000   -2.4673E-32   -7.6678E-39   -2.6550E-36
     208.50000   -2.4309E-32   -7.6115E-39   -2.5961E-36
     208.60000   -2.3960E-32   -7.5621E-39   -2.5402E-36
     208.70000   -2.3624E-32   -7.5189E-39   -2.4870E-36
     208.80000   -2.3269E-32   -7.4871E-39   -2.4386E-36
     208.90000   -2.2869E-32   -7.4713E-39   -2.3967E-36
     209.00000   -2.2486E-32   -7.4598E-39   -2.3565E-36
     209.10000   -2.2117E-32   -7.4519E-39   -2.3179E-36
     209.20000   -2.1762E-32   -7.4476E-39   -2.2807E-36
     209.30000   -2.1420E-32   -7.4463E-39   -2.2448E-36
     209.40000   -2.1090E-32   -7.4479E-39   -2.2102E-36
     209.50000   -2.0805E-32   -7.4453E-39   -2.1803E-36
     209.60000   -2.0594E-32   -7.3950E-39   -2.1582E-36
     209.70000   -2.0448E-32   -7.2923E-39   -2.1430E-36
     209.80000   -2.0366E-32   -7.1386E-39   -2.1343E-36
     209.90000   -2.0343E-32   -6.9358E-39   -2.1320E-36
     210.00000   -2.0351E-32   -6.7123E-39   -2.1327E-36
     210.10000   -2.0364E-32   -6.4977E-39   -2.1342E-36
     210.20000   -2.0384E-32   -6.2913E-39   -2.1363E-36
     210.30000   -2.0410E-32   -6.0927E-39   -2.1390E-36
     210.40000   -2.0442E-32   -5.9012E-39   -2.1423E-36
     210.50000   -2.0478E-32   -5.7164E-39   -2.1461E-36
     210.60000   -2.0536E-32   -5.5358E-39   -2.1492E-36
     210.70000   -2.0628E-32   -5.3575E-39   -2.1507E-36
     210.80000   -2.0723E-32   -5.1853E-39   -2.1526E-36
     210.90000   -2.0822E-32   -5.0188E-39   -2.1551E-36
     211.00000   -2.0923E-32   -4.8578E-39   -2.1580E-36
     211.10000   -2.1026E-32   -4.7019E-39   -2.1613E-36
     211.20000   -2.1132E-32   -4.5509E-39   -2.1650E-36
     211.30000   -2.1240E-32   -4.4046E-39   -2.1692E-36
     211.40000   -2.1351E-32   -4.2627E-39   -2.1738E-36
     211.50000   -2.1463E-32   -4.1252E-39   -2.1787E-36
     211.60000   -2.1577E-32   -3.9918E-39   -2.1840E-36
     211.70000   -2.1693E-32   -3.8624E-39   -2.1896E-36
     211.80000   -2.1811E-32   -3.7368E-39   -2.1956E-36
     211.90000   -2.1931E-32   -3.6148E-39   -2.2018E-36
     212.00000   -2.2051E-32   -3.4964E-39   -2.2084E-36
     212.10000   -2.2174E-32   -3.3814E-39   -2.2153E-36
     212.20000   -2.2297E-32   -3.2697E-39   -2.2224E-36
     212.30000   -2.2422E-32   -3.1612E-39   -2.2298E-36
     212.40000   -2.2547E-32   -3.0558E-39   -2.2375E-36
     212.50000   -2.2674E-32   -2.9534E-39   -2.2454E-36
     212.60000   -2.2801E-32   -2.8540E-39   -2.2535E-36
     212.70000   -2.2929E-32   -2.7574E-39   -2.2618E-36
     212.80000   -2.3057E-32   -2.6636E-39   -2.2703E-36
     212.90000   -2.3186E-32   -2.5724E-39   -2.2790E-36
     213.00000   -2.3313E-32   -2.4840E-39   -2.2879E-36
     213.10000   -2.3419E-32   -2.3985E-39   -2.2983E-36
     213.20000   -2.3526E-32   -2.3156E-39   -2.3088E-36
     213.30000   -2.3635E-32   -2.2350E-39   -2.3193E-36
     213.40000   -2.3762E-32   -2.1566E-39   -2.3287E-36
     213.50000   -2.3888E-32   -2.0804E-39   -2.3382E-36
     213.60000   -2.4014E-32   -2.0066E-39   -2.3478E-36
     213.70000   -2.4138E-32   -1.9350E-39   -2.3574E-36
     213.80000   -2.4261E-32   -1.8656E-39   -2.3669E-36
     213.90000   -2.4382E-32   -1.7983E-39   -2.3765E-36
     214.00000   -2.4502E-32   -1.7332E-39   -2.3860E-36
     214.10000   -2.4619E-32   -1.6701E-39   -2.3954E-36
     214.20000   -2.4734E-32   -1.6091E-39   -2.4047E-36
     214.30000   -2.4846E-32   -1.5501E-39   -2.4139E-36
     214.40000   -2.4956E-32   -1.4930E-39   -2.4229E-36
     214.50000   -2.5062E-32   -1.4379E-39   -2.4317E-36
     214.60000   -2.5164E-32   -1.3847E-39   -2.4402E-36
     214.70000   -2.5263E-32   -1.3334E-39   -2.4485E-36
     214.80000   -2.5357E-32   -1.2839E-39   -2.4566E-36
     214.90000   -2.5447E-32   -1.2362E-39   -2.4642E-36
     215.00000   -2.5532E-32   -1.1904E-39   -2.4715E-36
     215.10000   -2.5612E-32   -1.1462E-39   -2.4784E-36
     215.20000   -2.5686E-32   -1.1038E-39   -2.4849E-36
     215.30000   -2.5754E-32   -1.0631E-39   -2.4908E-36
     215.40000   -2.5816E-32   -1.0240E-39   -2.4963E-36
     215.50000   -2.5871E-32   -9.8659E-40   -2.5012E-36
     215.60000   -2.5920E-32   -9.5078E-40   -2.5055E-36
     215.70000   -2.5961E-32   -9.1654E-40   -2.5091E-36
     215.80000   -2.5993E-32   -8.8383E-40   -2.5122E-36
     215.90000   -2.6018E-32   -8.5267E-40   -2.5146E-36
     216.00000   -2.6035E-32   -8.2304E-40   -2.5162E-36
     216.10000   -2.6044E-32   -7.9490E-40   -2.5171E-36
     216.20000   -2.6045E-32   -7.6822E-40   -2.5172E-36
     216.30000   -2.6038E-32   -7.4297E-40   -2.5165E-36
     216.40000   -2.6043E-32   -7.1990E-40   -2.5170E-36
     216.50000   -2.6143E-32   -7.1412E-40   -2.5266E-36
     216.60000   -2.6124E-32   -7.2736E-40   -2.5248E-36
     216.70000   -2.5793E-32   -7.5442E-40   -2.4928E-36
     216.80000   -2.5327E-32   -8.0040E-40   -2.4478E-36
     216.90000   -2.4896E-32   -8.6934E-40   -2.4061E-36
     217.00000   -2.4540E-32   -9.4714E-40   -2.3718E-36
     217.10000   -2.4193E-32   -1.0282E-39   -2.3382E-36
     217.20000   -2.3855E-32   -1.1126E-39   -2.3056E-36
     217.30000   -2.3526E-32   -1.2002E-39   -2.2737E-36
     217.40000   -2.3206E-32   -1.2912E-39   -2.2428E-36
     217.50000   -2.2894E-32   -1.3854E-39   -2.2126E-36
     217.60000   -2.2577E-32   -1.4829E-39   -2.1841E-36
     217.70000   -2.2266E-32   -1.5838E-39   -2.1567E-36
     217.80000   -2.1963E-32   -1.6880E-39   -2.1300E-36
     217.90000   -2.1669E-32   -1.7957E-39   -2.1042E-36
     218.00000   -2.1383E-32   -1.9069E-39   -2.0792E-36
     218.10000   -2.1106E-32   -2.0215E-39   -2.0549E-36
     218.20000   -2.0837E-32   -2.1397E-39   -2.0314E-36
     218.30000   -2.0575E-32   -2.2614E-39   -2.0087E-36
     218.40000   -2.0321E-32   -2.3867E-39   -1.9867E-36
     218.50000   -2.0075E-32   -2.5157E-39   -1.9655E-36
     218.60000   -1.9836E-32   -2.6485E-39   -1.9449E-36
     218.70000   -1.9604E-32   -2.7849E-39   -1.9250E-36
     218.80000   -1.9378E-32   -2.9253E-39   -1.9059E-36
     218.90000   -1.9159E-32   -3.0695E-39   -1.8874E-36
     219.00000   -1.8947E-32   -3.2177E-39   -1.8695E-36
     219.10000   -1.8740E-32   -3.3700E-39   -1.8523E-36
     219.20000   -1.8540E-32   -3.5264E-39   -1.8356E-36
     219.30000   -1.8345E-32   -3.6871E-39   -1.8196E-36
     219.40000   -1.8156E-32   -3.8521E-39   -1.8042E-36
     219.50000   -1.7973E-32   -4.0216E-39   -1.7894E-36
     219.60000   -1.7795E-32   -4.1957E-39   -1.7751E-36
     219.70000   -1.7622E-32   -4.3745E-39   -1.7614E-36
     219.80000   -1.7454E-32   -4.5582E-39   -1.7483E-36
     219.90000   -1.7292E-32   -4.7468E-39   -1.7357E-36
     220.00000   -1.7146E-32   -4.9394E-39   -1.7228E-36
     220.10000   -1.7016E-32   -5.1361E-39   -1.7098E-36
     220.20000   -1.6891E-32   -5.3380E-39   -1.6973E-36
     220.30000   -1.6759E-32   -5.5471E-39   -1.6861E-36
     220.40000   -1.6619E-32   -5.7637E-39   -1.6762E-36
     220.50000   -1.6483E-32   -5.9865E-39   -1.6669E-36
     220.60000   -1.6352E-32   -6.2158E-39   -1.6580E-36
     220.70000   -1.6225E-32   -6.4521E-39   -1.6497E-36
     220.80000   -1.6103E-32   -6.6954E-39   -1.6419E-36
     220.90000   -1.5985E-32   -6.9463E-39   -1.6345E-36
     221.00000   -1.5872E-32   -7.2051E-39   -1.6278E-36
     221.10000   -1.5762E-32   -7.4723E-39   -1.6215E-36
     221.20000   -1.5658E-32   -7.7483E-39   -1.6158E-36
     221.30000   -1.5557E-32   -8.0336E-39   -1.6106E-36
     221.40000   -1.5461E-32   -8.3289E-39   -1.6059E-36
     221.50000   -1.5370E-32   -8.6347E-39   -1.6019E-36
     221.60000   -1.5284E-32   -8.9519E-39   -1.5984E-36
     221.70000   -1.5202E-32   -9.2812E-39   -1.5956E-36
     221.80000   -1.5126E-32   -9.6235E-39   -1.5934E-36
     221.90000   -1.5055E-32   -9.9800E-39   -1.5918E-36
     222.00000   -1.4990E-32   -1.0352E-38   -1.5910E-36
     222.10000   -1.4931E-32   -1.0740E-38   -1.5910E-36
     222.20000   -1.4878E-32   -1.1147E-38   -1.5918E-36
     222.30000   -1.4832E-32   -1.1575E-38   -1.5934E-36
     222.40000   -1.4794E-32   -1.2025E-38   -1.5960E-36
     222.50000   -1.4764E-32   -1.2500E-38   -1.5997E-36
     222.60000   -1.4744E-32   -1.3004E-38   -1.6046E-36
     222.70000   -1.4744E-32   -1.3535E-38   -1.6101E-36
     222.80000   -1.4787E-32   -1.4086E-38   -1.6148E-36
     222.90000   -1.4846E-32   -1.4680E-38   -1.6213E-36
     223.00000   -1.4924E-32   -1.5324E-38   -1.6298E-36
     223.10000   -1.5026E-32   -1.6031E-38   -1.6409E-36
     223.20000   -1.5157E-32   -1.6816E-38   -1.6553E-36
     223.30000   -1.5328E-32   -1.7704E-38   -1.6740E-36
     223.40000   -1.5557E-32   -1.8704E-38   -1.6989E-36
     223.50000   -1.5904E-32   -1.9779E-38   -1.7368E-36
     223.60000   -1.6425E-32   -2.1009E-38   -1.7937E-36
     223.70000   -1.7227E-32   -2.2598E-38   -1.8813E-36
     223.80000   -1.8613E-32   -2.5142E-38   -2.0326E-36
     223.90000   -2.0067E-32   -2.7546E-38   -2.1915E-36
     224.00000   -1.8355E-32   -2.3299E-38   -2.0045E-36
     224.10000   -1.7465E-32   -2.0874E-38   -1.9073E-36
     224.20000   -1.6931E-32   -1.9233E-38   -1.8489E-36
     224.30000   -1.6566E-32   -1.7976E-38   -1.8092E-36
     224.40000   -1.6302E-32   -1.6945E-38   -1.7803E-36
     224.50000   -1.6087E-32   -1.6075E-38   -1.7599E-36
     224.60000   -1.5868E-32   -1.5345E-38   -1.7490E-36
     224.70000   -1.5684E-32   -1.4695E-38   -1.7419E-36
     224.80000   -1.5525E-32   -1.4106E-38   -1.7381E-36
     224.90000   -1.5388E-32   -1.3566E-38   -1.7367E-36
     225.00000   -1.5266E-32   -1.3067E-38   -1.7376E-36
     225.10000   -1.5159E-32   -1.2602E-38   -1.7404E-36
     225.20000   -1.5062E-32   -1.2166E-38   -1.7448E-36
     225.30000   -1.4976E-32   -1.1755E-38   -1.7507E-36
     225.40000   -1.4897E-32   -1.1365E-38   -1.7579E-36
     225.50000   -1.4825E-32   -1.0995E-38   -1.7664E-36
     225.60000   -1.4759E-32   -1.0641E-38   -1.7761E-36
     225.70000   -1.4699E-32   -1.0302E-38   -1.7869E-36
     225.80000   -1.4643E-32   -9.9776E-39   -1.7988E-36
     225.90000   -1.4591E-32   -9.6650E-39   -1.8117E-36
     226.00000   -1.4542E-32   -9.3636E-39   -1.8256E-36
     226.10000   -1.4497E-32   -9.0725E-39   -1.8405E-36
     226.20000   -1.4454E-32   -8.7907E-39   -1.8563E-36
     226.30000   -1.4414E-32   -8.5175E-39   -1.8731E-36
     226.40000   -1.4375E-32   -8.2523E-39   -1.8908E-36
     226.50000   -1.4339E-32   -7.9945E-39   -1.9095E-36
     226.60000   -1.4304E-32   -7.7436E-39   -1.9292E-36
     226.70000   -1.4271E-32   -7.4991E-39   -1.9498E-36
     226.80000   -1.4239E-32   -7.2606E-39   -1.9713E-36
     226.90000   -1.4209E-32   -7.0276E-39   -1.9939E-36
     227.00000   -1.4293E-32   -6.7772E-39   -2.0066E-36
     227.10000   -1.4385E-32   -6.5327E-39   -2.0196E-36
     227.20000   -1.4481E-32   -6.2947E-39   -2.0331E-36
     227.30000   -1.4460E-32   -6.0830E-39   -2.0586E-36
     227.40000   -1.4434E-32   -5.8763E-39   -2.0856E-36
     227.50000   -1.4409E-32   -5.6736E-39   -2.1137E-36
     227.60000   -1.4384E-32   -5.4746E-39   -2.1429E-36
     227.70000   -1.4359E-32   -5.2793E-39   -2.1732E-36
     227.80000   -1.4335E-32   -5.0875E-39   -2.2046E-36
     227.90000   -1.4311E-32   -4.8990E-39   -2.2373E-36
     228.00000   -1.4287E-32   -4.7136E-39   -2.2712E-36
     228.10000   -1.4263E-32   -4.5313E-39   -2.3063E-36
     228.20000   -1.4239E-32   -4.3520E-39   -2.3428E-36
     228.30000   -1.4215E-32   -4.1755E-39   -2.3806E-36
     228.40000   -1.4190E-32   -4.0018E-39   -2.4198E-36
     228.50000   -1.4166E-32   -3.8308E-39   -2.4604E-36
     228.60000   -1.4141E-32   -3.6623E-39   -2.5025E-36
     228.70000   -1.4116E-32   -3.4965E-39   -2.5461E-36
     228.80000   -1.4090E-32   -3.3331E-39   -2.5912E-36
     228.90000   -1.4064E-32   -3.1722E-39   -2.6380E-36
     229.00000   -1.4038E-32   -3.0138E-39   -2.6864E-36
     229.10000   -1.4011E-32   -2.8577E-39   -2.7365E-36
     229.20000   -1.3983E-32   -2.7041E-39   -2.7884E-36
     229.30000   -1.3955E-32   -2.5528E-39   -2.8421E-36
     229.40000   -1.3925E-32   -2.4040E-39   -2.8977E-36
     229.50000   -1.3895E-32   -2.2575E-39   -2.9551E-36
     229.60000   -1.3865E-32   -2.1135E-39   -3.0145E-36
     229.70000   -1.3969E-32   -1.9761E-39   -3.0585E-36
     229.80000   -1.4139E-32   -1.8448E-39   -3.0957E-36
     229.90000   -1.4314E-32   -1.7179E-39   -3.1339E-36
     230.00000   -1.4493E-32   -1.5952E-39   -3.1731E-36
     230.10000   -1.4676E-32   -1.4769E-39   -3.2132E-36
     230.20000   -1.4864E-32   -1.3628E-39   -3.2543E-36
     230.30000   -1.5059E-32   -1.2532E-39   -3.2970E-36
     230.40000   -1.5332E-32   -1.1654E-39   -3.3569E-36
     230.50000   -1.5634E-32   -1.1034E-39   -3.4229E-36
     230.60000   -1.5947E-32   -1.0646E-39   -3.4914E-36
     230.70000   -1.5878E-32   -1.0231E-39   -3.4763E-36
     230.80000   -1.5846E-32   -1.0056E-39   -3.4694E-36
     230.90000   -1.5911E-32   -1.0002E-39   -3.4836E-36
     231.00000   -1.5972E-32   -9.9606E-40   -3.4970E-36
     231.10000   -1.6029E-32   -9.9310E-40   -3.5094E-36
     231.20000   -1.6081E-32   -9.9136E-40   -3.5209E-36
     231.30000   -1.6129E-32   -9.9085E-40   -3.5314E-36
     231.40000   -1.6173E-32   -9.9158E-40   -3.5409E-36
     231.50000   -1.6048E-32   -9.8575E-40   -3.5690E-36
     231.60000   -1.5848E-32   -9.7763E-40   -3.6053E-36
     231.70000   -1.5647E-32   -9.7078E-40   -3.6406E-36
     231.80000   -1.5445E-32   -9.6526E-40   -3.6750E-36
     231.90000   -1.5244E-32   -9.6109E-40   -3.7085E-36
     232.00000   -1.5042E-32   -9.5831E-40   -3.7410E-36
     232.10000   -1.4841E-32   -9.5696E-40   -3.7724E-36
     232.20000   -1.4640E-32   -9.5709E-40   -3.8027E-36
     232.30000   -1.4440E-32   -9.5873E-40   -3.8318E-36
     232.40000   -1.4241E-32   -9.6194E-40   -3.8598E-36
     232.50000   -1.4043E-32   -9.6675E-40   -3.8865E-36
     232.60000   -1.3846E-32   -9.7322E-40   -3.9121E-36
     232.70000   -1.3651E-32   -9.8138E-40   -3.9364E-36
     232.80000   -1.3458E-32   -9.9130E-40   -3.9593E-36
     232.90000   -1.3267E-32   -1.0030E-39   -3.9810E-36
     233.00000   -1.3078E-32   -1.0166E-39   -4.0014E-36
     233.10000   -1.2892E-32   -1.0321E-39   -4.0204E-36
     233.20000   -1.2709E-32   -1.0495E-39   -4.0381E-36
     233.30000   -1.2528E-32   -1.0689E-39   -4.0544E-36
     233.40000   -1.2351E-32   -1.0905E-39   -4.0693E-36
     233.50000   -1.2177E-32   -1.1141E-39   -4.0829E-36
     233.60000   -1.2007E-32   -1.1399E-39   -4.0951E-36
     233.70000   -1.1840E-32   -1.1680E-39   -4.1060E-36
     233.80000   -1.1676E-32   -1.1984E-39   -4.1155E-36
     233.90000   -1.1565E-32   -1.2358E-39   -4.1143E-36
     234.00000   -1.1522E-32   -1.2819E-39   -4.0991E-36
     234.10000   -1.1477E-32   -1.3298E-39   -4.0831E-36
     234.20000   -1.1385E-32   -1.3752E-39   -4.0753E-36
     234.30000   -1.1231E-32   -1.4167E-39   -4.0791E-36
     234.40000   -1.1080E-32   -1.4608E-39   -4.0817E-36
     234.50000   -1.0934E-32   -1.5075E-39   -4.0831E-36
     234.60000   -1.0793E-32   -1.5568E-39   -4.0833E-36
     234.70000   -1.0656E-32   -1.6088E-39   -4.0823E-36
     234.80000   -1.0524E-32   -1.6636E-39   -4.0802E-36
     234.90000   -1.0396E-32   -1.7212E-39   -4.0769E-36
     235.00000   -1.0272E-32   -1.7817E-39   -4.0726E-36
     235.10000   -1.0153E-32   -1.8451E-39   -4.0671E-36
     235.20000   -1.0039E-32   -1.9113E-39   -4.0606E-36
     235.30000   -9.9287E-33   -1.9806E-39   -4.0530E-36
     235.40000   -9.8231E-33   -2.0529E-39   -4.0445E-36
     235.50000   -9.7219E-33   -2.1282E-39   -4.0349E-36
     235.60000   -9.6252E-33   -2.2066E-39   -4.0244E-36
     235.70000   -9.5327E-33   -2.2881E-39   -4.0129E-36
     235.80000   -9.4445E-33   -2.3727E-39   -4.0005E-36
     235.90000   -9.3604E-33   -2.4605E-39   -3.9873E-36
     236.00000   -9.2805E-33   -2.5514E-39   -3.9732E-36
     236.10000   -9.2047E-33   -2.6454E-39   -3.9583E-36
     236.20000   -9.1328E-33   -2.7426E-39   -3.9425E-36
     236.30000   -9.0648E-33   -2.8430E-39   -3.9261E-36
     236.40000   -9.0007E-33   -2.9466E-39   -3.9089E-36
     236.50000   -8.9403E-33   -3.0533E-39   -3.8910E-36
     236.60000   -8.8846E-33   -3.1633E-39   -3.8723E-36
     236.70000   -8.8374E-33   -3.2766E-39   -3.8517E-36
     236.80000   -8.7903E-33   -3.3924E-39   -3.8312E-36
     236.90000   -8.7436E-33   -3.5107E-39   -3.8108E-36
     237.00000   -8.6971E-33   -3.6316E-39   -3.7905E-36
     237.10000   -8.6509E-33   -3.7550E-39   -3.7704E-36
     237.20000   -8.6050E-33   -3.8811E-39   -3.7504E-36
     237.30000   -8.5843E-33   -4.0137E-39   -3.7414E-36
     237.40000   -8.6079E-33   -4.1133E-39   -3.7517E-36
     237.50000   -8.6239E-33   -4.1448E-39   -3.7587E-36
     237.60000   -8.6000E-33   -4.0918E-39   -3.7482E-36
     237.70000   -8.5820E-33   -3.9779E-39   -3.7404E-36
     237.80000   -8.6174E-33   -3.8467E-39   -3.7558E-36
     237.90000   -8.6633E-33   -3.7214E-39   -3.7758E-36
     238.00000   -8.7096E-33   -3.5987E-39   -3.7960E-36
     238.10000   -8.7562E-33   -3.4785E-39   -3.8163E-36
     238.20000   -8.8030E-33   -3.3608E-39   -3.8367E-36
     238.30000   -8.8501E-33   -3.2457E-39   -3.8573E-36
     238.40000   -8.8985E-33   -3.1332E-39   -3.8776E-36
     238.50000   -8.9563E-33   -3.0242E-39   -3.8959E-36
     238.60000   -9.0177E-33   -2.9183E-39   -3.9136E-36
     238.70000   -9.0829E-33   -2.8156E-39   -3.9306E-36
     238.80000   -9.1519E-33   -2.7160E-39   -3.9469E-36
     238.90000   -9.2248E-33   -2.6197E-39   -3.9624E-36
     239.00000   -9.3017E-33   -2.5265E-39   -3.9771E-36
     239.10000   -9.3827E-33   -2.4364E-39   -3.9909E-36
     239.20000   -9.4679E-33   -2.3495E-39   -4.0040E-36
     239.30000   -9.5573E-33   -2.2657E-39   -4.0161E-36
     239.40000   -9.6509E-33   -2.1851E-39   -4.0273E-36
     239.50000   -9.7489E-33   -2.1075E-39   -4.0376E-36
     239.60000   -9.8512E-33   -2.0330E-39   -4.0469E-36
     239.70000   -9.9580E-33   -1.9616E-39   -4.0552E-36
     239.80000   -1.0069E-32   -1.8931E-39   -4.0625E-36
     239.90000   -1.0185E-32   -1.8276E-39   -4.0687E-36
     240.00000   -1.0305E-32   -1.7651E-39   -4.0738E-36
     240.10000   -1.0430E-32   -1.7054E-39   -4.0779E-36
     240.20000   -1.0559E-32   -1.6485E-39   -4.0808E-36
     240.30000   -1.0693E-32   -1.5945E-39   -4.0827E-36
     240.40000   -1.0831E-32   -1.5432E-39   -4.0833E-36
     240.50000   -1.0973E-32   -1.4946E-39   -4.0828E-36
     240.60000   -1.1121E-32   -1.4486E-39   -4.0811E-36
     240.70000   -1.1272E-32   -1.4053E-39   -4.0782E-36
     240.80000   -1.1428E-32   -1.3644E-39   -4.0741E-36
     240.90000   -1.1490E-32   -1.3167E-39   -4.0875E-36
     241.00000   -1.1534E-32   -1.2693E-39   -4.1033E-36
     241.10000   -1.1576E-32   -1.2237E-39   -4.1184E-36
     241.20000   -1.1720E-32   -1.1900E-39   -4.1130E-36
     241.30000   -1.1884E-32   -1.1602E-39   -4.1032E-36
     241.40000   -1.2052E-32   -1.1327E-39   -4.0920E-36
     241.50000   -1.2224E-32   -1.1075E-39   -4.0794E-36
     241.60000   -1.2399E-32   -1.0844E-39   -4.0654E-36
     241.70000   -1.2577E-32   -1.0635E-39   -4.0501E-36
     241.80000   -1.2758E-32   -1.0446E-39   -4.0334E-36
     241.90000   -1.2942E-32   -1.0277E-39   -4.0154E-36
     242.00000   -1.3129E-32   -1.0127E-39   -3.9960E-36
     242.10000   -1.3318E-32   -9.9967E-40   -3.9753E-36
     242.20000   -1.3510E-32   -9.8844E-40   -3.9532E-36
     242.30000   -1.3704E-32   -9.7901E-40   -3.9299E-36
     242.40000   -1.3899E-32   -9.7130E-40   -3.9053E-36
     242.50000   -1.4096E-32   -9.6529E-40   -3.8794E-36
     242.60000   -1.4294E-32   -9.6092E-40   -3.8523E-36
     242.70000   -1.4494E-32   -9.5814E-40   -3.8240E-36
     242.80000   -1.4694E-32   -9.5691E-40   -3.7946E-36
     242.90000   -1.4895E-32   -9.5718E-40   -3.7640E-36
     243.00000   -1.5097E-32   -9.5892E-40   -3.7323E-36
     243.10000   -1.5298E-32   -9.6208E-40   -3.6996E-36
     243.20000   -1.5500E-32   -9.6662E-40   -3.6658E-36
     243.30000   -1.5701E-32   -9.7251E-40   -3.6311E-36
     243.40000   -1.5902E-32   -9.7970E-40   -3.5955E-36
     243.50000   -1.6102E-32   -9.8816E-40   -3.5591E-36
     243.60000   -1.6161E-32   -9.9126E-40   -3.5384E-36
     243.70000   -1.6117E-32   -9.9087E-40   -3.5287E-36
     243.80000   -1.6068E-32   -9.9171E-40   -3.5179E-36
     243.90000   -1.6014E-32   -9.9378E-40   -3.5062E-36
     244.00000   -1.5956E-32   -9.9706E-40   -3.4935E-36
     244.10000   -1.5894E-32   -1.0015E-39   -3.4799E-36
     244.20000   -1.5828E-32   -1.0072E-39   -3.4654E-36
     244.30000   -1.5907E-32   -1.0327E-39   -3.4828E-36
     244.40000   -1.5884E-32   -1.0744E-39   -3.4777E-36
     244.50000   -1.5547E-32   -1.1175E-39   -3.4039E-36
     244.60000   -1.5257E-32   -1.1866E-39   -3.3404E-36
     244.70000   -1.5003E-32   -1.2823E-39   -3.2849E-36
     244.80000   -1.4812E-32   -1.3932E-39   -3.2431E-36
     244.90000   -1.4626E-32   -1.5084E-39   -3.2022E-36
     245.00000   -1.4444E-32   -1.6279E-39   -3.1624E-36
     245.10000   -1.4266E-32   -1.7518E-39   -3.1235E-36
     245.20000   -1.4093E-32   -1.8799E-39   -3.0855E-36
     245.30000   -1.3924E-32   -2.0124E-39   -3.0486E-36
     245.40000   -1.3873E-32   -2.1522E-39   -2.9982E-36
     245.50000   -1.3904E-32   -2.2969E-39   -2.9394E-36
     245.60000   -1.3933E-32   -2.4440E-39   -2.8825E-36
     245.70000   -1.3962E-32   -2.5935E-39   -2.8274E-36
     245.80000   -1.3990E-32   -2.7454E-39   -2.7742E-36
     245.90000   -1.4018E-32   -2.8997E-39   -2.7228E-36
     246.00000   -1.4045E-32   -3.0564E-39   -2.6731E-36
     246.10000   -1.4071E-32   -3.2155E-39   -2.6252E-36
     246.20000   -1.4097E-32   -3.3771E-39   -2.5788E-36
     246.30000   -1.4123E-32   -3.5411E-39   -2.5341E-36
     246.40000   -1.4148E-32   -3.7076E-39   -2.4909E-36
     246.50000   -1.4173E-32   -3.8768E-39   -2.4493E-36
     246.60000   -1.4197E-32   -4.0485E-39   -2.4090E-36
     246.70000   -1.4221E-32   -4.2230E-39   -2.3702E-36
     246.80000   -1.4245E-32   -4.4002E-39   -2.3328E-36
     246.90000   -1.4269E-32   -4.5804E-39   -2.2967E-36
     247.00000   -1.4293E-32   -4.7635E-39   -2.2619E-36
     247.10000   -1.4317E-32   -4.9496E-39   -2.2284E-36
     247.20000   -1.4342E-32   -5.1391E-39   -2.1960E-36
     247.30000   -1.4366E-32   -5.3318E-39   -2.1649E-36
     247.40000   -1.4390E-32   -5.5281E-39   -2.1349E-36
     247.50000   -1.4415E-32   -5.7280E-39   -2.1060E-36
     247.60000   -1.4441E-32   -5.9318E-39   -2.0782E-36
     247.70000   -1.4467E-32   -6.1396E-39   -2.0515E-36
     247.80000   -1.4455E-32   -6.3368E-39   -2.0294E-36
     247.90000   -1.4360E-32   -6.5981E-39   -2.0160E-36
     248.00000   -1.4268E-32   -6.8445E-39   -2.0032E-36
     248.10000   -1.4217E-32   -7.0901E-39   -1.9877E-36
     248.20000   -1.4248E-32   -7.3245E-39   -1.9654E-36
     248.30000   -1.4280E-32   -7.5646E-39   -1.9441E-36
     248.40000   -1.4314E-32   -7.8108E-39   -1.9238E-36
     248.50000   -1.4349E-32   -8.0636E-39   -1.9044E-36
     248.60000   -1.4386E-32   -8.3233E-39   -1.8859E-36
     248.70000   -1.4424E-32   -8.5906E-39   -1.8685E-36
     248.80000   -1.4465E-32   -8.8660E-39   -1.8519E-36
     248.90000   -1.4509E-32   -9.1503E-39   -1.8363E-36
     249.00000   -1.4555E-32   -9.4441E-39   -1.8217E-36
     249.10000   -1.4604E-32   -9.7484E-39   -1.8081E-36
     249.20000   -1.4658E-32   -1.0064E-38   -1.7955E-36
     249.30000   -1.4715E-32   -1.0393E-38   -1.7839E-36
     249.40000   -1.4777E-32   -1.0735E-38   -1.7734E-36
     249.50000   -1.4844E-32   -1.1093E-38   -1.7640E-36
     249.60000   -1.4918E-32   -1.1468E-38   -1.7558E-36
     249.70000   -1.4998E-32   -1.1864E-38   -1.7489E-36
     249.80000   -1.5088E-32   -1.2281E-38   -1.7434E-36
     249.90000   -1.5187E-32   -1.2725E-38   -1.7394E-36
     250.00000   -1.5298E-32   -1.3199E-38   -1.7372E-36
     250.10000   -1.5423E-32   -1.3708E-38   -1.7369E-36
     250.20000   -1.5566E-32   -1.4260E-38   -1.7388E-36
     250.30000   -1.5731E-32   -1.4864E-38   -1.7435E-36
     250.40000   -1.5924E-32   -1.5534E-38   -1.7515E-36
     250.50000   -1.6152E-32   -1.6290E-38   -1.7639E-36
     250.60000   -1.6366E-32   -1.7206E-38   -1.7873E-36
     250.70000   -1.6653E-32   -1.8289E-38   -1.8186E-36
     250.80000   -1.7054E-32   -1.9629E-38   -1.8624E-36
     250.90000   -1.7658E-32   -2.1424E-38   -1.9284E-36
     251.00000   -1.8716E-32   -2.4220E-38   -2.0439E-36
     251.10000   -2.0175E-32   -2.7969E-38   -2.2032E-36
     251.20000   -1.8144E-32   -2.4287E-38   -1.9815E-36
     251.30000   -1.6972E-32   -2.2112E-38   -1.8534E-36
     251.40000   -1.6262E-32   -2.0653E-38   -1.7760E-36
     251.50000   -1.5795E-32   -1.9477E-38   -1.7249E-36
     251.60000   -1.5486E-32   -1.8428E-38   -1.6912E-36
     251.70000   -1.5278E-32   -1.7452E-38   -1.6684E-36
     251.80000   -1.5118E-32   -1.6595E-38   -1.6510E-36
     251.90000   -1.4996E-32   -1.5833E-38   -1.6376E-36
     252.00000   -1.4901E-32   -1.5144E-38   -1.6273E-36
     252.10000   -1.4828E-32   -1.4515E-38   -1.6193E-36
     252.20000   -1.4774E-32   -1.3933E-38   -1.6134E-36
     252.30000   -1.4736E-32   -1.3391E-38   -1.6090E-36
     252.40000   -1.4748E-32   -1.2864E-38   -1.6032E-36
     252.50000   -1.4771E-32   -1.2369E-38   -1.5986E-36
     252.60000   -1.4803E-32   -1.1901E-38   -1.5952E-36
     252.70000   -1.4844E-32   -1.1457E-38   -1.5929E-36
     252.80000   -1.4891E-32   -1.1035E-38   -1.5915E-36
     252.90000   -1.4946E-32   -1.0634E-38   -1.5909E-36
     253.00000   -1.5007E-32   -1.0250E-38   -1.5912E-36
     253.10000   -1.5074E-32   -9.8821E-39   -1.5922E-36
     253.20000   -1.5146E-32   -9.5296E-39   -1.5939E-36
     253.30000   -1.5224E-32   -9.1908E-39   -1.5963E-36
     253.40000   -1.5307E-32   -8.8649E-39   -1.5993E-36
     253.50000   -1.5394E-32   -8.5509E-39   -1.6029E-36
     253.60000   -1.5487E-32   -8.2480E-39   -1.6071E-36
     253.70000   -1.5584E-32   -7.9555E-39   -1.6119E-36
     253.80000   -1.5685E-32   -7.6727E-39   -1.6173E-36
     253.90000   -1.5791E-32   -7.3992E-39   -1.6231E-36
     254.00000   -1.5902E-32   -7.1343E-39   -1.6295E-36
     254.10000   -1.6017E-32   -6.8777E-39   -1.6365E-36
     254.20000   -1.6136E-32   -6.6289E-39   -1.6439E-36
     254.30000   -1.6259E-32   -6.3875E-39   -1.6519E-36
     254.40000   -1.6387E-32   -6.1531E-39   -1.6604E-36
     254.50000   -1.6519E-32   -5.9256E-39   -1.6693E-36
     254.60000   -1.6656E-32   -5.7045E-39   -1.6788E-36
     254.70000   -1.6797E-32   -5.4896E-39   -1.6889E-36
     254.80000   -1.6925E-32   -5.2829E-39   -1.7006E-36
     254.90000   -1.7051E-32   -5.0824E-39   -1.7133E-36
     255.00000   -1.7182E-32   -4.8871E-39   -1.7264E-36
     255.10000   -1.7335E-32   -4.6953E-39   -1.7390E-36
     255.20000   -1.7499E-32   -4.5080E-39   -1.7518E-36
     255.30000   -1.7668E-32   -4.3257E-39   -1.7651E-36
     255.40000   -1.7843E-32   -4.1482E-39   -1.7789E-36
     255.50000   -1.8022E-32   -3.9753E-39   -1.7933E-36
     255.60000   -1.8207E-32   -3.8071E-39   -1.8083E-36
     255.70000   -1.8397E-32   -3.6432E-39   -1.8239E-36
     255.80000   -1.8593E-32   -3.4837E-39   -1.8401E-36
     255.90000   -1.8795E-32   -3.3284E-39   -1.8569E-36
     256.00000   -1.9003E-32   -3.1772E-39   -1.8743E-36
     256.10000   -1.9218E-32   -3.0301E-39   -1.8923E-36
     256.20000   -1.9438E-32   -2.8869E-39   -1.9110E-36
     256.30000   -1.9666E-32   -2.7476E-39   -1.9304E-36
     256.40000   -1.9900E-32   -2.6122E-39   -1.9504E-36
     256.50000   -2.0141E-32   -2.4805E-39   -1.9711E-36
     256.60000   -2.0389E-32   -2.3525E-39   -1.9926E-36
     256.70000   -2.0645E-32   -2.2281E-39   -2.0148E-36
     256.80000   -2.0909E-32   -2.1073E-39   -2.0377E-36
     256.90000   -2.1180E-32   -1.9901E-39   -2.0614E-36
     257.00000   -2.1460E-32   -1.8765E-39   -2.0858E-36
     257.10000   -2.1747E-32   -1.7663E-39   -2.1111E-36
     257.20000   -2.2044E-32   -1.6595E-39   -2.1372E-36
     257.30000   -2.2349E-32   -1.5562E-39   -2.1640E-36
     257.40000   -2.2663E-32   -1.4562E-39   -2.1917E-36
     257.50000   -2.2977E-32   -1.3596E-39   -2.2207E-36
     257.60000   -2.3291E-32   -1.2662E-39   -2.2511E-36
     257.70000   -2.3614E-32   -1.1762E-39   -2.2823E-36
     257.80000   -2.3946E-32   -1.0894E-39   -2.3143E-36
     257.90000   -2.4286E-32   -1.0060E-39   -2.3472E-36
     258.00000   -2.4636E-32   -9.2577E-40   -2.3810E-36
     258.10000   -2.4993E-32   -8.4886E-40   -2.4155E-36
     258.20000   -2.5456E-32   -7.8577E-40   -2.4603E-36
     258.30000   -2.5906E-32   -7.4556E-40   -2.5038E-36
     258.40000   -2.6155E-32   -7.2228E-40   -2.5279E-36
     258.50000   -2.6121E-32   -7.1363E-40   -2.5245E-36
     258.60000   -2.6028E-32   -7.2543E-40   -2.5155E-36
     258.70000   -2.6041E-32   -7.4966E-40   -2.5168E-36
     258.80000   -2.6046E-32   -7.7529E-40   -2.5173E-36
     258.90000   -2.6042E-32   -8.0236E-40   -2.5169E-36
     259.00000   -2.6031E-32   -8.3090E-40   -2.5158E-36
     259.10000   -2.6012E-32   -8.6095E-40   -2.5140E-36
     259.20000   -2.5985E-32   -8.9253E-40   -2.5114E-36
     259.30000   -2.5951E-32   -9.2565E-40   -2.5082E-36
     259.40000   -2.5907E-32   -9.6031E-40   -2.5044E-36
     259.50000   -2.5857E-32   -9.9656E-40   -2.4999E-36
     259.60000   -2.5800E-32   -1.0344E-39   -2.4948E-36
     259.70000   -2.5736E-32   -1.0739E-39   -2.4893E-36
     259.80000   -2.5666E-32   -1.1151E-39   -2.4832E-36
     259.90000   -2.5591E-32   -1.1580E-39   -2.4766E-36
     260.00000   -2.5509E-32   -1.2026E-39   -2.4696E-36
     260.10000   -2.5423E-32   -1.2490E-39   -2.4622E-36
     260.20000   -2.5332E-32   -1.2971E-39   -2.4544E-36
     260.30000   -2.5236E-32   -1.3471E-39   -2.4463E-36
     260.40000   -2.5137E-32   -1.3989E-39   -2.4379E-36
     260.50000   -2.5033E-32   -1.4526E-39   -2.4293E-36
     260.60000   -2.4926E-32   -1.5083E-39   -2.4205E-36
     260.70000   -2.4816E-32   -1.5658E-39   -2.4114E-36
     260.80000   -2.4703E-32   -1.6254E-39   -2.4022E-36
     260.90000   -2.4588E-32   -1.6870E-39   -2.3928E-36
     261.00000   -2.4470E-32   -1.7506E-39   -2.3834E-36
     261.10000   -2.4350E-32   -1.8163E-39   -2.3739E-36
     261.20000   -2.4228E-32   -1.8841E-39   -2.3643E-36
     261.30000   -2.4104E-32   -1.9541E-39   -2.3548E-36
     261.40000   -2.3980E-32   -2.0263E-39   -2.3452E-36
     261.50000   -2.3854E-32   -2.1008E-39   -2.3356E-36
     261.60000   -2.3727E-32   -2.1775E-39   -2.3261E-36
     261.70000   -2.3604E-32   -2.2566E-39   -2.3165E-36
     261.80000   -2.3497E-32   -2.3378E-39   -2.3060E-36
     261.90000   -2.3390E-32   -2.4214E-39   -2.2955E-36
     262.00000   -2.3280E-32   -2.5076E-39   -2.2854E-36
     262.10000   -2.3151E-32   -2.5968E-39   -2.2766E-36
     262.20000   -2.3022E-32   -2.6887E-39   -2.2680E-36
     262.30000   -2.2894E-32   -2.7833E-39   -2.2595E-36
     262.40000   -2.2767E-32   -2.8806E-39   -2.2513E-36
     262.50000   -2.2639E-32   -2.9808E-39   -2.2432E-36
     262.60000   -2.2513E-32   -3.0840E-39   -2.2354E-36
     262.70000   -2.2388E-32   -3.1902E-39   -2.2278E-36
     262.80000   -2.2264E-32   -3.2996E-39   -2.2205E-36
     262.90000   -2.2140E-32   -3.4121E-39   -2.2134E-36
     263.00000   -2.2019E-32   -3.5281E-39   -2.2066E-36
     263.10000   -2.1898E-32   -3.6474E-39   -2.2001E-36
     263.20000   -2.1779E-32   -3.7704E-39   -2.1939E-36
     263.30000   -2.1662E-32   -3.8970E-39   -2.1880E-36
     263.40000   -2.1546E-32   -4.0275E-39   -2.1825E-36
     263.50000   -2.1432E-32   -4.1620E-39   -2.1773E-36
     263.60000   -2.1321E-32   -4.3007E-39   -2.1725E-36
     263.70000   -2.1211E-32   -4.4437E-39   -2.1680E-36
     263.80000   -2.1103E-32   -4.5912E-39   -2.1640E-36
     263.90000   -2.0998E-32   -4.7435E-39   -2.1603E-36
     264.00000   -2.0895E-32   -4.9008E-39   -2.1571E-36
     264.10000   -2.0795E-32   -5.0633E-39   -2.1544E-36
     264.20000   -2.0697E-32   -5.2313E-39   -2.1521E-36
     264.30000   -2.0603E-32   -5.4051E-39   -2.1502E-36
     264.40000   -2.0511E-32   -5.5851E-39   -2.1489E-36
     264.50000   -2.0468E-32   -5.7657E-39   -2.1450E-36
     264.60000   -2.0433E-32   -5.9523E-39   -2.1413E-36
     264.70000   -2.0403E-32   -6.1457E-39   -2.1382E-36
     264.80000   -2.0378E-32   -6.3463E-39   -2.1357E-36
     264.90000   -2.0360E-32   -6.5549E-39   -2.1337E-36
     265.00000   -2.0348E-32   -6.7718E-39   -2.1325E-36
     265.10000   -2.0343E-32   -6.9954E-39   -2.1320E-36
     265.20000   -2.0382E-32   -7.1851E-39   -2.1360E-36
     265.30000   -2.0482E-32   -7.3252E-39   -2.1465E-36
     265.40000   -2.0644E-32   -7.4138E-39   -2.1635E-36
     265.50000   -2.0873E-32   -7.4498E-39   -2.1875E-36
     265.60000   -2.1178E-32   -7.4472E-39   -2.2195E-36
     265.70000   -2.1511E-32   -7.4464E-39   -2.2544E-36
     265.80000   -2.1857E-32   -7.4484E-39   -2.2906E-36
     265.90000   -2.2215E-32   -7.4537E-39   -2.3282E-36
     266.00000   -2.2588E-32   -7.4625E-39   -2.3672E-36
     266.10000   -2.2976E-32   -7.4752E-39   -2.4079E-36
     266.20000   -2.3380E-32   -7.4922E-39   -2.4503E-36
     266.30000   -2.3714E-32   -7.5300E-39   -2.5012E-36
     266.40000   -2.4053E-32   -7.5748E-39   -2.5551E-36
     266.50000   -2.4406E-32   -7.6260E-39   -2.6118E-36
     266.60000   -2.4774E-32   -7.6843E-39   -2.6714E-36
     266.70000   -2.5159E-32   -7.7508E-39   -2.7344E-36
     266.80000   -2.5564E-32   -7.8265E-39   -2.8011E-36
     266.90000   -2.5992E-32   -7.9130E-39   -2.8718E-36
     267.00000   -2.6446E-32   -8.0120E-39   -2.9473E-36
     267.10000   -2.6931E-32   -8.1257E-39   -3.0280E-36
     267.20000   -2.7452E-32   -8.2571E-39   -3.1150E-36
     267.30000   -2.8018E-32   -8.4098E-39   -3.2092E-36
     267.40000   -2.8639E-32   -8.5892E-39   -3.3122E-36
     267.50000   -2.9330E-32   -8.8022E-39   -3.4259E-36
     267.60000   -3.0110E-32   -9.0590E-39   -3.5531E-36
     267.70000   -3.1011E-32   -9.3743E-39   -3.6980E-36
     267.80000   -3.2076E-32   -9.7695E-39   -3.8664E-36
     267.90000   -3.3358E-32   -1.0270E-38   -4.0656E-36
     268.00000   -3.4835E-32   -1.0861E-38   -4.2941E-36
     268.10000   -3.5869E-32   -1.1210E-38   -4.4733E-36
     268.20000   -3.5333E-32   -1.0754E-38   -4.4593E-36
     268.30000   -3.4142E-32   -9.9831E-39   -4.3621E-36
     268.40000   -3.3086E-32   -9.2998E-39   -4.2806E-36
     268.50000   -3.2232E-32   -8.7340E-39   -4.2241E-36
     268.60000   -3.1532E-32   -8.2583E-39   -4.1872E-36
     268.70000   -3.1099E-32   -7.8232E-39   -4.1491E-36
     268.80000   -3.0829E-32   -7.4264E-39   -4.1131E-36
     268.90000   -3.0619E-32   -7.0708E-39   -4.0851E-36
     269.00000   -3.0294E-32   -6.7711E-39   -4.0793E-36
     269.10000   -2.9919E-32   -6.5093E-39   -4.0879E-36
     269.20000   -2.9572E-32   -6.2688E-39   -4.1012E-36
     269.30000   -2.9248E-32   -6.0463E-39   -4.1186E-36
     269.40000   -2.8941E-32   -5.8394E-39   -4.1395E-36
     269.50000   -2.8647E-32   -5.6459E-39   -4.1636E-36
     269.60000   -2.8364E-32   -5.4645E-39   -4.1904E-36
     269.70000   -2.8088E-32   -5.2937E-39   -4.2197E-36
     269.80000   -2.7817E-32   -5.1325E-39   -4.2512E-36
     269.90000   -2.7549E-32   -4.9801E-39   -4.2848E-36
     270.00000   -2.7283E-32   -4.8357E-39   -4.3202E-36
     270.10000   -2.7017E-32   -4.6987E-39   -4.3573E-36
     270.20000   -2.6749E-32   -4.5685E-39   -4.3959E-36
     270.30000   -2.6479E-32   -4.4447E-39   -4.4360E-36
     270.40000   -2.6205E-32   -4.3270E-39   -4.4773E-36
     270.50000   -2.5927E-32   -4.2149E-39   -4.5197E-36
     270.60000   -2.5643E-32   -4.1082E-39   -4.5633E-36
     270.70000   -2.5354E-32   -4.0066E-39   -4.6077E-36
     270.80000   -2.5057E-32   -3.9098E-39   -4.6531E-36
     270.90000   -2.4753E-32   -3.8177E-39   -4.6991E-36
     271.00000   -2.4441E-32   -3.7301E-39   -4.7458E-36
     271.10000   -2.4121E-32   -3.6468E-39   -4.7931E-36
     271.20000   -2.3792E-32   -3.5677E-39   -4.8408E-36
     271.30000   -2.3453E-32   -3.4926E-39   -4.8888E-36
     271.40000   -2.3236E-32   -3.4147E-39   -4.9191E-36
     271.50000   -2.3231E-32   -3.3300E-39   -4.9181E-36
     271.60000   -2.3219E-32   -3.2501E-39   -4.9156E-36
     271.70000   -2.3200E-32   -3.1747E-39   -4.9115E-36
     271.80000   -2.3173E-32   -3.1039E-39   -4.9058E-36
     271.90000   -2.3138E-32   -3.0374E-39   -4.8984E-36
     272.00000   -2.3095E-32   -2.9751E-39   -4.8892E-36
     272.10000   -2.3125E-32   -2.9355E-39   -4.8956E-36
     272.20000   -2.3185E-32   -2.9344E-39   -4.9084E-36
     272.30000   -2.3247E-32   -2.9694E-39   -4.9214E-36
     272.40000   -2.2888E-32   -2.9862E-39   -4.8454E-36
     272.50000   -2.2378E-32   -3.0173E-39   -4.7375E-36
     272.60000   -2.2063E-32   -3.0920E-39   -4.6707E-36
     272.70000   -2.1748E-32   -3.1694E-39   -4.6042E-36
     272.80000   -2.1436E-32   -3.2495E-39   -4.5380E-36
     272.90000   -2.1125E-32   -3.3320E-39   -4.4723E-36
     273.00000   -2.0818E-32   -3.4170E-39   -4.4073E-36
     273.10000   -2.0514E-32   -3.5043E-39   -4.3429E-36
     273.20000   -2.0096E-32   -3.6003E-39   -4.2953E-36
     273.30000   -1.9492E-32   -3.7105E-39   -4.2752E-36
     273.40000   -1.8906E-32   -3.8246E-39   -4.2556E-36
     273.50000   -1.8338E-32   -3.9425E-39   -4.2366E-36
     273.60000   -1.7786E-32   -4.0643E-39   -4.2181E-36
     273.70000   -1.7251E-32   -4.1901E-39   -4.2002E-36
     273.80000   -1.6733E-32   -4.3197E-39   -4.1830E-36
     273.90000   -1.6230E-32   -4.4534E-39   -4.1664E-36
     274.00000   -1.5744E-32   -4.5911E-39   -4.1506E-36
     274.10000   -1.5273E-32   -4.7328E-39   -4.1354E-36
     274.20000   -1.4817E-32   -4.8787E-39   -4.1210E-36
     274.30000   -1.4375E-32   -5.0287E-39   -4.1074E-36
     274.40000   -1.3948E-32   -5.1828E-39   -4.0945E-36
     274.50000   -1.3534E-32   -5.3413E-39   -4.0823E-36
     274.60000   -1.3134E-32   -5.5040E-39   -4.0709E-36
     274.70000   -1.2747E-32   -5.6710E-39   -4.0603E-36
     274.80000   -1.2373E-32   -5.8425E-39   -4.0504E-36
     274.90000   -1.2010E-32   -6.0185E-39   -4.0413E-36
     275.00000   -1.1660E-32   -6.1990E-39   -4.0329E-36
     275.10000   -1.1321E-32   -6.3841E-39   -4.0252E-36
     275.20000   -1.0993E-32   -6.5739E-39   -4.0182E-36
     275.30000   -1.0676E-32   -6.7684E-39   -4.0120E-36
     275.40000   -1.0369E-32   -6.9678E-39   -4.0064E-36
     275.50000   -1.0072E-32   -7.1720E-39   -4.0016E-36
     275.60000   -9.8013E-33   -7.3776E-39   -3.9932E-36
     275.70000   -9.6867E-33   -7.5512E-39   -3.9465E-36
     275.80000   -9.5746E-33   -7.7264E-39   -3.9008E-36
     275.90000   -9.4499E-33   -7.9073E-39   -3.8600E-36
     276.00000   -9.1899E-33   -8.1297E-39   -3.8566E-36
     276.10000   -8.9386E-33   -8.3572E-39   -3.8539E-36
     276.20000   -8.6954E-33   -8.5898E-39   -3.8516E-36
     276.30000   -8.4602E-33   -8.8277E-39   -3.8499E-36
     276.40000   -8.2328E-33   -9.0710E-39   -3.8487E-36
     276.50000   -8.0129E-33   -9.3197E-39   -3.8480E-36
     276.60000   -7.8002E-33   -9.5738E-39   -3.8477E-36
     276.70000   -7.5946E-33   -9.8335E-39   -3.8479E-36
     276.80000   -7.3958E-33   -1.0099E-38   -3.8485E-36
     276.90000   -7.2037E-33   -1.0370E-38   -3.8495E-36
     277.00000   -7.0180E-33   -1.0647E-38   -3.8508E-36
     277.10000   -6.8386E-33   -1.0930E-38   -3.8525E-36
     277.20000   -6.6652E-33   -1.1219E-38   -3.8545E-36
     277.30000   -6.4977E-33   -1.1514E-38   -3.8567E-36
     277.40000   -6.3360E-33   -1.1815E-38   -3.8592E-36
     277.50000   -6.1799E-33   -1.2122E-38   -3.8619E-36
     277.60000   -6.0291E-33   -1.2436E-38   -3.8648E-36
     277.70000   -5.8837E-33   -1.2755E-38   -3.8678E-36
     277.80000   -5.7433E-33   -1.3082E-38   -3.8710E-36
     277.90000   -5.6080E-33   -1.3414E-38   -3.8742E-36
     278.00000   -5.4775E-33   -1.3754E-38   -3.8775E-36
     278.10000   -5.3517E-33   -1.4100E-38   -3.8807E-36
     278.20000   -5.2306E-33   -1.4452E-38   -3.8840E-36
     278.30000   -5.1139E-33   -1.4811E-38   -3.8871E-36
     278.40000   -5.0592E-33   -1.5118E-38   -3.8617E-36
     278.50000   -5.0183E-33   -1.5415E-38   -3.8305E-36
     278.60000   -4.9782E-33   -1.5714E-38   -3.7999E-36
     278.70000   -4.9387E-33   -1.6015E-38   -3.7697E-36
     278.80000   -4.8999E-33   -1.6318E-38   -3.7401E-36
     278.90000   -4.8618E-33   -1.6624E-38   -3.7110E-36
     279.00000   -4.8282E-33   -1.6943E-38   -3.6854E-36
     279.10000   -4.8227E-33   -1.7228E-38   -3.6812E-36
     279.20000   -4.8225E-33   -1.7328E-38   -3.6810E-36
     279.30000   -4.8128E-33   -1.7187E-38   -3.6736E-36
     279.40000   -4.8023E-33   -1.6840E-38   -3.6656E-36
     279.50000   -4.8133E-33   -1.6395E-38   -3.6740E-36
     279.60000   -4.8387E-33   -1.5976E-38   -3.6934E-36
     279.70000   -4.8647E-33   -1.5564E-38   -3.7133E-36
     279.80000   -4.8914E-33   -1.5159E-38   -3.7336E-36
     279.90000   -4.9186E-33   -1.4761E-38   -3.7544E-36
     280.00000   -4.9466E-33   -1.4369E-38   -3.7757E-36
     280.10000   -4.9751E-33   -1.3983E-38   -3.7976E-36
     280.20000   -4.9548E-33   -1.3644E-38   -3.8442E-36
     280.30000   -4.9245E-33   -1.3316E-38   -3.8971E-36
     280.40000   -4.8954E-33   -1.2989E-38   -3.9508E-36
     280.50000   -4.8676E-33   -1.2663E-38   -4.0054E-36
     280.60000   -4.8412E-33   -1.2338E-38   -4.0607E-36
     280.70000   -4.8162E-33   -1.2015E-38   -4.1168E-36
     280.80000   -4.7928E-33   -1.1693E-38   -4.1735E-36
     280.90000   -4.7711E-33   -1.1372E-38   -4.2308E-36
     281.00000   -4.7512E-33   -1.1053E-38   -4.2887E-36
     281.10000   -4.7332E-33   -1.0736E-38   -4.3469E-36
     281.20000   -4.7173E-33   -1.0420E-38   -4.4056E-36
     281.30000   -4.7037E-33   -1.0106E-38   -4.4645E-36
     281.40000   -4.6924E-33   -9.7946E-39   -4.5235E-36
     281.50000   -4.6837E-33   -9.4854E-39   -4.5826E-36
     281.60000   -4.6777E-33   -9.1788E-39   -4.6417E-36
     281.70000   -4.6746E-33   -8.8751E-39   -4.7005E-36
     281.80000   -4.6745E-33   -8.5746E-39   -4.7591E-36
     281.90000   -4.6778E-33   -8.2776E-39   -4.8172E-36
     282.00000   -4.6845E-33   -7.9844E-39   -4.8747E-36
     282.10000   -4.6948E-33   -7.6953E-39   -4.9315E-36
     282.20000   -4.7090E-33   -7.4107E-39   -4.9874E-36
     282.30000   -4.7274E-33   -7.1309E-39   -5.0424E-36
     282.40000   -4.7500E-33   -6.8563E-39   -5.0962E-36
     282.50000   -4.7772E-33   -6.5871E-39   -5.1488E-36
     282.60000   -4.8139E-33   -6.3243E-39   -5.1969E-36
     282.70000   -4.8564E-33   -6.0672E-39   -5.2428E-36
     282.80000   -4.8997E-33   -5.8150E-39   -5.2895E-36
     282.90000   -4.9399E-33   -5.5669E-39   -5.3398E-36
     283.00000   -4.9812E-33   -5.3243E-39   -5.3912E-36
     283.10000   -5.0282E-33   -5.0885E-39   -5.4409E-36
     283.20000   -5.0811E-33   -4.8596E-39   -5.4887E-36
     283.30000   -5.1402E-33   -4.6378E-39   -5.5345E-36
     283.40000   -5.2057E-33   -4.4234E-39   -5.5783E-36
     283.50000   -5.2780E-33   -4.2164E-39   -5.6200E-36
     283.60000   -5.3573E-33   -4.0170E-39   -5.6595E-36
     283.70000   -5.4439E-33   -3.8253E-39   -5.6969E-36
     283.80000   -5.5380E-33   -3.6411E-39   -5.7321E-36
     283.90000   -5.6399E-33   -3.4645E-39   -5.7651E-36
     284.00000   -5.7499E-33   -3.2955E-39   -5.7959E-36
     284.10000   -5.8682E-33   -3.1339E-39   -5.8245E-36
     284.20000   -5.9952E-33   -2.9797E-39   -5.8510E-36
     284.30000   -6.1309E-33   -2.8327E-39   -5.8754E-36
     284.40000   -6.2758E-33   -2.6927E-39   -5.8978E-36
     284.50000   -6.4300E-33   -2.5595E-39   -5.9182E-36
     284.60000   -6.5937E-33   -2.4330E-39   -5.9367E-36
     284.70000   -6.7673E-33   -2.3130E-39   -5.9534E-36
     284.80000   -6.9509E-33   -2.1991E-39   -5.9683E-36
     284.90000   -7.1447E-33   -2.0913E-39   -5.9816E-36
     285.00000   -7.3490E-33   -1.9893E-39   -5.9932E-36
     285.10000   -7.5639E-33   -1.8929E-39   -6.0033E-36
     285.20000   -7.7895E-33   -1.8018E-39   -6.0118E-36
     285.30000   -7.9859E-33   -1.7077E-39   -6.0352E-36
     285.40000   -8.0760E-33   -1.5954E-39   -6.1033E-36
     285.50000   -8.1665E-33   -1.4871E-39   -6.1717E-36
     285.60000   -8.2573E-33   -1.3828E-39   -6.2403E-36
     285.70000   -8.3481E-33   -1.2825E-39   -6.3089E-36
     285.80000   -8.4387E-33   -1.1862E-39   -6.3774E-36
     285.90000   -8.5290E-33   -1.0939E-39   -6.4456E-36
     286.00000   -8.6640E-33   -1.0167E-39   -6.5477E-36
     286.10000   -8.8235E-33   -9.7295E-40   -6.6682E-36
     286.20000   -8.8147E-33   -9.4323E-40   -6.6616E-36
     286.30000   -8.7751E-33   -9.4263E-40   -6.6316E-36
     286.40000   -8.7446E-33   -9.7496E-40   -6.6086E-36
     286.50000   -8.7529E-33   -1.0319E-39   -6.6148E-36
     286.60000   -8.7615E-33   -1.0930E-39   -6.6213E-36
     286.70000   -8.7670E-33   -1.1577E-39   -6.6255E-36
     286.80000   -8.7693E-33   -1.2262E-39   -6.6273E-36
     286.90000   -8.7687E-33   -1.2986E-39   -6.6268E-36
     287.00000   -8.7651E-33   -1.3750E-39   -6.6240E-36
     287.10000   -8.8034E-33   -1.4632E-39   -6.6010E-36
     287.20000   -8.9638E-33   -1.5754E-39   -6.5259E-36
     287.30000   -9.1238E-33   -1.6897E-39   -6.4498E-36
     287.40000   -9.2831E-33   -1.8061E-39   -6.3727E-36
     287.50000   -9.4413E-33   -1.9247E-39   -6.2949E-36
     287.60000   -9.5982E-33   -2.0455E-39   -6.2168E-36
     287.70000   -9.7535E-33   -2.1684E-39   -6.1386E-36
     287.80000   -9.9070E-33   -2.2936E-39   -6.0603E-36
     287.90000   -1.0059E-32   -2.4211E-39   -5.9823E-36
     288.00000   -1.0208E-32   -2.5509E-39   -5.9046E-36
     288.10000   -1.0355E-32   -2.6831E-39   -5.8276E-36
     288.20000   -1.0500E-32   -2.8178E-39   -5.7512E-36
     288.30000   -1.0642E-32   -2.9550E-39   -5.6757E-36
     288.40000   -1.0782E-32   -3.0949E-39   -5.6011E-36
     288.50000   -1.0919E-32   -3.2375E-39   -5.5275E-36
     288.60000   -1.1054E-32   -3.3830E-39   -5.4551E-36
     288.70000   -1.1186E-32   -3.5313E-39   -5.3840E-36
     288.80000   -1.1316E-32   -3.6828E-39   -5.3141E-36
     288.90000   -1.1443E-32   -3.8374E-39   -5.2457E-36
     289.00000   -1.1568E-32   -3.9953E-39   -5.1787E-36
     289.10000   -1.1690E-32   -4.1566E-39   -5.1131E-36
     289.20000   -1.1810E-32   -4.3216E-39   -5.0492E-36
     289.30000   -1.1928E-32   -4.4903E-39   -4.9868E-36
     289.40000   -1.2044E-32   -4.6631E-39   -4.9260E-36
     289.50000   -1.2158E-32   -4.8399E-39   -4.8669E-36
     289.60000   -1.2115E-32   -5.0370E-39   -4.8483E-36
     289.70000   -1.2070E-32   -5.2414E-39   -4.8305E-36
     289.80000   -1.2027E-32   -5.4532E-39   -4.8132E-36
     289.90000   -1.2132E-32   -5.6526E-39   -4.7592E-36
     290.00000   -1.2237E-32   -5.8572E-39   -4.7067E-36
     290.10000   -1.2342E-32   -6.0676E-39   -4.6560E-36
     290.20000   -1.2446E-32   -6.2842E-39   -4.6073E-36
     290.30000   -1.2550E-32   -6.5073E-39   -4.5605E-36
     290.40000   -1.2653E-32   -6.7374E-39   -4.5157E-36
     290.50000   -1.2757E-32   -6.9751E-39   -4.4730E-36
     290.60000   -1.2861E-32   -7.2209E-39   -4.4322E-36
     290.70000   -1.2966E-32   -7.4755E-39   -4.3936E-36
     290.80000   -1.3072E-32   -7.7397E-39   -4.3572E-36
     290.90000   -1.3180E-32   -8.0144E-39   -4.3231E-36
     291.00000   -1.3290E-32   -8.3005E-39   -4.2912E-36
     291.10000   -1.3403E-32   -8.5991E-39   -4.2618E-36
     291.20000   -1.3519E-32   -8.9117E-39   -4.2350E-36
     291.30000   -1.3639E-32   -9.2398E-39   -4.2109E-36
     291.40000   -1.3765E-32   -9.5853E-39   -4.1898E-36
     291.50000   -1.3897E-32   -9.9504E-39   -4.1718E-36
     291.60000   -1.4036E-32   -1.0338E-38   -4.1572E-36
     291.70000   -1.4185E-32   -1.0751E-38   -4.1465E-36
     291.80000   -1.4346E-32   -1.1195E-38   -4.1401E-36
     291.90000   -1.4521E-32   -1.1674E-38   -4.1387E-36
     292.00000   -1.4713E-32   -1.2196E-38   -4.1431E-36
     292.10000   -1.4928E-32   -1.2771E-38   -4.1545E-36
     292.20000   -1.5173E-32   -1.3411E-38   -4.1745E-36
     292.30000   -1.5386E-32   -1.4178E-38   -4.2197E-36
     292.40000   -1.5624E-32   -1.5081E-38   -4.2850E-36
     292.50000   -1.5939E-32   -1.6154E-38   -4.3713E-36
     292.60000   -1.6372E-32   -1.7491E-38   -4.4902E-36
     292.70000   -1.7014E-32   -1.9282E-38   -4.6661E-36
     292.80000   -1.8059E-32   -2.1944E-38   -4.9527E-36
     292.90000   -1.8695E-32   -2.3872E-38   -5.1271E-36
     293.00000   -1.7206E-32   -2.1268E-38   -4.7187E-36
     293.10000   -1.6188E-32   -1.9337E-38   -4.4397E-36
     293.20000   -1.5539E-32   -1.7932E-38   -4.2615E-36
     293.30000   -1.5103E-32   -1.6768E-38   -4.1420E-36
     293.40000   -1.4807E-32   -1.5727E-38   -4.0609E-36
     293.50000   -1.4584E-32   -1.4824E-38   -3.9997E-36
     293.60000   -1.4407E-32   -1.4037E-38   -3.9513E-36
     293.70000   -1.4266E-32   -1.3338E-38   -3.9124E-36
     293.80000   -1.4150E-32   -1.2708E-38   -3.8808E-36
     293.90000   -1.4057E-32   -1.2134E-38   -3.8551E-36
     294.00000   -1.3980E-32   -1.1605E-38   -3.8341E-36
     294.10000   -1.3965E-32   -1.1094E-38   -3.8079E-36
     294.20000   -1.3980E-32   -1.0609E-38   -3.7817E-36
     294.30000   -1.4004E-32   -1.0156E-38   -3.7584E-36
     294.40000   -1.4037E-32   -9.7296E-39   -3.7379E-36
     294.50000   -1.4076E-32   -9.3281E-39   -3.7197E-36
     294.60000   -1.4122E-32   -8.9485E-39   -3.7036E-36
     294.70000   -1.4174E-32   -8.5888E-39   -3.6894E-36
     294.80000   -1.4231E-32   -8.2472E-39   -3.6769E-36
     294.90000   -1.4293E-32   -7.9221E-39   -3.6659E-36
     295.00000   -1.4360E-32   -7.6123E-39   -3.6564E-36
     295.10000   -1.4430E-32   -7.3165E-39   -3.6481E-36
     295.20000   -1.4505E-32   -7.0338E-39   -3.6409E-36
     295.30000   -1.4583E-32   -6.7633E-39   -3.6349E-36
     295.40000   -1.4664E-32   -6.5042E-39   -3.6298E-36
     295.50000   -1.4748E-32   -6.2557E-39   -3.6257E-36
     295.60000   -1.4835E-32   -6.0173E-39   -3.6224E-36
     295.70000   -1.4925E-32   -5.7883E-39   -3.6199E-36
     295.80000   -1.5018E-32   -5.5683E-39   -3.6180E-36
     295.90000   -1.5113E-32   -5.3568E-39   -3.6169E-36
     296.00000   -1.5210E-32   -5.1534E-39   -3.6163E-36
     296.10000   -1.5310E-32   -4.9576E-39   -3.6163E-36
     296.20000   -1.5411E-32   -4.7691E-39   -3.6168E-36
     296.30000   -1.5515E-32   -4.5877E-39   -3.6178E-36
     296.40000   -1.5620E-32   -4.4129E-39   -3.6192E-36
     296.50000   -1.5700E-32   -4.2466E-39   -3.6248E-36
     296.60000   -1.5748E-32   -4.0887E-39   -3.6357E-36
     296.70000   -1.5796E-32   -3.9361E-39   -3.6470E-36
     296.80000   -1.5872E-32   -3.7873E-39   -3.6547E-36
     296.90000   -1.5983E-32   -3.6420E-39   -3.6577E-36
     297.00000   -1.6095E-32   -3.5020E-39   -3.6608E-36
     297.10000   -1.6208E-32   -3.3671E-39   -3.6641E-36
     297.20000   -1.6322E-32   -3.2371E-39   -3.6673E-36
     297.30000   -1.6436E-32   -3.1119E-39   -3.6706E-36
     297.40000   -1.6550E-32   -2.9914E-39   -3.6738E-36
     297.50000   -1.6665E-32   -2.8754E-39   -3.6770E-36
     297.60000   -1.6780E-32   -2.7637E-39   -3.6800E-36
     297.70000   -1.6894E-32   -2.6563E-39   -3.6828E-36
     297.80000   -1.7008E-32   -2.5531E-39   -3.6853E-36
     297.90000   -1.7122E-32   -2.4538E-39   -3.6876E-36
     298.00000   -1.7235E-32   -2.3585E-39   -3.6895E-36
     298.10000   -1.7348E-32   -2.2670E-39   -3.6910E-36
     298.20000   -1.7459E-32   -2.1792E-39   -3.6921E-36
     298.30000   -1.7569E-32   -2.0950E-39   -3.6927E-36
     298.40000   -1.7677E-32   -2.0143E-39   -3.6927E-36
     298.50000   -1.7783E-32   -1.9371E-39   -3.6921E-36
     298.60000   -1.7888E-32   -1.8632E-39   -3.6908E-36
     298.70000   -1.7990E-32   -1.7926E-39   -3.6888E-36
     298.80000   -1.8089E-32   -1.7252E-39   -3.6861E-36
     298.90000   -1.8186E-32   -1.6608E-39   -3.6825E-36
     299.00000   -1.8280E-32   -1.5995E-39   -3.6781E-36
     299.10000   -1.8370E-32   -1.5411E-39   -3.6727E-36
     299.20000   -1.8445E-32   -1.4854E-39   -3.6678E-36
     299.30000   -1.8452E-32   -1.4312E-39   -3.6691E-36
     299.40000   -1.8454E-32   -1.3795E-39   -3.6695E-36
     299.50000   -1.8450E-32   -1.3304E-39   -3.6688E-36
     299.60000   -1.8442E-32   -1.2838E-39   -3.6671E-36
     299.70000   -1.8427E-32   -1.2395E-39   -3.6643E-36
     299.80000   -1.8408E-32   -1.1976E-39   -3.6603E-36
     299.90000   -1.8432E-32   -1.1652E-39   -3.6651E-36
     300.00000   -1.8473E-32   -1.1636E-39   -3.6734E-36
     300.10000   -1.8371E-32   -1.1863E-39   -3.6530E-36
     300.20000   -1.8065E-32   -1.2295E-39   -3.5923E-36
     300.30000   -1.7712E-32   -1.3036E-39   -3.5220E-36
     300.40000   -1.7425E-32   -1.4076E-39   -3.4648E-36
     300.50000   -1.7161E-32   -1.5176E-39   -3.4123E-36
     300.60000   -1.6903E-32   -1.6318E-39   -3.3611E-36
     300.70000   -1.6652E-32   -1.7501E-39   -3.3112E-36
     300.80000   -1.6407E-32   -1.8726E-39   -3.2626E-36
     300.90000   -1.6170E-32   -1.9993E-39   -3.2153E-36
     301.00000   -1.5946E-32   -2.1301E-39   -3.1684E-36
     301.10000   -1.5765E-32   -2.2651E-39   -3.1184E-36
     301.20000   -1.5589E-32   -2.4038E-39   -3.0699E-36
     301.30000   -1.5416E-32   -2.5460E-39   -3.0228E-36
     301.40000   -1.5247E-32   -2.6918E-39   -2.9771E-36
     301.50000   -1.5083E-32   -2.8411E-39   -2.9329E-36
     301.60000   -1.4921E-32   -2.9939E-39   -2.8900E-36
     301.70000   -1.4764E-32   -3.1502E-39   -2.8485E-36
     301.80000   -1.4610E-32   -3.3100E-39   -2.8082E-36
     301.90000   -1.4459E-32   -3.4733E-39   -2.7692E-36
     302.00000   -1.4311E-32   -3.6401E-39   -2.7314E-36
     302.10000   -1.4167E-32   -3.8104E-39   -2.6949E-36
     302.20000   -1.4026E-32   -3.9842E-39   -2.6594E-36
     302.30000   -1.3888E-32   -4.1614E-39   -2.6252E-36
     302.40000   -1.3753E-32   -4.3422E-39   -2.5920E-36
     302.50000   -1.3620E-32   -4.5265E-39   -2.5598E-36
     302.60000   -1.3490E-32   -4.7143E-39   -2.5287E-36
     302.70000   -1.3363E-32   -4.9058E-39   -2.4986E-36
     302.80000   -1.3238E-32   -5.1008E-39   -2.4695E-36
     302.90000   -1.3116E-32   -5.2995E-39   -2.4413E-36
     303.00000   -1.2996E-32   -5.5019E-39   -2.4140E-36
     303.10000   -1.2878E-32   -5.7080E-39   -2.3876E-36
     303.20000   -1.2763E-32   -5.9179E-39   -2.3621E-36
     303.30000   -1.2649E-32   -6.1316E-39   -2.3374E-36
     303.40000   -1.2537E-32   -6.3493E-39   -2.3135E-36
     303.50000   -1.2420E-32   -6.5726E-39   -2.2914E-36
     303.60000   -1.2304E-32   -6.8003E-39   -2.2701E-36
     303.70000   -1.2192E-32   -7.0325E-39   -2.2494E-36
     303.80000   -1.2087E-32   -7.2680E-39   -2.2288E-36
     303.90000   -1.1984E-32   -7.5077E-39   -2.2088E-36
     304.00000   -1.1883E-32   -7.7518E-39   -2.1896E-36
     304.10000   -1.1784E-32   -8.0005E-39   -2.1710E-36
     304.20000   -1.1686E-32   -8.2539E-39   -2.1530E-36
     304.30000   -1.1589E-32   -8.5121E-39   -2.1358E-36
     304.40000   -1.1494E-32   -8.7751E-39   -2.1191E-36
     304.50000   -1.1400E-32   -9.0432E-39   -2.1030E-36
     304.60000   -1.1307E-32   -9.3164E-39   -2.0876E-36
     304.70000   -1.1216E-32   -9.5949E-39   -2.0727E-36
     304.80000   -1.1126E-32   -9.8789E-39   -2.0585E-36
     304.90000   -1.1037E-32   -1.0169E-38   -2.0447E-36
     305.00000   -1.0949E-32   -1.0464E-38   -2.0316E-36
     305.10000   -1.0862E-32   -1.0765E-38   -2.0190E-36
     305.20000   -1.0777E-32   -1.1073E-38   -2.0069E-36
     305.30000   -1.0692E-32   -1.1387E-38   -1.9954E-36
     305.40000   -1.0609E-32   -1.1707E-38   -1.9844E-36
     305.50000   -1.0526E-32   -1.2035E-38   -1.9739E-36
     305.60000   -1.0444E-32   -1.2369E-38   -1.9639E-36
     305.70000   -1.0364E-32   -1.2711E-38   -1.9545E-36
     305.80000   -1.0284E-32   -1.3060E-38   -1.9455E-36
     305.90000   -1.0205E-32   -1.3418E-38   -1.9371E-36
     306.00000   -1.0128E-32   -1.3783E-38   -1.9291E-36
     306.10000   -1.0051E-32   -1.4157E-38   -1.9217E-36
     306.20000   -9.9889E-33   -1.4529E-38   -1.9128E-36
     306.30000   -9.9383E-33   -1.4902E-38   -1.9031E-36
     306.40000   -9.8897E-33   -1.5283E-38   -1.8938E-36
     306.50000   -9.8432E-33   -1.5673E-38   -1.8849E-36
     306.60000   -9.7987E-33   -1.6072E-38   -1.8764E-36
     306.70000   -9.7563E-33   -1.6479E-38   -1.8683E-36
     306.80000   -9.7160E-33   -1.6897E-38   -1.8605E-36
     306.90000   -9.6852E-33   -1.7256E-38   -1.8546E-36
     307.00000   -9.6830E-33   -1.7492E-38   -1.8542E-36
     307.10000   -9.7101E-33   -1.7602E-38   -1.8594E-36
     307.20000   -9.7670E-33   -1.7584E-38   -1.8703E-36
     307.30000   -9.8571E-33   -1.7450E-38   -1.8875E-36
     307.40000   -9.9668E-33   -1.7297E-38   -1.9086E-36
     307.50000   -1.0079E-32   -1.7144E-38   -1.9300E-36
     307.60000   -1.0194E-32   -1.6992E-38   -1.9520E-36
     307.70000   -1.0311E-32   -1.6839E-38   -1.9745E-36
     307.80000   -1.0431E-32   -1.6688E-38   -1.9975E-36
     307.90000   -1.0554E-32   -1.6536E-38   -2.0210E-36
     308.00000   -1.0645E-32   -1.6415E-38   -2.0498E-36
     308.10000   -1.0713E-32   -1.6315E-38   -2.0826E-36
     308.20000   -1.0781E-32   -1.6215E-38   -2.1166E-36
     308.30000   -1.0847E-32   -1.6116E-38   -2.1517E-36
     308.40000   -1.0913E-32   -1.6017E-38   -2.1879E-36
     308.50000   -1.0978E-32   -1.5918E-38   -2.2254E-36
     308.60000   -1.1041E-32   -1.5819E-38   -2.2642E-36
     308.70000   -1.1104E-32   -1.5721E-38   -2.3043E-36
     308.80000   -1.1165E-32   -1.5624E-38   -2.3458E-36
     308.90000   -1.1225E-32   -1.5526E-38   -2.3888E-36
     309.00000   -1.1284E-32   -1.5428E-38   -2.4333E-36
     309.10000   -1.1341E-32   -1.5331E-38   -2.4794E-36
     309.20000   -1.1397E-32   -1.5234E-38   -2.5271E-36
     309.30000   -1.1452E-32   -1.5137E-38   -2.5766E-36
     309.40000   -1.1505E-32   -1.5040E-38   -2.6279E-36
     309.50000   -1.1556E-32   -1.4943E-38   -2.6811E-36
     309.60000   -1.1606E-32   -1.4845E-38   -2.7363E-36
     309.70000   -1.1653E-32   -1.4748E-38   -2.7936E-36
     309.80000   -1.1699E-32   -1.4651E-38   -2.8531E-36
     309.90000   -1.1743E-32   -1.4553E-38   -2.9149E-36
     310.00000   -1.1785E-32   -1.4455E-38   -2.9791E-36
     310.10000   -1.1825E-32   -1.4357E-38   -3.0458E-36
     310.20000   -1.1863E-32   -1.4259E-38   -3.1152E-36
     310.30000   -1.1898E-32   -1.4160E-38   -3.1874E-36
     310.40000   -1.1979E-32   -1.4029E-38   -3.2532E-36
     310.50000   -1.2159E-32   -1.3833E-38   -3.3021E-36
     310.60000   -1.2344E-32   -1.3637E-38   -3.3524E-36
     310.70000   -1.2482E-32   -1.3475E-38   -3.4146E-36
     310.80000   -1.2512E-32   -1.3378E-38   -3.5005E-36
     310.90000   -1.2539E-32   -1.3281E-38   -3.5901E-36
     311.00000   -1.2563E-32   -1.3183E-38   -3.6836E-36
     311.10000   -1.2584E-32   -1.3085E-38   -3.7812E-36
     311.20000   -1.2602E-32   -1.2986E-38   -3.8832E-36
     311.30000   -1.2616E-32   -1.2886E-38   -3.9898E-36
     311.40000   -1.2626E-32   -1.2785E-38   -4.1014E-36
     311.50000   -1.2632E-32   -1.2684E-38   -4.2182E-36
     311.60000   -1.2634E-32   -1.2582E-38   -4.3405E-36
     311.70000   -1.2631E-32   -1.2478E-38   -4.4686E-36
     311.80000   -1.2624E-32   -1.2374E-38   -4.6030E-36
     311.90000   -1.2612E-32   -1.2269E-38   -4.7441E-36
     312.00000   -1.2595E-32   -1.2163E-38   -4.8922E-36
     312.10000   -1.2573E-32   -1.2056E-38   -5.0479E-36
     312.20000   -1.2545E-32   -1.1948E-38   -5.2116E-36
     312.30000   -1.2511E-32   -1.1839E-38   -5.3840E-36
     312.40000   -1.2470E-32   -1.1729E-38   -5.5655E-36
     312.50000   -1.2423E-32   -1.1617E-38   -5.7569E-36
     312.60000   -1.2369E-32   -1.1505E-38   -5.9588E-36
     312.70000   -1.2307E-32   -1.1391E-38   -6.1721E-36
     312.80000   -1.2237E-32   -1.1276E-38   -6.3975E-36
     312.90000   -1.2160E-32   -1.1160E-38   -6.6361E-36
     313.00000   -1.2073E-32   -1.1043E-38   -6.8887E-36
     313.10000   -1.1996E-32   -1.0916E-38   -7.1489E-36
     313.20000   -1.2232E-32   -1.0643E-38   -7.2895E-36
     313.30000   -1.2476E-32   -1.0374E-38   -7.4347E-36
     313.40000   -1.2727E-32   -1.0108E-38   -7.5845E-36
     313.50000   -1.2987E-32   -9.8456E-39   -7.7391E-36
     313.60000   -1.3254E-32   -9.5865E-39   -7.8986E-36
     313.70000   -1.3530E-32   -9.3312E-39   -8.0631E-36
     313.80000   -1.3843E-32   -9.1053E-39   -8.2494E-36
     313.90000   -1.4206E-32   -8.9768E-39   -8.4658E-36
     314.00000   -1.4606E-32   -8.9490E-39   -8.7040E-36
     314.10000   -1.4870E-32   -8.9196E-39   -8.8617E-36
     314.20000   -1.4843E-32   -8.8022E-39   -8.8452E-36
     314.30000   -1.4935E-32   -8.8244E-39   -8.9000E-36
     314.40000   -1.5065E-32   -8.8808E-39   -8.9778E-36
     314.50000   -1.5194E-32   -8.9445E-39   -9.0545E-36
     314.60000   -1.5321E-32   -9.0158E-39   -9.1301E-36
     314.70000   -1.5446E-32   -9.0949E-39   -9.2046E-36
     314.80000   -1.5569E-32   -9.1822E-39   -9.2779E-36
     314.90000   -1.5664E-32   -9.2860E-39   -9.3605E-36
     315.00000   -1.5325E-32   -9.5381E-39   -9.6262E-36
     315.10000   -1.4980E-32   -9.8071E-39   -9.9004E-36
     315.20000   -1.4630E-32   -1.0094E-38   -1.0184E-35
     315.30000   -1.4275E-32   -1.0401E-38   -1.0476E-35
     315.40000   -1.3916E-32   -1.0728E-38   -1.0779E-35
     315.50000   -1.3553E-32   -1.1077E-38   -1.1092E-35
     315.60000   -1.3186E-32   -1.1451E-38   -1.1417E-35
     315.70000   -1.2816E-32   -1.1849E-38   -1.1753E-35
     315.80000   -1.2443E-32   -1.2275E-38   -1.2102E-35
     315.90000   -1.2068E-32   -1.2729E-38   -1.2465E-35
     316.00000   -1.1690E-32   -1.3215E-38   -1.2842E-35
     316.10000   -1.1310E-32   -1.3734E-38   -1.3234E-35
     316.20000   -1.0929E-32   -1.4289E-38   -1.3642E-35
     316.30000   -1.0547E-32   -1.4882E-38   -1.4069E-35
     316.40000   -1.0164E-32   -1.5516E-38   -1.4514E-35
     316.50000   -9.7806E-33   -1.6194E-38   -1.4980E-35
     316.60000   -9.3972E-33   -1.6919E-38   -1.5468E-35
     316.70000   -9.0142E-33   -1.7694E-38   -1.5980E-35
     316.80000   -8.6319E-33   -1.8524E-38   -1.6519E-35
     316.90000   -8.2507E-33   -1.9412E-38   -1.7086E-35
     317.00000   -7.8710E-33   -2.0362E-38   -1.7684E-35
     317.10000   -7.4932E-33   -2.1381E-38   -1.8317E-35
     317.20000   -7.1177E-33   -2.2472E-38   -1.8988E-35
     317.30000   -6.7449E-33   -2.3643E-38   -1.9700E-35
     317.40000   -6.6576E-33   -2.4305E-38   -1.9848E-35
     317.50000   -6.6486E-33   -2.4817E-38   -1.9821E-35
     317.60000   -6.6371E-33   -2.5336E-38   -1.9787E-35
     317.70000   -6.3494E-33   -2.6491E-38   -2.0341E-35
     317.80000   -5.9871E-33   -2.7905E-38   -2.1106E-35
     317.90000   -5.6292E-33   -2.9418E-38   -2.1922E-35
     318.00000   -5.2760E-33   -3.1038E-38   -2.2798E-35
     318.10000   -4.9283E-33   -3.2778E-38   -2.3742E-35
     318.20000   -4.5865E-33   -3.4653E-38   -2.4764E-35
     318.30000   -4.2513E-33   -3.6679E-38   -2.5877E-35
     318.40000   -3.9232E-33   -3.8879E-38   -2.7098E-35
     318.50000   -3.6028E-33   -4.1279E-38   -2.8447E-35
     318.60000   -3.2905E-33   -4.3910E-38   -2.9948E-35
     318.70000   -2.9868E-33   -4.6815E-38   -3.1633E-35
     318.80000   -2.6921E-33   -5.0041E-38   -3.3543E-35
     318.90000   -2.4068E-33   -5.3654E-38   -3.5732E-35
     319.00000   -2.1310E-33   -5.7731E-38   -3.8269E-35
     319.10000   -1.8652E-33   -6.2375E-38   -4.1252E-35
     319.20000   -1.6094E-33   -6.7719E-38   -4.4814E-35
     319.30000   -1.3641E-33   -7.3936E-38   -4.9146E-35
     319.40000   -1.1294E-33   -8.1254E-38   -5.4532E-35
     319.50000   -9.0580E-34   -8.9969E-38   -6.1408E-35
     319.60000   -6.9383E-34   -1.0045E-37   -7.0468E-35
     319.70000   -4.9455E-34   -1.1305E-37   -8.2849E-35
     319.80000   -3.1033E-34   -1.2774E-37   -1.0035E-34
     319.90000   -1.4831E-34   -1.4269E-37   -1.2485E-34
     320.00000   -3.4478E-35   -1.5266E-37   -1.5110E-34
     320.10000   -1.4715E-35   -1.5814E-37   -1.5605E-34
     320.20000   -1.4632E-35   -1.6349E-37   -1.5517E-34
     320.30000   -1.4550E-35   -1.6896E-37   -1.5430E-34
     320.40000   -1.4468E-35   -1.7454E-37   -1.5344E-34
     320.50000   -1.4387E-35   -1.8024E-37   -1.5257E-34
     320.60000   -1.4306E-35   -1.8605E-37   -1.5171E-34
     320.70000   -1.4226E-35   -1.9197E-37   -1.5086E-34
     320.80000   -1.4231E-35   -1.9807E-37   -1.5091E-34
     320.90000   -1.4279E-35   -2.0183E-37   -1.5142E-34
     321.00000   -1.4278E-35   -2.0182E-37   -1.5141E-34
     321.10000   -1.4229E-35   -1.9806E-37   -1.5089E-34
     321.20000   -1.4224E-35   -1.9197E-37   -1.5084E-34
     321.30000   -1.4304E-35   -1.8606E-37   -1.5169E-34
     321.40000   -1.4384E-35   -1.8026E-37   -1.5254E-34
     321.50000   -1.4464E-35   -1.7458E-37   -1.5339E-34
     321.60000   -1.4545E-35   -1.6901E-37   -1.5425E-34
     321.70000   -1.4626E-35   -1.6356E-37   -1.5511E-34
     321.80000   -1.4707E-35   -1.5821E-37   -1.5597E-34
     321.90000   -1.4789E-35   -1.5298E-37   -1.5684E-34
     322.00000   -1.4871E-35   -1.4786E-37   -1.5771E-34
     322.10000   -1.4953E-35   -1.4286E-37   -1.5858E-34
     322.20000   -1.5035E-35   -1.3796E-37   -1.5945E-34
     322.30000   -1.5117E-35   -1.3318E-37   -1.6032E-34
     322.40000   -1.5199E-35   -1.2851E-37   -1.6119E-34
     322.50000   -1.5281E-35   -1.2394E-37   -1.6206E-34
     322.60000   -1.5362E-35   -1.1949E-37   -1.6293E-34
     322.70000   -1.5443E-35   -1.1515E-37   -1.6379E-34
     322.80000   -1.5524E-35   -1.1091E-37   -1.6465E-34
     322.90000   -1.5604E-35   -1.0678E-37   -1.6550E-34
     323.00000   -1.5684E-35   -1.0276E-37   -1.6635E-34
     323.10000   -1.5763E-35   -9.8852E-38   -1.6718E-34
     323.20000   -1.5841E-35   -9.5046E-38   -1.6801E-34
     323.30000   -1.5917E-35   -9.1346E-38   -1.6883E-34
     323.40000   -1.5993E-35   -8.7751E-38   -1.6963E-34
     323.50000   -1.6068E-35   -8.4260E-38   -1.7043E-34
     323.60000   -1.6141E-35   -8.0872E-38   -1.7120E-34
     323.70000   -1.6257E-35   -7.7955E-38   -1.7244E-34
     323.80000   -1.6430E-35   -7.6633E-38   -1.7427E-34
     323.90000   -1.6524E-35   -7.6479E-38   -1.7527E-34
     324.00000   -1.6393E-35   -7.6821E-38   -1.7388E-34
     324.10000   -1.6219E-35   -7.8492E-38   -1.7204E-34
     324.20000   -1.6122E-35   -8.1670E-38   -1.7100E-34
     324.30000   -1.6047E-35   -8.5117E-38   -1.7021E-34
     324.40000   -1.5971E-35   -8.8667E-38   -1.6940E-34
     324.50000   -1.5894E-35   -9.2323E-38   -1.6858E-34
     324.60000   -1.5816E-35   -9.6086E-38   -1.6775E-34
     324.70000   -1.5737E-35   -9.9955E-38   -1.6691E-34
     324.80000   -1.5657E-35   -1.0393E-37   -1.6606E-34
     324.90000   -1.5576E-35   -1.0802E-37   -1.6520E-34
     325.00000   -1.5495E-35   -1.1221E-37   -1.6434E-34
     325.10000   -1.5413E-35   -1.1651E-37   -1.6347E-34
     325.20000   -1.5331E-35   -1.2093E-37   -1.6260E-34
     325.30000   -1.5249E-35   -1.2545E-37   -1.6172E-34
     325.40000   -1.5166E-35   -1.3008E-37   -1.6085E-34
     325.50000   -1.5083E-35   -1.3483E-37   -1.5997E-34
     325.60000   -1.5001E-35   -1.3968E-37   -1.5909E-34
     325.70000   -1.4918E-35   -1.4465E-37   -1.5821E-34
     325.80000   -1.4835E-35   -1.4973E-37   -1.5733E-34
     325.90000   -1.4753E-35   -1.5493E-37   -1.5646E-34
     326.00000   -1.4671E-35   -1.6024E-37   -1.5559E-34
     326.10000   -1.4589E-35   -1.6566E-37   -1.5472E-34
     326.20000   -1.4507E-35   -1.7120E-37   -1.5385E-34
     326.30000   -1.4426E-35   -1.7685E-37   -1.5299E-34
     326.40000   -1.4346E-35   -1.8261E-37   -1.5213E-34
     326.50000   -1.4266E-35   -1.8849E-37   -1.5128E-34
     326.60000   -1.4190E-35   -1.9454E-37   -1.5048E-34
     326.70000   -1.4215E-35   -2.0041E-37   -1.5075E-34
     326.80000   -1.4262E-35   -2.0358E-37   -1.5124E-34
     326.90000   -1.4246E-35   -2.0274E-37   -1.5107E-34
     327.00000   -1.4200E-35   -1.9841E-37   -1.5058E-34
     327.10000   -1.4218E-35   -1.9220E-37   -1.5078E-34
     327.20000   -1.4298E-35   -1.8630E-37   -1.5163E-34
     327.30000   -1.4379E-35   -1.8052E-37   -1.5248E-34
     327.40000   -1.4460E-35   -1.7485E-37   -1.5334E-34
     327.50000   -1.4541E-35   -1.6930E-37   -1.5421E-34
     327.60000   -1.4623E-35   -1.6386E-37   -1.5508E-34
     327.70000   -1.4705E-35   -1.5853E-37   -1.5595E-34
     327.80000   -1.4787E-35   -1.5331E-37   -1.5682E-34
     327.90000   -1.4870E-35   -1.4820E-37   -1.5770E-34
     328.00000   -1.4953E-35   -1.4321E-37   -1.5858E-34
     328.10000   -1.5035E-35   -1.3832E-37   -1.5945E-34
     328.20000   -1.5118E-35   -1.3354E-37   -1.6033E-34
     328.30000   -1.5201E-35   -1.2888E-37   -1.6121E-34
     328.40000   -1.5283E-35   -1.2432E-37   -1.6209E-34
     328.50000   -1.5365E-35   -1.1988E-37   -1.6296E-34
     328.60000   -1.5447E-35   -1.1554E-37   -1.6383E-34
     328.70000   -1.5529E-35   -1.1131E-37   -1.6470E-34
     328.80000   -1.5610E-35   -1.0719E-37   -1.6556E-34
     328.90000   -1.5690E-35   -1.0317E-37   -1.6641E-34
     329.00000   -1.5770E-35   -9.9266E-38   -1.6725E-34
     329.10000   -1.5848E-35   -9.5464E-38   -1.6809E-34
     329.20000   -1.5926E-35   -9.1767E-38   -1.6892E-34
     329.30000   -1.6002E-35   -8.8174E-38   -1.6973E-34
     329.40000   -1.6078E-35   -8.4686E-38   -1.7053E-34
     329.50000   -1.6152E-35   -8.1300E-38   -1.7131E-34
     329.60000   -1.6289E-35   -7.8648E-38   -1.7277E-34
     329.70000   -1.6460E-35   -7.7621E-38   -1.7459E-34
     329.80000   -1.6511E-35   -7.7566E-38   -1.7513E-34
     329.90000   -1.6359E-35   -7.8105E-38   -1.7351E-34
     330.00000   -1.6187E-35   -8.0088E-38   -1.7169E-34
     330.10000   -1.6110E-35   -8.3439E-38   -1.7087E-34
     330.20000   -1.6036E-35   -8.6919E-38   -1.7008E-34
     330.30000   -1.5961E-35   -9.0505E-38   -1.6928E-34
     330.40000   -1.5884E-35   -9.4196E-38   -1.6847E-34
     330.50000   -1.5807E-35   -9.7993E-38   -1.6765E-34
     330.60000   -1.5728E-35   -1.0190E-37   -1.6681E-34
     330.70000   -1.5649E-35   -1.0591E-37   -1.6597E-34
     330.80000   -1.5569E-35   -1.1003E-37   -1.6512E-34
     330.90000   -1.5489E-35   -1.1426E-37   -1.6427E-34
     331.00000   -1.5408E-35   -1.1860E-37   -1.6341E-34
     331.10000   -1.5326E-35   -1.2305E-37   -1.6254E-34
     331.20000   -1.5245E-35   -1.2761E-37   -1.6168E-34
     331.30000   -1.5163E-35   -1.3228E-37   -1.6081E-34
     331.40000   -1.5081E-35   -1.3706E-37   -1.5994E-34
     331.50000   -1.4999E-35   -1.4195E-37   -1.5907E-34
     331.60000   -1.4917E-35   -1.4696E-37   -1.5820E-34
     331.70000   -1.4835E-35   -1.5208E-37   -1.5733E-34
     331.80000   -1.4754E-35   -1.5731E-37   -1.5646E-34
     331.90000   -1.4672E-35   -1.6266E-37   -1.5560E-34
     332.00000   -1.4591E-35   -1.6812E-37   -1.5474E-34
     332.10000   -1.4511E-35   -1.7370E-37   -1.5388E-34
     332.20000   -1.4430E-35   -1.7939E-37   -1.5303E-34
     332.30000   -1.4350E-35   -1.8519E-37   -1.5218E-34
     332.40000   -1.4271E-35   -1.9111E-37   -1.5133E-34
     332.50000   -1.4214E-35   -1.9735E-37   -1.5072E-34
     332.60000   -1.4248E-35   -2.0277E-37   -1.5109E-34
     332.70000   -1.4290E-35   -2.0525E-37   -1.5153E-34
     332.80000   -1.4260E-35   -2.0358E-37   -1.5122E-34
     332.90000   -1.4220E-35   -1.9870E-37   -1.5080E-34
     333.00000   -1.4261E-35   -1.9245E-37   -1.5123E-34
     333.10000   -1.4343E-35   -1.8656E-37   -1.5209E-34
     333.20000   -1.4425E-35   -1.8078E-37   -1.5296E-34
     333.30000   -1.4507E-35   -1.7512E-37   -1.5384E-34
     333.40000   -1.4590E-35   -1.6956E-37   -1.5472E-34
     333.50000   -1.4673E-35   -1.6412E-37   -1.5560E-34
     333.60000   -1.4756E-35   -1.5880E-37   -1.5648E-34
     333.70000   -1.4840E-35   -1.5358E-37   -1.5737E-34
     333.80000   -1.4924E-35   -1.4848E-37   -1.5826E-34
     333.90000   -1.5008E-35   -1.4348E-37   -1.5916E-34
     334.00000   -1.5092E-35   -1.3860E-37   -1.6005E-34
     334.10000   -1.5176E-35   -1.3382E-37   -1.6094E-34
     334.20000   -1.5260E-35   -1.2916E-37   -1.6184E-34
     334.30000   -1.5344E-35   -1.2461E-37   -1.6273E-34
     334.40000   -1.5428E-35   -1.2016E-37   -1.6361E-34
     334.50000   -1.5511E-35   -1.1583E-37   -1.6450E-34
     334.60000   -1.5594E-35   -1.1160E-37   -1.6538E-34
     334.70000   -1.5676E-35   -1.0748E-37   -1.6625E-34
     334.80000   -1.5758E-35   -1.0347E-37   -1.6712E-34
     334.90000   -1.5839E-35   -9.9562E-38   -1.6798E-34
     335.00000   -1.5919E-35   -9.5762E-38   -1.6883E-34
     335.10000   -1.5998E-35   -9.2068E-38   -1.6967E-34
     335.20000   -1.6076E-35   -8.8478E-38   -1.7050E-34
     335.30000   -1.6152E-35   -8.4993E-38   -1.7131E-34
     335.40000   -1.6227E-35   -8.1611E-38   -1.7211E-34
     335.50000   -1.6387E-35   -7.9288E-38   -1.7380E-34
     335.60001   -1.6554E-35   -7.8535E-38   -1.7558E-34
     335.70001   -1.6555E-35   -7.8544E-38   -1.7559E-34
     335.80001   -1.6390E-35   -7.9317E-38   -1.7384E-34
     335.90001   -1.6234E-35   -8.1662E-38   -1.7218E-34
     336.00001   -1.6162E-35   -8.5058E-38   -1.7141E-34
     336.10001   -1.6088E-35   -8.8559E-38   -1.7063E-34
     336.20001   -1.6013E-35   -9.2164E-38   -1.6983E-34
     336.30001   -1.5937E-35   -9.5876E-38   -1.6902E-34
     336.40001   -1.5859E-35   -9.9695E-38   -1.6820E-34
     336.50001   -1.5781E-35   -1.0362E-37   -1.6737E-34
     336.60001   -1.5702E-35   -1.0766E-37   -1.6653E-34
     336.70001   -1.5622E-35   -1.1180E-37   -1.6568E-34
     336.80001   -1.5542E-35   -1.1605E-37   -1.6482E-34
     336.90001   -1.5461E-35   -1.2041E-37   -1.6396E-34
     337.00001   -1.5380E-35   -1.2489E-37   -1.6310E-34
     337.10001   -1.5298E-35   -1.2947E-37   -1.6223E-34
     337.20001   -1.5216E-35   -1.3416E-37   -1.6137E-34
     337.30001   -1.5134E-35   -1.3897E-37   -1.6050E-34
     337.40001   -1.5052E-35   -1.4389E-37   -1.5963E-34
     337.50001   -1.4971E-35   -1.4892E-37   -1.5876E-34
     337.60001   -1.4889E-35   -1.5407E-37   -1.5789E-34
     337.70001   -1.4807E-35   -1.5933E-37   -1.5702E-34
     337.80001   -1.4726E-35   -1.6470E-37   -1.5616E-34
     337.90001   -1.4645E-35   -1.7019E-37   -1.5530E-34
     338.00001   -1.4564E-35   -1.7579E-37   -1.5444E-34
     338.10001   -1.4484E-35   -1.8151E-37   -1.5359E-34
     338.20001   -1.4404E-35   -1.8734E-37   -1.5274E-34
     338.30001   -1.4324E-35   -1.9329E-37   -1.5189E-34
     338.40001   -1.4286E-35   -1.9961E-37   -1.5149E-34
     338.50001   -1.4328E-35   -2.0454E-37   -1.5194E-34
     338.60001   -1.4360E-35   -2.0625E-37   -1.5227E-34
     338.70001   -1.4320E-35   -2.0381E-37   -1.5185E-34
     338.80001   -1.4288E-35   -1.9843E-37   -1.5150E-34
     338.90001   -1.4348E-35   -1.9226E-37   -1.5215E-34
     339.00001   -1.4431E-35   -1.8639E-37   -1.5302E-34
     339.10001   -1.4514E-35   -1.8064E-37   -1.5390E-34
     339.20001   -1.4597E-35   -1.7500E-37   -1.5479E-34
     339.30001   -1.4680E-35   -1.6947E-37   -1.5567E-34
     339.40001   -1.4764E-35   -1.6406E-37   -1.5656E-34
     339.50001   -1.4849E-35   -1.5875E-37   -1.5746E-34
     339.60001   -1.4933E-35   -1.5356E-37   -1.5836E-34
     339.70001   -1.5018E-35   -1.4848E-37   -1.5926E-34
     339.80001   -1.5103E-35   -1.4351E-37   -1.6016E-34
     339.90001   -1.5187E-35   -1.3865E-37   -1.6106E-34
     340.00001   -1.5272E-35   -1.3390E-37   -1.6196E-34
     340.10001   -1.5357E-35   -1.2926E-37   -1.6286E-34
     340.20001   -1.5442E-35   -1.2473E-37   -1.6375E-34
     340.30001   -1.5526E-35   -1.2030E-37   -1.6465E-34
     340.40001   -1.5610E-35   -1.1599E-37   -1.6554E-34
     340.50001   -1.5693E-35   -1.1179E-37   -1.6642E-34
     340.60001   -1.5776E-35   -1.0769E-37   -1.6730E-34
     340.70001   -1.5858E-35   -1.0370E-37   -1.6817E-34
     340.80001   -1.5939E-35   -9.9815E-38   -1.6904E-34
     340.90001   -1.6019E-35   -9.6038E-38   -1.6989E-34
     341.00001   -1.6099E-35   -9.2367E-38   -1.7073E-34
     341.10001   -1.6177E-35   -8.8800E-38   -1.7156E-34
     341.20001   -1.6253E-35   -8.5337E-38   -1.7237E-34
     341.30001   -1.6333E-35   -8.2007E-38   -1.7322E-34
     341.40001   -1.6509E-35   -8.0067E-38   -1.7509E-34
     341.50001   -1.6664E-35   -7.9577E-38   -1.7673E-34
     341.60001   -1.6613E-35   -7.9661E-38   -1.7619E-34
     341.70001   -1.6441E-35   -8.0717E-38   -1.7437E-34
     341.80001   -1.6304E-35   -8.3414E-38   -1.7291E-34
     341.90001   -1.6230E-35   -8.6848E-38   -1.7213E-34
     342.00001   -1.6155E-35   -9.0388E-38   -1.7133E-34
     342.10001   -1.6079E-35   -9.4033E-38   -1.7052E-34
     342.20001   -1.6001E-35   -9.7786E-38   -1.6969E-34
     342.30001   -1.5922E-35   -1.0165E-37   -1.6886E-34
     342.40001   -1.5843E-35   -1.0561E-37   -1.6801E-34
     342.50001   -1.5762E-35   -1.0969E-37   -1.6716E-34
     342.60001   -1.5681E-35   -1.1388E-37   -1.6629E-34
     342.70001   -1.5599E-35   -1.1818E-37   -1.6543E-34
     342.80001   -1.5517E-35   -1.2258E-37   -1.6455E-34
     342.90001   -1.5435E-35   -1.2710E-37   -1.6368E-34
     343.00001   -1.5352E-35   -1.3173E-37   -1.6280E-34
     343.10001   -1.5269E-35   -1.3647E-37   -1.6192E-34
     343.20001   -1.5186E-35   -1.4133E-37   -1.6103E-34
     343.30001   -1.5103E-35   -1.4630E-37   -1.6015E-34
     343.40001   -1.5020E-35   -1.5138E-37   -1.5927E-34
     343.50001   -1.4937E-35   -1.5657E-37   -1.5839E-34
     343.60001   -1.4854E-35   -1.6188E-37   -1.5751E-34
     343.70001   -1.4772E-35   -1.6730E-37   -1.5664E-34
     343.80001   -1.4689E-35   -1.7284E-37   -1.5576E-34
     343.90001   -1.4608E-35   -1.7849E-37   -1.5490E-34
     344.00001   -1.4526E-35   -1.8426E-37   -1.5403E-34
     344.10001   -1.4445E-35   -1.9014E-37   -1.5317E-34
     344.20001   -1.4365E-35   -1.9614E-37   -1.5232E-34
     344.30001   -1.4347E-35   -2.0247E-37   -1.5213E-34
     344.40001   -1.4394E-35   -2.0691E-37   -1.5263E-34
     344.50001   -1.4411E-35   -2.0781E-37   -1.5281E-34
     344.60001   -1.4364E-35   -2.0467E-37   -1.5231E-34
     344.70001   -1.4340E-35   -1.9880E-37   -1.5206E-34
     344.80001   -1.4418E-35   -1.9279E-37   -1.5288E-34
     344.90001   -1.4500E-35   -1.8695E-37   -1.5376E-34
     345.00001   -1.4583E-35   -1.8122E-37   -1.5463E-34
     345.10001   -1.4666E-35   -1.7560E-37   -1.5552E-34
     345.20001   -1.4750E-35   -1.7009E-37   -1.5640E-34
     345.30001   -1.4833E-35   -1.6469E-37   -1.5729E-34
     345.40001   -1.4918E-35   -1.5940E-37   -1.5818E-34
     345.50001   -1.5002E-35   -1.5423E-37   -1.5908E-34
     345.60001   -1.5086E-35   -1.4917E-37   -1.5997E-34
     345.70001   -1.5171E-35   -1.4421E-37   -1.6087E-34
     345.80001   -1.5255E-35   -1.3937E-37   -1.6177E-34
     345.90001   -1.5340E-35   -1.3464E-37   -1.6267E-34
     346.00001   -1.5424E-35   -1.3001E-37   -1.6356E-34
     346.10001   -1.5508E-35   -1.2550E-37   -1.6445E-34
     346.20001   -1.5592E-35   -1.2109E-37   -1.6534E-34
     346.30001   -1.5675E-35   -1.1679E-37   -1.6623E-34
     346.40001   -1.5758E-35   -1.1261E-37   -1.6710E-34
     346.50001   -1.5840E-35   -1.0852E-37   -1.6798E-34
     346.60001   -1.5921E-35   -1.0455E-37   -1.6884E-34
     346.70001   -1.6002E-35   -1.0068E-37   -1.6969E-34
     346.80001   -1.6081E-35   -9.6919E-38   -1.7054E-34
     346.90001   -1.6160E-35   -9.3262E-38   -1.7137E-34
     347.00001   -1.6237E-35   -8.9710E-38   -1.7219E-34
     347.10001   -1.6312E-35   -8.6262E-38   -1.7299E-34
     347.20001   -1.6412E-35   -8.3094E-38   -1.7405E-34
     347.30001   -1.6588E-35   -8.1480E-38   -1.7591E-34
     347.40001   -1.6719E-35   -8.1209E-38   -1.7731E-34
     347.50001   -1.6622E-35   -8.1397E-38   -1.7627E-34
     347.60001   -1.6445E-35   -8.2765E-38   -1.7440E-34
     347.70001   -1.6327E-35   -8.5771E-38   -1.7314E-34
     347.80001   -1.6251E-35   -8.9260E-38   -1.7234E-34
     347.90001   -1.6174E-35   -9.2855E-38   -1.7152E-34
     348.00001   -1.6096E-35   -9.6556E-38   -1.7069E-34
     348.10001   -1.6017E-35   -1.0036E-37   -1.6985E-34
     348.20001   -1.5936E-35   -1.0428E-37   -1.6900E-34
     348.30001   -1.5855E-35   -1.0831E-37   -1.6814E-34
     348.40001   -1.5773E-35   -1.1244E-37   -1.6727E-34
     348.50001   -1.5691E-35   -1.1669E-37   -1.6639E-34
     348.60001   -1.5608E-35   -1.2104E-37   -1.6551E-34
     348.70001   -1.5524E-35   -1.2550E-37   -1.6462E-34
     348.80001   -1.5440E-35   -1.3008E-37   -1.6373E-34
     348.90001   -1.5356E-35   -1.3477E-37   -1.6284E-34
     349.00001   -1.5272E-35   -1.3957E-37   -1.6194E-34
     349.10001   -1.5188E-35   -1.4448E-37   -1.6105E-34
     349.20001   -1.5104E-35   -1.4951E-37   -1.6016E-34
     349.30001   -1.5020E-35   -1.5465E-37   -1.5926E-34
     349.40001   -1.4936E-35   -1.5990E-37   -1.5837E-34
     349.50001   -1.4852E-35   -1.6526E-37   -1.5748E-34
     349.60001   -1.4768E-35   -1.7074E-37   -1.5660E-34
     349.70001   -1.4685E-35   -1.7634E-37   -1.5572E-34
     349.80001   -1.4603E-35   -1.8205E-37   -1.5484E-34
     349.90001   -1.4520E-35   -1.8787E-37   -1.5396E-34
     350.00001   -1.4438E-35   -1.9381E-37   -1.5310E-34
     350.10001   -1.4357E-35   -1.9986E-37   -1.5223E-34
     350.20001   -1.4362E-35   -2.0612E-37   -1.5228E-34
     350.30001   -1.4411E-35   -2.1000E-37   -1.5280E-34
     350.40001   -1.4411E-35   -2.1003E-37   -1.5280E-34
     350.50001   -1.4362E-35   -2.0621E-37   -1.5228E-34
     350.60001   -1.4358E-35   -2.0003E-37   -1.5224E-34
     350.70001   -1.4439E-35   -1.9405E-37   -1.5310E-34
     350.80001   -1.4521E-35   -1.8818E-37   -1.5397E-34
     350.90001   -1.4604E-35   -1.8243E-37   -1.5485E-34
     351.00001   -1.4687E-35   -1.7678E-37   -1.5573E-34
     351.10001   -1.4770E-35   -1.7126E-37   -1.5661E-34
     351.20001   -1.4853E-35   -1.6584E-37   -1.5750E-34
     351.30001   -1.4937E-35   -1.6053E-37   -1.5839E-34
     351.40001   -1.5021E-35   -1.5534E-37   -1.5928E-34
     351.50001   -1.5105E-35   -1.5025E-37   -1.6017E-34
     351.60001   -1.5189E-35   -1.4528E-37   -1.6106E-34
     351.70001   -1.5273E-35   -1.4042E-37   -1.6196E-34
     351.80001   -1.5357E-35   -1.3567E-37   -1.6285E-34
     351.90001   -1.5441E-35   -1.3103E-37   -1.6374E-34
     352.00001   -1.5525E-35   -1.2650E-37   -1.6463E-34
     352.10001   -1.5608E-35   -1.2207E-37   -1.6551E-34
     352.20001   -1.5691E-35   -1.1776E-37   -1.6639E-34
     352.30001   -1.5774E-35   -1.1355E-37   -1.6727E-34
     352.40001   -1.5856E-35   -1.0946E-37   -1.6814E-34
     352.50001   -1.5937E-35   -1.0547E-37   -1.6900E-34
     352.60001   -1.6017E-35   -1.0158E-37   -1.6985E-34
     352.70001   -1.6096E-35   -9.7805E-38   -1.7069E-34
     352.80001   -1.6174E-35   -9.4133E-38   -1.7151E-34
     352.90001   -1.6250E-35   -9.0566E-38   -1.7233E-34
     353.00001   -1.6326E-35   -8.7103E-38   -1.7313E-34
     353.10001   -1.6445E-35   -8.4133E-38   -1.7439E-34
     353.20001   -1.6621E-35   -8.2817E-38   -1.7626E-34
     353.30001   -1.6717E-35   -8.2681E-38   -1.7728E-34
     353.40001   -1.6584E-35   -8.2997E-38   -1.7587E-34
     353.50001   -1.6408E-35   -8.4666E-38   -1.7400E-34
     353.60001   -1.6309E-35   -8.7905E-38   -1.7295E-34
     353.70001   -1.6232E-35   -9.1422E-38   -1.7214E-34
     353.80001   -1.6155E-35   -9.5045E-38   -1.7131E-34
     353.90001   -1.6076E-35   -9.8774E-38   -1.7048E-34
     354.00001   -1.5996E-35   -1.0261E-37   -1.6963E-34
     354.10001   -1.5916E-35   -1.0655E-37   -1.6877E-34
     354.20001   -1.5834E-35   -1.1060E-37   -1.6791E-34
     354.30001   -1.5752E-35   -1.1476E-37   -1.6704E-34
     354.40001   -1.5669E-35   -1.1903E-37   -1.6616E-34
     354.50001   -1.5586E-35   -1.2341E-37   -1.6527E-34
     354.60001   -1.5502E-35   -1.2790E-37   -1.6438E-34
     354.70001   -1.5418E-35   -1.3250E-37   -1.6349E-34
     354.80001   -1.5334E-35   -1.3720E-37   -1.6260E-34
     354.90001   -1.5249E-35   -1.4202E-37   -1.6170E-34
     355.00001   -1.5165E-35   -1.4696E-37   -1.6080E-34
     355.10001   -1.5081E-35   -1.5200E-37   -1.5991E-34
     355.20001   -1.4996E-35   -1.5715E-37   -1.5902E-34
     355.30001   -1.4912E-35   -1.6242E-37   -1.5812E-34
     355.40001   -1.4829E-35   -1.6780E-37   -1.5723E-34
     355.50001   -1.4745E-35   -1.7330E-37   -1.5635E-34
     355.60001   -1.4662E-35   -1.7890E-37   -1.5546E-34
     355.70001   -1.4579E-35   -1.8462E-37   -1.5459E-34
     355.80001   -1.4497E-35   -1.9046E-37   -1.5371E-34
     355.90001   -1.4415E-35   -1.9641E-37   -1.5284E-34
     356.00001   -1.4338E-35   -2.0252E-37   -1.5202E-34
     356.10001   -1.4363E-35   -2.0849E-37   -1.5229E-34
     356.20001   -1.4410E-35   -2.1171E-37   -1.5279E-34
     356.30001   -1.4393E-35   -2.1082E-37   -1.5261E-34
     356.40001   -1.4347E-35   -2.0635E-37   -1.5212E-34
     356.50001   -1.4367E-35   -1.9999E-37   -1.5233E-34
     356.60001   -1.4448E-35   -1.9398E-37   -1.5320E-34
     356.70001   -1.4530E-35   -1.8808E-37   -1.5407E-34
     356.80001   -1.4613E-35   -1.8229E-37   -1.5494E-34
     356.90001   -1.4696E-35   -1.7662E-37   -1.5582E-34
     357.00001   -1.4779E-35   -1.7105E-37   -1.5671E-34
     357.10001   -1.4863E-35   -1.6561E-37   -1.5759E-34
     357.20001   -1.4946E-35   -1.6027E-37   -1.5849E-34
     357.30001   -1.5031E-35   -1.5505E-37   -1.5938E-34
     357.40001   -1.5115E-35   -1.4994E-37   -1.6027E-34
     357.50001   -1.5199E-35   -1.4494E-37   -1.6117E-34
     357.60001   -1.5284E-35   -1.4006E-37   -1.6206E-34
     357.70001   -1.5368E-35   -1.3528E-37   -1.6296E-34
     357.80001   -1.5452E-35   -1.3062E-37   -1.6385E-34
     357.90001   -1.5536E-35   -1.2606E-37   -1.6474E-34
     358.00001   -1.5620E-35   -1.2162E-37   -1.6563E-34
     358.10001   -1.5703E-35   -1.1729E-37   -1.6651E-34
     358.20001   -1.5785E-35   -1.1306E-37   -1.6739E-34
     358.30001   -1.5867E-35   -1.0895E-37   -1.6826E-34
     358.40001   -1.5949E-35   -1.0494E-37   -1.6912E-34
     358.50001   -1.6029E-35   -1.0104E-37   -1.6998E-34
     358.60001   -1.6108E-35   -9.7248E-38   -1.7082E-34
     358.70001   -1.6187E-35   -9.3563E-38   -1.7165E-34
     358.80001   -1.6263E-35   -8.9983E-38   -1.7247E-34
     358.90001   -1.6339E-35   -8.6508E-38   -1.7327E-34
     359.00001   -1.6479E-35   -8.3796E-38   -1.7475E-34
     359.10001   -1.6653E-35   -8.2753E-38   -1.7660E-34
     359.20001   -1.6704E-35   -8.2677E-38   -1.7714E-34
     359.30001   -1.6549E-35   -8.3163E-38   -1.7550E-34
     359.40001   -1.6374E-35   -8.5121E-38   -1.7364E-34
     359.50001   -1.6295E-35   -8.8496E-38   -1.7280E-34
     359.60001   -1.6219E-35   -9.2000E-38   -1.7200E-34
     359.70001   -1.6142E-35   -9.5610E-38   -1.7118E-34
     359.80001   -1.6064E-35   -9.9324E-38   -1.7035E-34
     359.90001   -1.5984E-35   -1.0314E-37   -1.6950E-34
     360.00001   -1.5904E-35   -1.0707E-37   -1.6865E-34
     360.10001   -1.5822E-35   -1.1111E-37   -1.6778E-34
     360.20001   -1.5740E-35   -1.1525E-37   -1.6691E-34
     360.30001   -1.5658E-35   -1.1950E-37   -1.6604E-34
     360.40001   -1.5575E-35   -1.2385E-37   -1.6515E-34
     360.50001   -1.5491E-35   -1.2832E-37   -1.6427E-34
     360.60001   -1.5407E-35   -1.3290E-37   -1.6338E-34
     360.70001   -1.5323E-35   -1.3758E-37   -1.6249E-34
     360.80001   -1.5239E-35   -1.4238E-37   -1.6159E-34
     360.90001   -1.5155E-35   -1.4729E-37   -1.6070E-34
     361.00001   -1.5071E-35   -1.5230E-37   -1.5981E-34
     361.10001   -1.4987E-35   -1.5743E-37   -1.5892E-34
     361.20001   -1.4903E-35   -1.6267E-37   -1.5803E-34
     361.30001   -1.4819E-35   -1.6802E-37   -1.5714E-34
     361.40001   -1.4736E-35   -1.7349E-37   -1.5625E-34
     361.50001   -1.4653E-35   -1.7906E-37   -1.5537E-34
     361.60001   -1.4570E-35   -1.8475E-37   -1.5449E-34
     361.70001   -1.4488E-35   -1.9055E-37   -1.5362E-34
     361.80001   -1.4406E-35   -1.9646E-37   -1.5275E-34
     361.90001   -1.4347E-35   -2.0269E-37   -1.5212E-34
     362.00001   -1.4380E-35   -2.0811E-37   -1.5248E-34
     362.10001   -1.4422E-35   -2.1056E-37   -1.5292E-34
     362.20001   -1.4391E-35   -2.0880E-37   -1.5259E-34
     362.30001   -1.4350E-35   -2.0378E-37   -1.5215E-34
     362.40001   -1.4390E-35   -1.9739E-37   -1.5258E-34
     362.50001   -1.4472E-35   -1.9139E-37   -1.5345E-34
     362.60001   -1.4554E-35   -1.8549E-37   -1.5432E-34
     362.70001   -1.4636E-35   -1.7972E-37   -1.5519E-34
     362.80001   -1.4719E-35   -1.7405E-37   -1.5607E-34
     362.90001   -1.4802E-35   -1.6851E-37   -1.5696E-34
     363.00001   -1.4886E-35   -1.6307E-37   -1.5784E-34
     363.10001   -1.4970E-35   -1.5775E-37   -1.5873E-34
     363.20001   -1.5054E-35   -1.5255E-37   -1.5963E-34
     363.30001   -1.5138E-35   -1.4745E-37   -1.6052E-34
     363.40001   -1.5222E-35   -1.4247E-37   -1.6141E-34
     363.50001   -1.5306E-35   -1.3761E-37   -1.6231E-34
     363.60001   -1.5390E-35   -1.3285E-37   -1.6320E-34
     363.70001   -1.5474E-35   -1.2821E-37   -1.6409E-34
     363.80001   -1.5558E-35   -1.2368E-37   -1.6498E-34
     363.90001   -1.5641E-35   -1.1926E-37   -1.6586E-34
     364.00001   -1.5724E-35   -1.1495E-37   -1.6674E-34
     364.10001   -1.5807E-35   -1.1075E-37   -1.6762E-34
     364.20001   -1.5888E-35   -1.0666E-37   -1.6849E-34
     364.30001   -1.5969E-35   -1.0268E-37   -1.6934E-34
     364.40001   -1.6049E-35   -9.8807E-38   -1.7019E-34
     364.50001   -1.6128E-35   -9.5042E-38   -1.7103E-34
     364.60001   -1.6206E-35   -9.1384E-38   -1.7186E-34
     364.70001   -1.6282E-35   -8.7832E-38   -1.7267E-34
     364.80001   -1.6357E-35   -8.4386E-38   -1.7346E-34
     364.90001   -1.6517E-35   -8.2022E-38   -1.7516E-34
     365.00001   -1.6685E-35   -8.1246E-38   -1.7694E-34
     365.10001   -1.6684E-35   -8.1217E-38   -1.7693E-34
     365.20001   -1.6516E-35   -8.1944E-38   -1.7515E-34
     365.30001   -1.6357E-35   -8.4262E-38   -1.7346E-34
     365.40001   -1.6282E-35   -8.7648E-38   -1.7267E-34
     365.50001   -1.6206E-35   -9.1138E-38   -1.7186E-34
     365.60001   -1.6128E-35   -9.4733E-38   -1.7103E-34
     365.70001   -1.6049E-35   -9.8432E-38   -1.7020E-34
     365.80001   -1.5969E-35   -1.0224E-37   -1.6935E-34
     365.90001   -1.5888E-35   -1.0615E-37   -1.6849E-34
     366.00001   -1.5807E-35   -1.1017E-37   -1.6762E-34
     366.10001   -1.5724E-35   -1.1429E-37   -1.6675E-34
     366.20001   -1.5641E-35   -1.1852E-37   -1.6587E-34
     366.30001   -1.5558E-35   -1.2287E-37   -1.6498E-34
     366.40001   -1.5474E-35   -1.2732E-37   -1.6409E-34
     366.50001   -1.5390E-35   -1.3187E-37   -1.6320E-34
     366.60001   -1.5305E-35   -1.3654E-37   -1.6230E-34
     366.70001   -1.5221E-35   -1.4132E-37   -1.6140E-34
     366.80001   -1.5136E-35   -1.4621E-37   -1.6051E-34
     366.90001   -1.5052E-35   -1.5121E-37   -1.5961E-34
     367.00001   -1.4968E-35   -1.5632E-37   -1.5872E-34
     367.10001   -1.4883E-35   -1.6154E-37   -1.5782E-34
     367.20001   -1.4799E-35   -1.6687E-37   -1.5693E-34
     367.30001   -1.4716E-35   -1.7231E-37   -1.5604E-34
     367.40001   -1.4632E-35   -1.7786E-37   -1.5516E-34
     367.50001   -1.4549E-35   -1.8353E-37   -1.5428E-34
     367.60001   -1.4467E-35   -1.8931E-37   -1.5340E-34
     367.70001   -1.4385E-35   -1.9520E-37   -1.5253E-34
     367.80001   -1.4344E-35   -2.0146E-37   -1.5210E-34
     367.90001   -1.4385E-35   -2.0633E-37   -1.5253E-34
     368.00001   -1.4415E-35   -2.0798E-37   -1.5285E-34
     368.10001   -1.4373E-35   -2.0544E-37   -1.5240E-34
     368.20001   -1.4338E-35   -1.9996E-37   -1.5204E-34
     368.30001   -1.4397E-35   -1.9369E-37   -1.5266E-34
     368.40001   -1.4478E-35   -1.8774E-37   -1.5352E-34
     368.50001   -1.4559E-35   -1.8191E-37   -1.5438E-34
     368.60001   -1.4641E-35   -1.7618E-37   -1.5525E-34
     368.70001   -1.4723E-35   -1.7058E-37   -1.5612E-34
     368.80001   -1.4805E-35   -1.6509E-37   -1.5699E-34
     368.90001   -1.4888E-35   -1.5971E-37   -1.5787E-34
     369.00001   -1.4970E-35   -1.5445E-37   -1.5875E-34
     369.10001   -1.5053E-35   -1.4930E-37   -1.5963E-34
     369.20001   -1.5136E-35   -1.4427E-37   -1.6051E-34
     369.30001   -1.5220E-35   -1.3934E-37   -1.6139E-34
     369.40001   -1.5303E-35   -1.3454E-37   -1.6227E-34
     369.50001   -1.5385E-35   -1.2984E-37   -1.6315E-34
     369.60001   -1.5468E-35   -1.2525E-37   -1.6403E-34
     369.70001   -1.5551E-35   -1.2078E-37   -1.6491E-34
     369.80001   -1.5633E-35   -1.1642E-37   -1.6578E-34
     369.90001   -1.5714E-35   -1.1217E-37   -1.6664E-34
     370.00001   -1.5795E-35   -1.0802E-37   -1.6750E-34
     370.10001   -1.5875E-35   -1.0399E-37   -1.6835E-34
     370.20001   -1.5954E-35   -1.0007E-37   -1.6920E-34
     370.30001   -1.6033E-35   -9.6251E-38   -1.7003E-34
     370.40001   -1.6110E-35   -9.2541E-38   -1.7085E-34
     370.50001   -1.6186E-35   -8.8939E-38   -1.7165E-34
     370.60001   -1.6260E-35   -8.5442E-38   -1.7245E-34
     370.70001   -1.6339E-35   -8.2079E-38   -1.7328E-34
     370.80001   -1.6512E-35   -8.0108E-38   -1.7512E-34
     370.90001   -1.6665E-35   -7.9587E-38   -1.7674E-34
     371.00001   -1.6611E-35   -7.9638E-38   -1.7617E-34
     371.10001   -1.6437E-35   -8.0664E-38   -1.7433E-34
     371.20001   -1.6298E-35   -8.3329E-38   -1.7285E-34
     371.30001   -1.6222E-35   -8.6730E-38   -1.7204E-34
     371.40001   -1.6145E-35   -9.0234E-38   -1.7122E-34
     371.50001   -1.6067E-35   -9.3843E-38   -1.7039E-34
     371.60001   -1.5987E-35   -9.7558E-38   -1.6954E-34
     371.70001   -1.5906E-35   -1.0138E-37   -1.6869E-34
     371.80001   -1.5825E-35   -1.0530E-37   -1.6782E-34
     371.90001   -1.5742E-35   -1.0934E-37   -1.6695E-34
     372.00001   -1.5659E-35   -1.1348E-37   -1.6607E-34
     372.10001   -1.5576E-35   -1.1773E-37   -1.6518E-34
     372.20001   -1.5492E-35   -1.2209E-37   -1.6429E-34
     372.30001   -1.5407E-35   -1.2655E-37   -1.6339E-34
     372.40001   -1.5323E-35   -1.3113E-37   -1.6249E-34
     372.50001   -1.5238E-35   -1.3581E-37   -1.6159E-34
     372.60001   -1.5153E-35   -1.4061E-37   -1.6069E-34
     372.70001   -1.5068E-35   -1.4551E-37   -1.5979E-34
     372.80001   -1.4983E-35   -1.5053E-37   -1.5889E-34
     372.90001   -1.4899E-35   -1.5565E-37   -1.5799E-34
     373.00001   -1.4814E-35   -1.6089E-37   -1.5710E-34
     373.10001   -1.4730E-35   -1.6624E-37   -1.5620E-34
     373.20001   -1.4646E-35   -1.7170E-37   -1.5531E-34
     373.30001   -1.4563E-35   -1.7728E-37   -1.5443E-34
     373.40001   -1.4480E-35   -1.8296E-37   -1.5354E-34
     373.50001   -1.4397E-35   -1.8876E-37   -1.5267E-34
     373.60001   -1.4315E-35   -1.9467E-37   -1.5180E-34
     373.70001   -1.4296E-35   -2.0090E-37   -1.5159E-34
     373.80001   -1.4341E-35   -2.0524E-37   -1.5206E-34
     373.90001   -1.4356E-35   -2.0606E-37   -1.5223E-34
     374.00001   -1.4307E-35   -2.0285E-37   -1.5171E-34
     374.10001   -1.4281E-35   -1.9693E-37   -1.5143E-34
     374.20001   -1.4356E-35   -1.9086E-37   -1.5223E-34
     374.30001   -1.4436E-35   -1.8496E-37   -1.5308E-34
     374.40001   -1.4516E-35   -1.7917E-37   -1.5393E-34
     374.50001   -1.4597E-35   -1.7350E-37   -1.5479E-34
     374.60001   -1.4678E-35   -1.6795E-37   -1.5565E-34
     374.70001   -1.4759E-35   -1.6251E-37   -1.5651E-34
     374.80001   -1.4840E-35   -1.5718E-37   -1.5737E-34
     374.90001   -1.4922E-35   -1.5197E-37   -1.5824E-34
     375.00001   -1.5004E-35   -1.4687E-37   -1.5911E-34
     375.10001   -1.5086E-35   -1.4188E-37   -1.5998E-34
     375.20001   -1.5168E-35   -1.3701E-37   -1.6085E-34
     375.30001   -1.5249E-35   -1.3225E-37   -1.6172E-34
     375.40001   -1.5331E-35   -1.2760E-37   -1.6259E-34
     375.50001   -1.5413E-35   -1.2306E-37   -1.6345E-34
     375.60001   -1.5494E-35   -1.1863E-37   -1.6431E-34
     375.70001   -1.5574E-35   -1.1431E-37   -1.6517E-34
     375.80001   -1.5655E-35   -1.1010E-37   -1.6602E-34
     375.90001   -1.5734E-35   -1.0601E-37   -1.6687E-34
     376.00001   -1.5813E-35   -1.0202E-37   -1.6771E-34
     376.10001   -1.5891E-35   -9.8133E-38   -1.6853E-34
     376.20001   -1.5968E-35   -9.4358E-38   -1.6935E-34
     376.30001   -1.6044E-35   -9.0689E-38   -1.7016E-34
     376.40001   -1.6118E-35   -8.7126E-38   -1.7095E-34
     376.50001   -1.6191E-35   -8.3668E-38   -1.7173E-34
     376.60001   -1.6288E-35   -8.0486E-38   -1.7275E-34
     376.70001   -1.6461E-35   -7.8835E-38   -1.7459E-34
     376.80001   -1.6589E-35   -7.8517E-38   -1.7595E-34
     376.90001   -1.6491E-35   -7.8679E-38   -1.7491E-34
     377.00001   -1.6315E-35   -8.0018E-38   -1.7304E-34
     377.10001   -1.6197E-35   -8.2971E-38   -1.7179E-34
     377.20001   -1.6121E-35   -8.6394E-38   -1.7098E-34
     377.30001   -1.6044E-35   -8.9922E-38   -1.7016E-34
     377.40001   -1.5966E-35   -9.3554E-38   -1.6933E-34
     377.50001   -1.5886E-35   -9.7291E-38   -1.6849E-34
     377.60001   -1.5806E-35   -1.0113E-37   -1.6763E-34
     377.70001   -1.5725E-35   -1.0508E-37   -1.6677E-34
     377.80001   -1.5643E-35   -1.0914E-37   -1.6590E-34
     377.90001   -1.5560E-35   -1.1330E-37   -1.6502E-34
     378.00001   -1.5477E-35   -1.1757E-37   -1.6414E-34
     378.10001   -1.5394E-35   -1.2195E-37   -1.6325E-34
     378.20001   -1.5310E-35   -1.2644E-37   -1.6237E-34
     378.30001   -1.5226E-35   -1.3104E-37   -1.6147E-34
     378.40001   -1.5142E-35   -1.3575E-37   -1.6058E-34
     378.50001   -1.5058E-35   -1.4057E-37   -1.5969E-34
     378.60001   -1.4974E-35   -1.4549E-37   -1.5879E-34
     378.70001   -1.4890E-35   -1.5053E-37   -1.5790E-34
     378.80001   -1.4806E-35   -1.5568E-37   -1.5701E-34
     378.90001   -1.4722E-35   -1.6094E-37   -1.5612E-34
     379.00001   -1.4639E-35   -1.6632E-37   -1.5524E-34
     379.10001   -1.4556E-35   -1.7180E-37   -1.5436E-34
     379.20001   -1.4473E-35   -1.7740E-37   -1.5348E-34
     379.30001   -1.4391E-35   -1.8311E-37   -1.5261E-34
     379.40001   -1.4310E-35   -1.8893E-37   -1.5174E-34
     379.50001   -1.4228E-35   -1.9487E-37   -1.5088E-34
     379.60001   -1.4232E-35   -2.0098E-37   -1.5092E-34
     379.70001   -1.4280E-35   -2.0474E-37   -1.5142E-34
     379.80001   -1.4279E-35   -2.0470E-37   -1.5141E-34
     379.90001   -1.4229E-35   -2.0086E-37   -1.5089E-34
     380.00001   -1.4224E-35   -1.9469E-37   -1.5084E-34
     380.10001   -1.4303E-35   -1.8870E-37   -1.5168E-34
     380.20001   -1.4383E-35   -1.8282E-37   -1.5252E-34
     380.30001   -1.4463E-35   -1.7707E-37   -1.5337E-34
     380.40001   -1.4543E-35   -1.7142E-37   -1.5423E-34
     380.50001   -1.4624E-35   -1.6589E-37   -1.5509E-34
     380.60001   -1.4705E-35   -1.6048E-37   -1.5595E-34
     380.70001   -1.4787E-35   -1.5518E-37   -1.5681E-34
     380.80001   -1.4868E-35   -1.4999E-37   -1.5768E-34
     380.90001   -1.4950E-35   -1.4492E-37   -1.5855E-34
     381.00001   -1.5032E-35   -1.3996E-37   -1.5942E-34
     381.10001   -1.5114E-35   -1.3511E-37   -1.6029E-34
     381.20001   -1.5196E-35   -1.3037E-37   -1.6116E-34
     381.30001   -1.5278E-35   -1.2574E-37   -1.6203E-34
     381.40001   -1.5359E-35   -1.2123E-37   -1.6289E-34
     381.50001   -1.5440E-35   -1.1683E-37   -1.6376E-34
     381.60001   -1.5521E-35   -1.1253E-37   -1.6461E-34
     381.70001   -1.5602E-35   -1.0835E-37   -1.6547E-34
     381.80001   -1.5681E-35   -1.0427E-37   -1.6631E-34
     381.90001   -1.5760E-35   -1.0030E-37   -1.6715E-34
     382.00001   -1.5838E-35   -9.6440E-38   -1.6798E-34
     382.10001   -1.5915E-35   -9.2685E-38   -1.6880E-34
     382.20001   -1.5991E-35   -8.9037E-38   -1.6961E-34
     382.30001   -1.6066E-35   -8.5495E-38   -1.7040E-34
     382.40001   -1.6139E-35   -8.2057E-38   -1.7118E-34
     382.50001   -1.6256E-35   -7.9094E-38   -1.7242E-34
     382.60001   -1.6429E-35   -7.7740E-38   -1.7426E-34
     382.70001   -1.6523E-35   -7.7555E-38   -1.7526E-34
     382.80001   -1.6393E-35   -7.7861E-38   -1.7387E-34
     382.90001   -1.6219E-35   -7.9502E-38   -1.7203E-34
     383.00001   -1.6122E-35   -8.2661E-38   -1.7100E-34
     383.10001   -1.6047E-35   -8.6088E-38   -1.7021E-34
     383.20001   -1.5972E-35   -8.9619E-38   -1.6940E-34
     383.30001   -1.5895E-35   -9.3254E-38   -1.6858E-34
     383.40001   -1.5816E-35   -9.6994E-38   -1.6775E-34
     383.50001   -1.5737E-35   -1.0084E-37   -1.6691E-34
     383.60001   -1.5658E-35   -1.0479E-37   -1.6606E-34
     383.70001   -1.5577E-35   -1.0885E-37   -1.6521E-34
     383.80001   -1.5496E-35   -1.1301E-37   -1.6435E-34
     383.90001   -1.5414E-35   -1.1729E-37   -1.6348E-34
     384.00001   -1.5332E-35   -1.2167E-37   -1.6261E-34
     384.10001   -1.5250E-35   -1.2616E-37   -1.6173E-34
     384.20001   -1.5167E-35   -1.3076E-37   -1.6086E-34
     384.30001   -1.5084E-35   -1.3547E-37   -1.5998E-34
     384.40001   -1.5002E-35   -1.4029E-37   -1.5910E-34
     384.50001   -1.4919E-35   -1.4522E-37   -1.5822E-34
     384.60001   -1.4836E-35   -1.5026E-37   -1.5734E-34
     384.70001   -1.4754E-35   -1.5541E-37   -1.5647E-34
     384.80001   -1.4672E-35   -1.6068E-37   -1.5559E-34
     384.90001   -1.4590E-35   -1.6605E-37   -1.5472E-34
     385.00001   -1.4508E-35   -1.7154E-37   -1.5386E-34
     385.10001   -1.4427E-35   -1.7714E-37   -1.5299E-34
     385.20001   -1.4346E-35   -1.8285E-37   -1.5214E-34
     385.30001   -1.4266E-35   -1.8868E-37   -1.5128E-34
     385.40001   -1.4190E-35   -1.9467E-37   -1.5048E-34
     385.50001   -1.4215E-35   -2.0049E-37   -1.5075E-34
     385.60001   -1.4262E-35   -2.0360E-37   -1.5124E-34
     385.70001   -1.4246E-35   -2.0270E-37   -1.5107E-34
     385.80001   -1.4200E-35   -1.9831E-37   -1.5058E-34
     385.90001   -1.4218E-35   -1.9204E-37   -1.5078E-34
     386.00001   -1.4298E-35   -1.8609E-37   -1.5162E-34
     386.10001   -1.4378E-35   -1.8026E-37   -1.5248E-34
     386.20001   -1.4459E-35   -1.7454E-37   -1.5334E-34
     386.30001   -1.4540E-35   -1.6894E-37   -1.5420E-34
     386.40001   -1.4622E-35   -1.6345E-37   -1.5507E-34
     386.50001   -1.4704E-35   -1.5807E-37   -1.5594E-34
     386.60001   -1.4786E-35   -1.5281E-37   -1.5681E-34
     386.70001   -1.4869E-35   -1.4766E-37   -1.5769E-34
     386.80001   -1.4951E-35   -1.4262E-37   -1.5857E-34
     386.90001   -1.5034E-35   -1.3770E-37   -1.5945E-34
     387.00001   -1.5117E-35   -1.3289E-37   -1.6032E-34
     387.10001   -1.5200E-35   -1.2819E-37   -1.6120E-34
     387.20001   -1.5282E-35   -1.2360E-37   -1.6208E-34
     387.30001   -1.5364E-35   -1.1912E-37   -1.6295E-34
     387.40001   -1.5446E-35   -1.1475E-37   -1.6382E-34
     387.50001   -1.5528E-35   -1.1050E-37   -1.6469E-34
     387.60001   -1.5609E-35   -1.0635E-37   -1.6555E-34
     387.70001   -1.5689E-35   -1.0231E-37   -1.6641E-34
     387.80001   -1.5769E-35   -9.8372E-38   -1.6725E-34
     387.90001   -1.5848E-35   -9.4547E-38   -1.6809E-34
     388.00001   -1.5926E-35   -9.0827E-38   -1.6892E-34
     388.10001   -1.6002E-35   -8.7214E-38   -1.6973E-34
     388.20001   -1.6078E-35   -8.3706E-38   -1.7053E-34
     388.30001   -1.6152E-35   -8.0302E-38   -1.7132E-34
     388.40001   -1.6289E-35   -7.7627E-38   -1.7278E-34
     388.50001   -1.6461E-35   -7.6566E-38   -1.7460E-34
     388.60001   -1.6512E-35   -7.6477E-38   -1.7514E-34
     388.70001   -1.6360E-35   -7.6986E-38   -1.7353E-34
     388.80001   -1.6188E-35   -7.8932E-38   -1.7170E-34
     388.90001   -1.6111E-35   -8.2234E-38   -1.7089E-34
     389.00001   -1.6038E-35   -8.5664E-38   -1.7011E-34
     389.10001   -1.5963E-35   -8.9197E-38   -1.6931E-34
     389.20001   -1.5886E-35   -9.2834E-38   -1.6850E-34
     389.30001   -1.5809E-35   -9.6578E-38   -1.6768E-34
     389.40001   -1.5731E-35   -1.0043E-37   -1.6685E-34
     389.50001   -1.5652E-35   -1.0438E-37   -1.6600E-34
     389.60001   -1.5572E-35   -1.0845E-37   -1.6516E-34
     389.70001   -1.5491E-35   -1.1262E-37   -1.6430E-34
     389.80001   -1.5410E-35   -1.1690E-37   -1.6344E-34
     389.90001   -1.5329E-35   -1.2128E-37   -1.6258E-34
     390.00001   -1.5247E-35   -1.2578E-37   -1.6171E-34
     390.10001   -1.5166E-35   -1.3039E-37   -1.6084E-34
     390.20001   -1.5084E-35   -1.3511E-37   -1.5997E-34
     390.30001   -1.5002E-35   -1.3994E-37   -1.5910E-34
     390.40001   -1.4920E-35   -1.4487E-37   -1.5823E-34
     390.50001   -1.4838E-35   -1.4993E-37   -1.5736E-34
     390.60001   -1.4756E-35   -1.5509E-37   -1.5649E-34
     390.70001   -1.4674E-35   -1.6037E-37   -1.5562E-34
     390.80001   -1.4593E-35   -1.6576E-37   -1.5476E-34
     390.90001   -1.4512E-35   -1.7126E-37   -1.5390E-34
     391.00001   -1.4431E-35   -1.7687E-37   -1.5304E-34
     391.10001   -1.4351E-35   -1.8260E-37   -1.5219E-34
     391.20001   -1.4272E-35   -1.8845E-37   -1.5134E-34
     391.30001   -1.4214E-35   -1.9460E-37   -1.5073E-34
     391.40001   -1.4248E-35   -1.9994E-37   -1.5109E-34
     391.50001   -1.4289E-35   -2.0235E-37   -1.5153E-34
     391.60001   -1.4259E-35   -2.0066E-37   -1.5121E-34
     391.70001   -1.4219E-35   -1.9579E-37   -1.5078E-34
     391.80001   -1.4259E-35   -1.8956E-37   -1.5121E-34
     391.90001   -1.4339E-35   -1.8368E-37   -1.5206E-34
     392.00001   -1.4420E-35   -1.7791E-37   -1.5292E-34
     392.10001   -1.4502E-35   -1.7226E-37   -1.5379E-34
     392.20001   -1.4583E-35   -1.6673E-37   -1.5466E-34
     392.30001   -1.4666E-35   -1.6130E-37   -1.5553E-34
     392.40001   -1.4748E-35   -1.5600E-37   -1.5641E-34
     392.50001   -7.1512E-35   -1.4953E-37   -1.4150E-34
     392.60001   -2.1044E-34   -1.3686E-37   -1.1405E-34
     392.70001   -3.8299E-34   -1.2157E-37   -9.2489E-35
     392.80001   -5.7377E-34   -1.0767E-37   -7.7327E-35
     392.90001   -7.7838E-34   -9.5959E-38   -6.6469E-35
     393.00001   -9.9516E-34   -8.6243E-38   -5.8402E-35
     393.10001   -1.2233E-33   -7.8135E-38   -5.2196E-35
     393.20001   -1.4624E-33   -7.1295E-38   -4.7280E-35
     393.30001   -1.7119E-33   -6.5456E-38   -4.3288E-35
     393.40001   -1.9718E-33   -6.0415E-38   -3.9981E-35
     393.50001   -2.2417E-33   -5.6015E-38   -3.7192E-35
     393.60001   -2.5214E-33   -5.2137E-38   -3.4806E-35
     393.70001   -2.8106E-33   -4.8690E-38   -3.2738E-35
     393.80001   -3.1090E-33   -4.5601E-38   -3.0925E-35
     393.90001   -3.4162E-33   -4.2812E-38   -2.9318E-35
     394.00001   -3.7318E-33   -4.0279E-38   -2.7883E-35
     394.10001   -4.0554E-33   -3.7964E-38   -2.6589E-35
     394.20001   -4.3864E-33   -3.5838E-38   -2.5414E-35
     394.30001   -4.7244E-33   -3.3875E-38   -2.4339E-35
     394.40001   -5.0687E-33   -3.2057E-38   -2.3350E-35
     394.50001   -5.4187E-33   -3.0367E-38   -2.2435E-35
     394.60001   -5.7739E-33   -2.8792E-38   -2.1584E-35
     394.70001   -6.1336E-33   -2.7320E-38   -2.0790E-35
     394.80001   -6.4974E-33   -2.5943E-38   -2.0045E-35
     394.90001   -6.6421E-33   -2.5125E-38   -1.9801E-35
     395.00001   -6.6526E-33   -2.4608E-38   -1.9833E-35
     395.10001   -6.6606E-33   -2.4100E-38   -1.9857E-35
     395.20001   -6.8958E-33   -2.3158E-38   -1.9406E-35
     395.30001   -7.2697E-33   -2.2020E-38   -1.8711E-35
     395.40001   -7.6462E-33   -2.0959E-38   -1.8056E-35
     395.50001   -8.0248E-33   -1.9969E-38   -1.7437E-35
     395.60001   -8.4052E-33   -1.9044E-38   -1.6852E-35
     395.70001   -8.7869E-33   -1.8180E-38   -1.6297E-35
     395.80001   -9.1695E-33   -1.7373E-38   -1.5769E-35
     395.90001   -9.5527E-33   -1.6619E-38   -1.5267E-35
     396.00001   -9.9362E-33   -1.5913E-38   -1.4788E-35
     396.10001   -1.0319E-32   -1.5254E-38   -1.4331E-35
     396.20001   -1.0702E-32   -1.4637E-38   -1.3894E-35
     396.30001   -1.1084E-32   -1.4060E-38   -1.3475E-35
     396.40001   -1.1465E-32   -1.3519E-38   -1.3073E-35
     396.50001   -1.1844E-32   -1.3014E-38   -1.2687E-35
     396.60001   -1.2221E-32   -1.2541E-38   -1.2316E-35
     396.70001   -1.2595E-32   -1.2099E-38   -1.1959E-35
     396.80001   -1.2967E-32   -1.1684E-38   -1.1615E-35
     396.90001   -1.3336E-32   -1.1296E-38   -1.1284E-35
     397.00001   -1.3701E-32   -1.0933E-38   -1.0964E-35
     397.10001   -1.4062E-32   -1.0593E-38   -1.0655E-35
     397.20001   -1.4419E-32   -1.0274E-38   -1.0356E-35
     397.30001   -1.4772E-32   -9.9755E-39   -1.0068E-35
     397.40001   -1.5120E-32   -9.6959E-39   -9.7881E-36
     397.50001   -1.5463E-32   -9.4338E-39   -9.5174E-36
     397.60001   -1.5641E-32   -9.2381E-39   -9.3209E-36
     397.70001   -1.5519E-32   -9.1457E-39   -9.2483E-36
     397.80001   -1.5395E-32   -9.0618E-39   -9.1745E-36
     397.90001   -1.5270E-32   -8.9859E-39   -9.0996E-36
     398.00001   -1.5142E-32   -8.9178E-39   -9.0235E-36
     398.10001   -1.5012E-32   -8.8571E-39   -8.9463E-36
     398.20001   -1.4881E-32   -8.8035E-39   -8.8682E-36
     398.30001   -1.4850E-32   -8.8368E-39   -8.8497E-36
     398.40001   -1.4831E-32   -8.9623E-39   -8.8381E-36
     398.50001   -1.4437E-32   -8.9465E-39   -8.6031E-36
     398.60001   -1.4057E-32   -9.0182E-39   -8.3768E-36
     398.70001   -1.3698E-32   -9.1814E-39   -8.1633E-36
     398.80001   -1.3417E-32   -9.4343E-39   -7.9958E-36
     398.90001   -1.3145E-32   -9.6912E-39   -7.8333E-36
     399.00001   -1.2880E-32   -9.9517E-39   -7.6758E-36
     399.10001   -1.2624E-32   -1.0216E-38   -7.5232E-36
     399.20001   -1.2376E-32   -1.0483E-38   -7.3752E-36
     399.30001   -1.2136E-32   -1.0753E-38   -7.2319E-36
     399.40001   -1.2018E-32   -1.0972E-38   -7.0459E-36
     399.50001   -1.2109E-32   -1.1090E-38   -6.7844E-36
     399.60001   -1.2192E-32   -1.1207E-38   -6.5376E-36
     399.70001   -1.2267E-32   -1.1323E-38   -6.3045E-36
     399.80001   -1.2333E-32   -1.1437E-38   -6.0842E-36
     399.90001   -1.2391E-32   -1.1551E-38   -5.8756E-36
     400.00001   -1.2443E-32   -1.1663E-38   -5.6780E-36
     400.10001   -1.2487E-32   -1.1774E-38   -5.4907E-36
     400.20001   -1.2525E-32   -1.1883E-38   -5.3130E-36
     400.30001   -1.2557E-32   -1.1992E-38   -5.1442E-36
     400.40001   -1.2583E-32   -1.2100E-38   -4.9838E-36
     400.50001   -1.2603E-32   -1.2207E-38   -4.8313E-36
     400.60001   -1.2618E-32   -1.2312E-38   -4.6860E-36
     400.70001   -1.2628E-32   -1.2417E-38   -4.5477E-36
     400.80001   -1.2633E-32   -1.2520E-38   -4.4159E-36
     400.90001   -1.2634E-32   -1.2623E-38   -4.2902E-36
     401.00001   -1.2630E-32   -1.2725E-38   -4.1701E-36
     401.10001   -1.2622E-32   -1.2826E-38   -4.0555E-36
     401.20001   -1.2610E-32   -1.2926E-38   -3.9460E-36
     401.30001   -1.2595E-32   -1.3026E-38   -3.8413E-36
     401.40001   -1.2576E-32   -1.3125E-38   -3.7411E-36
     401.50001   -1.2554E-32   -1.3223E-38   -3.6451E-36
     401.60001   -1.2529E-32   -1.3321E-38   -3.5533E-36
     401.70001   -1.2500E-32   -1.3418E-38   -3.4652E-36
     401.80001   -1.2457E-32   -1.3521E-38   -3.3831E-36
     401.90001   -1.2269E-32   -1.3717E-38   -3.3318E-36
     402.00001   -1.2085E-32   -1.3912E-38   -3.2821E-36
     402.10001   -1.1918E-32   -1.4101E-38   -3.2316E-36
     402.20001   -1.1884E-32   -1.4200E-38   -3.1577E-36
     402.30001   -1.1848E-32   -1.4299E-38   -3.0867E-36
     402.40001   -1.1809E-32   -1.4397E-38   -3.0184E-36
     402.50001   -1.1769E-32   -1.4495E-38   -2.9527E-36
     402.60001   -1.1726E-32   -1.4593E-38   -2.8895E-36
     402.70001   -1.1681E-32   -1.4690E-38   -2.8287E-36
     402.80001   -1.1634E-32   -1.4788E-38   -2.7701E-36
     402.90001   -1.1586E-32   -1.4885E-38   -2.7137E-36
     403.00001   -1.1535E-32   -1.4982E-38   -2.6593E-36
     403.10001   -1.1483E-32   -1.5079E-38   -2.6069E-36
     403.20001   -1.1430E-32   -1.5176E-38   -2.5563E-36
     403.30001   -1.1375E-32   -1.5273E-38   -2.5076E-36
     403.40001   -1.1318E-32   -1.5371E-38   -2.4605E-36
     403.50001   -1.1260E-32   -1.5468E-38   -2.4151E-36
     403.60001   -1.1201E-32   -1.5565E-38   -2.3712E-36
     403.70001   -1.1140E-32   -1.5663E-38   -2.3288E-36
     403.80001   -1.1078E-32   -1.5761E-38   -2.2879E-36
     403.90001   -1.1016E-32   -1.5859E-38   -2.2483E-36
     404.00001   -1.0952E-32   -1.5958E-38   -2.2100E-36
     404.10001   -1.0887E-32   -1.6057E-38   -2.1731E-36
     404.20001   -1.0820E-32   -1.6156E-38   -2.1373E-36
     404.30001   -1.0753E-32   -1.6256E-38   -2.1027E-36
     404.40001   -1.0686E-32   -1.6356E-38   -2.0692E-36
     404.50001   -1.0617E-32   -1.6456E-38   -2.0368E-36
     404.60001   -1.0504E-32   -1.6597E-38   -2.0114E-36
     404.70001   -1.0382E-32   -1.6749E-38   -1.9881E-36
     404.80001   -1.0263E-32   -1.6901E-38   -1.9653E-36
     404.90001   -1.0147E-32   -1.7053E-38   -1.9430E-36
     405.00001   -1.0033E-32   -1.7206E-38   -1.9213E-36
     405.10001   -9.9220E-33   -1.7359E-38   -1.9000E-36
     405.20001   -9.8154E-33   -1.7514E-38   -1.8796E-36
     405.30001   -9.7403E-33   -1.7607E-38   -1.8652E-36
     405.40001   -9.6956E-33   -1.7572E-38   -1.8566E-36
     405.50001   -9.6804E-33   -1.7411E-38   -1.8537E-36
     405.60001   -9.6943E-33   -1.7125E-38   -1.8564E-36
     405.70001   -9.7321E-33   -1.6726E-38   -1.8636E-36
     405.80001   -9.7733E-33   -1.6313E-38   -1.8715E-36
     405.90001   -9.8165E-33   -1.5909E-38   -1.8798E-36
     406.00001   -9.8618E-33   -1.5514E-38   -1.8885E-36
     406.10001   -9.9092E-33   -1.5128E-38   -1.8975E-36
     406.20001   -9.9586E-33   -1.4750E-38   -1.9070E-36
     406.30001   -1.0010E-32   -1.4380E-38   -1.9168E-36
     406.40001   -1.0082E-32   -1.4004E-38   -1.9246E-36
     406.50001   -1.0159E-32   -1.3634E-38   -1.9323E-36
     406.60001   -1.0237E-32   -1.3272E-38   -1.9404E-36
     406.70001   -1.0316E-32   -1.2918E-38   -1.9491E-36
     406.80001   -1.0396E-32   -1.2572E-38   -1.9583E-36
     406.90001   -1.0477E-32   -1.2233E-38   -1.9679E-36
     407.00001   -1.0559E-32   -1.1901E-38   -1.9781E-36
     407.10001   -1.0642E-32   -1.1577E-38   -1.9888E-36
     407.20001   -1.0726E-32   -1.1259E-38   -2.0000E-36
     407.30001   -1.0811E-32   -1.0947E-38   -2.0118E-36
     407.40001   -1.0897E-32   -1.0642E-38   -2.0240E-36
     407.50001   -1.0984E-32   -1.0343E-38   -2.0369E-36
     407.60001   -1.1073E-32   -1.0050E-38   -2.0502E-36
     407.70001   -1.1162E-32   -9.7630E-39   -2.0642E-36
     407.80001   -1.1253E-32   -9.4813E-39   -2.0787E-36
     407.90001   -1.1345E-32   -9.2049E-39   -2.0938E-36
     408.00001   -1.1438E-32   -8.9338E-39   -2.1095E-36
     408.10001   -1.1532E-32   -8.6678E-39   -2.1258E-36
     408.20001   -1.1628E-32   -8.4067E-39   -2.1427E-36
     408.30001   -1.1725E-32   -8.1505E-39   -2.1602E-36
     408.40001   -1.1824E-32   -7.8991E-39   -2.1784E-36
     408.50001   -1.1924E-32   -7.6522E-39   -2.1973E-36
     408.60001   -1.2026E-32   -7.4099E-39   -2.2169E-36
     408.70001   -1.2129E-32   -7.1720E-39   -2.2371E-36
     408.80001   -1.2237E-32   -6.9378E-39   -2.2577E-36
     408.90001   -1.2351E-32   -6.7074E-39   -2.2786E-36
     409.00001   -1.2468E-32   -6.4814E-39   -2.3002E-36
     409.10001   -1.2583E-32   -6.2605E-39   -2.3231E-36
     409.20001   -1.2695E-32   -6.0445E-39   -2.3473E-36
     409.30001   -1.2809E-32   -5.8323E-39   -2.3723E-36
     409.40001   -1.2926E-32   -5.6239E-39   -2.3982E-36
     409.50001   -1.3044E-32   -5.4193E-39   -2.4250E-36
     409.60001   -1.3165E-32   -5.2185E-39   -2.4526E-36
     409.70001   -1.3289E-32   -5.0213E-39   -2.4812E-36
     409.80001   -1.3414E-32   -4.8277E-39   -2.5107E-36
     409.90001   -1.3543E-32   -4.6377E-39   -2.5412E-36
     410.00001   -1.3674E-32   -4.4513E-39   -2.5727E-36
     410.10001   -1.3807E-32   -4.2684E-39   -2.6053E-36
     410.20001   -1.3944E-32   -4.0891E-39   -2.6389E-36
     410.30001   -1.4083E-32   -3.9132E-39   -2.6737E-36
     410.40001   -1.4225E-32   -3.7409E-39   -2.7096E-36
     410.50001   -1.4371E-32   -3.5720E-39   -2.7466E-36
     410.60001   -1.4520E-32   -3.4067E-39   -2.7849E-36
     410.70001   -1.4672E-32   -3.2448E-39   -2.8244E-36
     410.80001   -1.4827E-32   -3.0864E-39   -2.8652E-36
     410.90001   -1.4986E-32   -2.9315E-39   -2.9072E-36
     411.00001   -1.5149E-32   -2.7801E-39   -2.9507E-36
     411.10001   -1.5315E-32   -2.6322E-39   -2.9955E-36
     411.20001   -1.5486E-32   -2.4879E-39   -3.0417E-36
     411.30001   -1.5660E-32   -2.3471E-39   -3.0894E-36
     411.40001   -1.5838E-32   -2.2099E-39   -3.1385E-36
     411.50001   -1.6031E-32   -2.0765E-39   -3.1878E-36
     411.60001   -1.6265E-32   -1.9474E-39   -3.2343E-36
     411.70001   -1.6506E-32   -1.8224E-39   -3.2822E-36
     411.80001   -1.6753E-32   -1.7016E-39   -3.3313E-36
     411.90001   -1.7007E-32   -1.5850E-39   -3.3817E-36
     412.00001   -1.7267E-32   -1.4724E-39   -3.4335E-36
     412.10001   -1.7534E-32   -1.3641E-39   -3.4865E-36
     412.20001   -1.7857E-32   -1.2695E-39   -3.5509E-36
     412.30001   -1.8201E-32   -1.2087E-39   -3.6193E-36
     412.40001   -1.8443E-32   -1.1750E-39   -3.6674E-36
     412.50001   -1.8464E-32   -1.1606E-39   -3.6714E-36
     412.60001   -1.8404E-32   -1.1746E-39   -3.6596E-36
     412.70001   -1.8416E-32   -1.2143E-39   -3.6620E-36
     412.80001   -1.8434E-32   -1.2572E-39   -3.6655E-36
     412.90001   -1.8446E-32   -1.3024E-39   -3.6679E-36
     413.00001   -1.8452E-32   -1.3501E-39   -3.6692E-36
     413.10001   -1.8454E-32   -1.4002E-39   -3.6695E-36
     413.20001   -1.8450E-32   -1.4529E-39   -3.6687E-36
     413.30001   -1.8423E-32   -1.5078E-39   -3.6691E-36
     413.40001   -1.8334E-32   -1.5645E-39   -3.6750E-36
     413.50001   -1.8242E-32   -1.6240E-39   -3.6800E-36
     413.60001   -1.8147E-32   -1.6866E-39   -3.6841E-36
     413.70001   -1.8049E-32   -1.7521E-39   -3.6873E-36
     413.80001   -1.7948E-32   -1.8209E-39   -3.6897E-36
     413.90001   -1.7845E-32   -1.8928E-39   -3.6914E-36
     414.00001   -1.7740E-32   -1.9680E-39   -3.6924E-36
     414.10001   -1.7633E-32   -2.0467E-39   -3.6927E-36
     414.20001   -1.7524E-32   -2.1287E-39   -3.6925E-36
     414.30001   -1.7414E-32   -2.2144E-39   -3.6917E-36
     414.40001   -1.7302E-32   -2.3037E-39   -3.6905E-36
     414.50001   -1.7190E-32   -2.3967E-39   -3.6888E-36
     414.60001   -1.7076E-32   -2.4936E-39   -3.6867E-36
     414.70001   -1.6962E-32   -2.5945E-39   -3.6843E-36
     414.80001   -1.6848E-32   -2.6994E-39   -3.6817E-36
     414.90001   -1.6733E-32   -2.8085E-39   -3.6788E-36
     415.00001   -1.6618E-32   -2.9219E-39   -3.6757E-36
     415.10001   -1.6504E-32   -3.0397E-39   -3.6725E-36
     415.20001   -1.6389E-32   -3.1621E-39   -3.6693E-36
     415.30001   -1.6276E-32   -3.2892E-39   -3.6660E-36
     415.40001   -1.6162E-32   -3.4212E-39   -3.6627E-36
     415.50001   -1.6050E-32   -3.5582E-39   -3.6595E-36
     415.60001   -1.5938E-32   -3.7003E-39   -3.6564E-36
     415.70001   -1.5828E-32   -3.8479E-39   -3.6535E-36
     415.80001   -1.5776E-32   -3.9974E-39   -3.6424E-36
     415.90001   -1.5728E-32   -4.1521E-39   -3.6313E-36
     416.00001   -1.5681E-32   -4.3123E-39   -3.6204E-36
     416.10001   -1.5577E-32   -4.4830E-39   -3.6186E-36
     416.20001   -1.5473E-32   -4.6605E-39   -3.6174E-36
     416.30001   -1.5370E-32   -4.8447E-39   -3.6166E-36
     416.40001   -1.5269E-32   -5.0361E-39   -3.6163E-36
     416.50001   -1.5171E-32   -5.2349E-39   -3.6165E-36
     416.60001   -1.5074E-32   -5.4416E-39   -3.6173E-36
     416.70001   -1.4980E-32   -5.6565E-39   -3.6187E-36
     416.80001   -1.4889E-32   -5.8801E-39   -3.6208E-36
     416.90001   -1.4800E-32   -6.1128E-39   -3.6236E-36
     417.00001   -1.4714E-32   -6.3552E-39   -3.6273E-36
     417.10001   -1.4631E-32   -6.6080E-39   -3.6318E-36
     417.20001   -1.4551E-32   -6.8716E-39   -3.6372E-36
     417.30001   -1.4474E-32   -7.1470E-39   -3.6437E-36
     417.40001   -1.4401E-32   -7.4349E-39   -3.6513E-36
     417.50001   -1.4332E-32   -7.7362E-39   -3.6601E-36
     417.60001   -1.4268E-32   -8.0521E-39   -3.6702E-36
     417.70001   -1.4208E-32   -8.3837E-39   -3.6818E-36
     417.80001   -1.4152E-32   -8.7325E-39   -3.6950E-36
     417.90001   -1.4103E-32   -9.1000E-39   -3.7099E-36
     418.00001   -1.4059E-32   -9.4882E-39   -3.7268E-36
     418.10001   -1.4023E-32   -9.8994E-39   -3.7459E-36
     418.20001   -1.3993E-32   -1.0336E-38   -3.7675E-36
     418.30001   -1.3973E-32   -1.0802E-38   -3.7919E-36
     418.40001   -1.3962E-32   -1.1300E-38   -3.8196E-36
     418.50001   -1.4009E-32   -1.1814E-38   -3.8421E-36
     418.60001   -1.4092E-32   -1.2361E-38   -3.8649E-36
     418.70001   -1.4194E-32   -1.2957E-38   -3.8928E-36
     418.80001   -1.4320E-32   -1.3613E-38   -3.9272E-36
     418.90001   -1.4474E-32   -1.4344E-38   -3.9696E-36
     419.00001   -1.4668E-32   -1.5174E-38   -4.0227E-36
     419.10001   -1.4915E-32   -1.6136E-38   -4.0904E-36
     419.20001   -1.5259E-32   -1.7221E-38   -4.1849E-36
     419.30001   -1.5771E-32   -1.8462E-38   -4.3251E-36
     419.40001   -1.6543E-32   -2.0031E-38   -4.5370E-36
     419.50001   -1.7785E-32   -2.2315E-38   -4.8776E-36
     419.60001   -1.8785E-32   -2.3789E-38   -5.1519E-36
     419.70001   -1.7569E-32   -2.0721E-38   -4.8184E-36
     419.80001   -1.6719E-32   -1.8481E-38   -4.5853E-36
     419.90001   -1.6178E-32   -1.6908E-38   -4.4369E-36
     420.00001   -1.5800E-32   -1.5694E-38   -4.3332E-36
     420.10001   -1.5520E-32   -1.4697E-38   -4.2564E-36
     420.20001   -1.5305E-32   -1.3848E-38   -4.1976E-36
     420.30001   -1.5069E-32   -1.3142E-38   -4.1652E-36
     420.40001   -1.4838E-32   -1.2530E-38   -4.1490E-36
     420.50001   -1.4632E-32   -1.1979E-38   -4.1406E-36
     420.60001   -1.4448E-32   -1.1475E-38   -4.1387E-36
     420.70001   -1.4279E-32   -1.1011E-38   -4.1422E-36
     420.80001   -1.4124E-32   -1.0580E-38   -4.1504E-36
     420.90001   -1.3979E-32   -1.0178E-38   -4.1627E-36
     421.00001   -1.3843E-32   -9.7998E-39   -4.1787E-36
     421.10001   -1.3713E-32   -9.4429E-39   -4.1980E-36
     421.20001   -1.3590E-32   -9.1047E-39   -4.2204E-36
     421.30001   -1.3471E-32   -8.7831E-39   -4.2456E-36
     421.40001   -1.3357E-32   -8.4764E-39   -4.2735E-36
     421.50001   -1.3245E-32   -8.1830E-39   -4.3038E-36
     421.60001   -1.3136E-32   -7.9017E-39   -4.3366E-36
     421.70001   -1.3029E-32   -7.6314E-39   -4.3717E-36
     421.80001   -1.2923E-32   -7.3711E-39   -4.4090E-36
     421.90001   -1.2819E-32   -7.1201E-39   -4.4485E-36
     422.00001   -1.2715E-32   -6.8777E-39   -4.4901E-36
     422.10001   -1.2611E-32   -6.6431E-39   -4.5337E-36
     422.20001   -1.2508E-32   -6.4159E-39   -4.5793E-36
     422.30001   -1.2404E-32   -6.1955E-39   -4.6268E-36
     422.40001   -1.2300E-32   -5.9815E-39   -4.6763E-36
     422.50001   -1.2195E-32   -5.7735E-39   -4.7277E-36
     422.60001   -1.2089E-32   -5.5711E-39   -4.7810E-36
     422.70001   -1.2044E-32   -5.3663E-39   -4.8202E-36
     422.80001   -1.2088E-32   -5.1576E-39   -4.8377E-36
     422.90001   -1.2133E-32   -4.9561E-39   -4.8557E-36
     423.00001   -1.2112E-32   -4.7676E-39   -4.8907E-36
     423.10001   -1.1998E-32   -4.5925E-39   -4.9505E-36
     423.20001   -1.1881E-32   -4.4214E-39   -5.0119E-36
     423.30001   -1.1762E-32   -4.2542E-39   -5.0749E-36
     423.40001   -1.1641E-32   -4.0907E-39   -5.1395E-36
     423.50001   -1.1518E-32   -3.9308E-39   -5.2057E-36
     423.60001   -1.1392E-32   -3.7743E-39   -5.2733E-36
     423.70001   -1.1264E-32   -3.6210E-39   -5.3423E-36
     423.80001   -1.1133E-32   -3.4708E-39   -5.4127E-36
     423.90001   -1.1000E-32   -3.3236E-39   -5.4844E-36
     424.00001   -1.0864E-32   -3.1793E-39   -5.5572E-36
     424.10001   -1.0726E-32   -3.0378E-39   -5.6312E-36
     424.20001   -1.0585E-32   -2.8990E-39   -5.7062E-36
     424.30001   -1.0441E-32   -2.7628E-39   -5.7821E-36
     424.40001   -1.0296E-32   -2.6291E-39   -5.8588E-36
     424.50001   -1.0148E-32   -2.4979E-39   -5.9361E-36
     424.60001   -9.9973E-33   -2.3691E-39   -6.0139E-36
     424.70001   -9.8450E-33   -2.2425E-39   -6.0920E-36
     424.80001   -9.6907E-33   -2.1183E-39   -6.1703E-36
     424.90001   -9.5347E-33   -1.9962E-39   -6.2486E-36
     425.00001   -9.3773E-33   -1.8763E-39   -6.3265E-36
     425.10001   -9.2186E-33   -1.7586E-39   -6.4040E-36
     425.20001   -9.0590E-33   -1.6431E-39   -6.4808E-36
     425.30001   -8.8988E-33   -1.5296E-39   -6.5565E-36
     425.40001   -8.7616E-33   -1.4224E-39   -6.6214E-36
     425.50001   -8.7669E-33   -1.3436E-39   -6.6254E-36
     425.60001   -8.7693E-33   -1.2688E-39   -6.6272E-36
     425.70001   -8.7687E-33   -1.1980E-39   -6.6268E-36
     425.80001   -8.7651E-33   -1.1310E-39   -6.6241E-36
     425.90001   -8.7584E-33   -1.0678E-39   -6.6190E-36
     426.00001   -8.7484E-33   -1.0082E-39   -6.6115E-36
     426.10001   -8.7568E-33   -9.5795E-40   -6.6178E-36
     426.20001   -8.7892E-33   -9.3881E-40   -6.6423E-36
     426.30001   -8.8335E-33   -9.5296E-40   -6.6757E-36
     426.40001   -8.7668E-33   -9.8773E-40   -6.6253E-36
     426.50001   -8.5970E-33   -1.0434E-39   -6.4970E-36
     426.60001   -8.4925E-33   -1.1308E-39   -6.4180E-36
     426.70001   -8.4020E-33   -1.2247E-39   -6.3496E-36
     426.80001   -8.3112E-33   -1.3227E-39   -6.2811E-36
     426.90001   -8.2204E-33   -1.4246E-39   -6.2124E-36
     427.00001   -8.1297E-33   -1.5306E-39   -6.1439E-36
     427.10001   -8.0394E-33   -1.6405E-39   -6.0756E-36
     427.20001   -7.9288E-33   -1.7502E-39   -6.0162E-36
     427.30001   -7.6967E-33   -1.8381E-39   -6.0085E-36
     427.40001   -7.4754E-33   -1.9313E-39   -5.9994E-36
     427.50001   -7.2649E-33   -2.0300E-39   -5.9887E-36
     427.60001   -7.0649E-33   -2.1344E-39   -5.9764E-36
     427.70001   -6.8752E-33   -2.2446E-39   -5.9625E-36
     427.80001   -6.6957E-33   -2.3609E-39   -5.9468E-36
     427.90001   -6.5261E-33   -2.4835E-39   -5.9294E-36
     428.00001   -6.3663E-33   -2.6127E-39   -5.9101E-36
     428.10001   -6.2159E-33   -2.7486E-39   -5.8889E-36
     428.20001   -6.0748E-33   -2.8915E-39   -5.8657E-36
     428.30001   -5.9426E-33   -3.0414E-39   -5.8405E-36
     428.40001   -5.8192E-33   -3.1986E-39   -5.8131E-36
     428.50001   -5.7043E-33   -3.3632E-39   -5.7836E-36
     428.60001   -5.5976E-33   -3.5352E-39   -5.7520E-36
     428.70001   -5.4989E-33   -3.7149E-39   -5.7181E-36
     428.80001   -5.4079E-33   -3.9021E-39   -5.6820E-36
     428.90001   -5.3243E-33   -4.0970E-39   -5.6438E-36
     429.00001   -5.2479E-33   -4.2995E-39   -5.6033E-36
     429.10001   -5.1783E-33   -4.5095E-39   -5.5608E-36
     429.20001   -5.1154E-33   -4.7269E-39   -5.5161E-36
     429.30001   -5.0589E-33   -4.9516E-39   -5.4695E-36
     429.40001   -5.0084E-33   -5.1833E-39   -5.4209E-36
     429.50001   -4.9638E-33   -5.4220E-39   -5.3706E-36
     429.60001   -4.9247E-33   -5.6672E-39   -5.3185E-36
     429.70001   -4.8821E-33   -5.9168E-39   -5.2704E-36
     429.80001   -4.8391E-33   -6.1710E-39   -5.2241E-36
     429.90001   -4.7970E-33   -6.4300E-39   -5.1786E-36
     430.00001   -4.7656E-33   -6.6956E-39   -5.1276E-36
     430.10001   -4.7403E-33   -6.9670E-39   -5.0745E-36
     430.20001   -4.7194E-33   -7.2438E-39   -5.0202E-36
     430.30001   -4.7028E-33   -7.5256E-39   -4.9648E-36
     430.40001   -4.6902E-33   -7.8121E-39   -4.9085E-36
     430.50001   -4.6813E-33   -8.1029E-39   -4.8514E-36
     430.60001   -4.6761E-33   -8.3977E-39   -4.7936E-36
     430.70001   -4.6742E-33   -8.6961E-39   -4.7354E-36
     430.80001   -4.6755E-33   -8.9980E-39   -4.6767E-36
     430.90001   -4.6798E-33   -9.3029E-39   -4.6177E-36
     431.00001   -4.6869E-33   -9.6106E-39   -4.5587E-36
     431.10001   -4.6967E-33   -9.9208E-39   -4.4996E-36
     431.20001   -4.7089E-33   -1.0233E-38   -4.4406E-36
     431.30001   -4.7235E-33   -1.0548E-38   -4.3818E-36
     431.40001   -4.7402E-33   -1.0864E-38   -4.3232E-36
     431.50001   -4.7590E-33   -1.1183E-38   -4.2651E-36
     431.60001   -4.7797E-33   -1.1502E-38   -4.2075E-36
     431.70001   -4.8021E-33   -1.1823E-38   -4.1504E-36
     431.80001   -4.8261E-33   -1.2146E-38   -4.0940E-36
     431.90001   -4.8517E-33   -1.2470E-38   -4.0382E-36
     432.00001   -4.8788E-33   -1.2795E-38   -3.9831E-36
     432.10001   -4.9071E-33   -1.3121E-38   -3.9289E-36
     432.20001   -4.9367E-33   -1.3449E-38   -3.8755E-36
     432.30001   -4.9674E-33   -1.3778E-38   -3.8230E-36
     432.40001   -4.9635E-33   -1.4139E-38   -3.7886E-36
     432.50001   -4.9352E-33   -1.4527E-38   -3.7670E-36
     432.60001   -4.9075E-33   -1.4921E-38   -3.7459E-36
     432.70001   -4.8805E-33   -1.5323E-38   -3.7253E-36
     432.80001   -4.8541E-33   -1.5730E-38   -3.7051E-36
     432.90001   -4.8283E-33   -1.6145E-38   -3.6855E-36
     433.00001   -4.8031E-33   -1.6567E-38   -3.6663E-36
     433.10001   -4.8055E-33   -1.7001E-38   -3.6680E-36
     433.20001   -4.8179E-33   -1.7273E-38   -3.6775E-36
     433.30001   -4.8231E-33   -1.7314E-38   -3.6815E-36
     433.40001   -4.8235E-33   -1.7132E-38   -3.6818E-36
     433.50001   -4.8394E-33   -1.6807E-38   -3.6940E-36
     433.60001   -4.8772E-33   -1.6500E-38   -3.7228E-36
     433.70001   -4.9156E-33   -1.6195E-38   -3.7521E-36
     433.80001   -4.9546E-33   -1.5893E-38   -3.7819E-36
     433.90001   -4.9944E-33   -1.5592E-38   -3.8122E-36
     434.00001   -5.0348E-33   -1.5294E-38   -3.8431E-36
     434.10001   -5.0760E-33   -1.4998E-38   -3.8746E-36
     434.20001   -5.1607E-33   -1.4665E-38   -3.8859E-36
     434.30001   -5.2792E-33   -1.4308E-38   -3.8827E-36
     434.40001   -5.4022E-33   -1.3958E-38   -3.8794E-36
     434.50001   -5.5298E-33   -1.3615E-38   -3.8761E-36
     434.60001   -5.6623E-33   -1.3279E-38   -3.8729E-36
     434.70001   -5.7996E-33   -1.2949E-38   -3.8697E-36
     434.80001   -5.9420E-33   -1.2625E-38   -3.8666E-36
     434.90001   -6.0896E-33   -1.2308E-38   -3.8636E-36
     435.00001   -6.2426E-33   -1.1997E-38   -3.8608E-36
     435.10001   -6.4010E-33   -1.1692E-38   -3.8582E-36
     435.20001   -6.5650E-33   -1.1393E-38   -3.8558E-36
     435.30001   -6.7348E-33   -1.1101E-38   -3.8536E-36
     435.40001   -6.9106E-33   -1.0814E-38   -3.8518E-36
     435.50001   -7.0926E-33   -1.0534E-38   -3.8502E-36
     435.60001   -7.2809E-33   -1.0259E-38   -3.8490E-36
     435.70001   -7.4757E-33   -9.9906E-39   -3.8482E-36
     435.80001   -7.6772E-33   -9.7275E-39   -3.8478E-36
     435.90001   -7.8856E-33   -9.4700E-39   -3.8478E-36
     436.00001   -8.1012E-33   -9.2181E-39   -3.8482E-36
     436.10001   -8.3241E-33   -8.9717E-39   -3.8491E-36
     436.20001   -8.5547E-33   -8.7306E-39   -3.8505E-36
     436.30001   -8.7931E-33   -8.4948E-39   -3.8525E-36
     436.40001   -9.0395E-33   -8.2643E-39   -3.8549E-36
     436.50001   -9.2944E-33   -8.0389E-39   -3.8579E-36
     436.60001   -9.5090E-33   -7.8314E-39   -3.8741E-36
     436.70001   -9.6198E-33   -7.6551E-39   -3.9193E-36
     436.80001   -9.7329E-33   -7.4805E-39   -3.9654E-36
     436.90001   -9.9006E-33   -7.2958E-39   -3.9990E-36
     437.00001   -1.0191E-32   -7.0886E-39   -4.0034E-36
     437.10001   -1.0492E-32   -6.8863E-39   -4.0086E-36
     437.20001   -1.0803E-32   -6.6889E-39   -4.0144E-36
     437.30001   -1.1125E-32   -6.4963E-39   -4.0210E-36
     437.40001   -1.1457E-32   -6.3084E-39   -4.0282E-36
     437.50001   -1.1801E-32   -6.1252E-39   -4.0362E-36
     437.60001   -1.2156E-32   -5.9466E-39   -4.0449E-36
     437.70001   -1.2523E-32   -5.7724E-39   -4.0543E-36
     437.80001   -1.2903E-32   -5.6027E-39   -4.0645E-36
     437.90001   -1.3295E-32   -5.4374E-39   -4.0755E-36
     438.00001   -1.3701E-32   -5.2765E-39   -4.0872E-36
     438.10001   -1.4120E-32   -5.1198E-39   -4.0996E-36
     438.20001   -1.4553E-32   -4.9673E-39   -4.1128E-36
     438.30001   -1.5000E-32   -4.8190E-39   -4.1268E-36
     438.40001   -1.5462E-32   -4.6748E-39   -4.1415E-36
     438.50001   -1.5939E-32   -4.5347E-39   -4.1569E-36
     438.60001   -1.6432E-32   -4.3987E-39   -4.1730E-36
     438.70001   -1.6941E-32   -4.2666E-39   -4.1899E-36
     438.80001   -1.7466E-32   -4.1386E-39   -4.2074E-36
     438.90001   -1.8008E-32   -4.0144E-39   -4.2255E-36
     439.00001   -1.8566E-32   -3.8942E-39   -4.2442E-36
     439.10001   -1.9142E-32   -3.7778E-39   -4.2635E-36
     439.20001   -1.9735E-32   -3.6654E-39   -4.2833E-36
     439.30001   -2.0335E-32   -3.5573E-39   -4.3050E-36
     439.40001   -2.0637E-32   -3.4686E-39   -4.3689E-36
     439.50001   -2.0942E-32   -3.3822E-39   -4.4336E-36
     439.60001   -2.1251E-32   -3.2982E-39   -4.4989E-36
     439.70001   -2.1562E-32   -3.2167E-39   -4.5648E-36
     439.80001   -2.1876E-32   -3.1377E-39   -4.6311E-36
     439.90001   -2.2190E-32   -3.0614E-39   -4.6978E-36
     440.00001   -2.2577E-32   -2.9997E-39   -4.7796E-36
     440.10001   -2.3094E-32   -2.9830E-39   -4.8890E-36
     440.20001   -2.3232E-32   -2.9522E-39   -4.9183E-36
     440.30001   -2.3159E-32   -2.9303E-39   -4.9027E-36
     440.40001   -2.3101E-32   -2.9463E-39   -4.8906E-36
     440.50001   -2.3113E-32   -2.9999E-39   -4.8931E-36
     440.60001   -2.3153E-32   -3.0638E-39   -4.9016E-36
     440.70001   -2.3185E-32   -3.1321E-39   -4.9083E-36
     440.80001   -2.3209E-32   -3.2048E-39   -4.9134E-36
     440.90001   -2.3225E-32   -3.2820E-39   -4.9168E-36
     441.00001   -2.3234E-32   -3.3638E-39   -4.9187E-36
     441.10001   -2.3248E-32   -3.4499E-39   -4.9175E-36
     441.20001   -2.3592E-32   -3.5226E-39   -4.8693E-36
     441.30001   -2.3926E-32   -3.5993E-39   -4.8214E-36
     441.40001   -2.4252E-32   -3.6801E-39   -4.7738E-36
     441.50001   -2.4569E-32   -3.7651E-39   -4.7268E-36
     441.60001   -2.4877E-32   -3.8545E-39   -4.6803E-36
     441.70001   -2.5178E-32   -3.9485E-39   -4.6346E-36
     441.80001   -2.5472E-32   -4.0472E-39   -4.5896E-36
     441.90001   -2.5759E-32   -4.1508E-39   -4.5455E-36
     442.00001   -2.6040E-32   -4.2597E-39   -4.5024E-36
     442.10001   -2.6317E-32   -4.3741E-39   -4.4604E-36
     442.20001   -2.6589E-32   -4.4942E-39   -4.4196E-36
     442.30001   -2.6858E-32   -4.6205E-39   -4.3801E-36
     442.40001   -2.7125E-32   -4.7534E-39   -4.3420E-36
     442.50001   -2.7391E-32   -4.8933E-39   -4.3056E-36
     442.60001   -2.7658E-32   -5.0409E-39   -4.2709E-36
     442.70001   -2.7926E-32   -5.1968E-39   -4.2382E-36
     442.80001   -2.8199E-32   -5.3617E-39   -4.2075E-36
     442.90001   -2.8478E-32   -5.5367E-39   -4.1792E-36
     443.00001   -2.8765E-32   -5.7229E-39   -4.1535E-36
     443.10001   -2.9064E-32   -5.9216E-39   -4.1306E-36
     443.20001   -2.9377E-32   -6.1346E-39   -4.1111E-36
     443.30001   -2.9710E-32   -6.3641E-39   -4.0953E-36
     443.40001   -3.0067E-32   -6.6127E-39   -4.0838E-36
     443.50001   -3.0456E-32   -6.8842E-39   -4.0775E-36
     443.60001   -3.0697E-32   -7.2107E-39   -4.0956E-36
     443.70001   -3.0930E-32   -7.5818E-39   -4.1266E-36
     443.80001   -3.1229E-32   -7.9985E-39   -4.1666E-36
     443.90001   -3.1801E-32   -8.4421E-39   -4.2002E-36
     444.00001   -3.2557E-32   -8.9511E-39   -4.2443E-36
     444.10001   -3.3489E-32   -9.5617E-39   -4.3105E-36
     444.20001   -3.4626E-32   -1.0294E-38   -4.4019E-36
     444.30001   -3.5718E-32   -1.1023E-38   -4.4859E-36
     444.40001   -3.5599E-32   -1.1146E-38   -4.4185E-36
     444.50001   -3.4227E-32   -1.0618E-38   -4.1996E-36
     444.60001   -3.2809E-32   -1.0053E-38   -3.9807E-36
     444.70001   -3.1620E-32   -9.5979E-39   -3.7948E-36
     444.80001   -3.0628E-32   -9.2381E-39   -3.6368E-36
     444.90001   -2.9781E-32   -8.9487E-39   -3.4997E-36
     445.00001   -2.9040E-32   -8.7111E-39   -3.3783E-36
     445.10001   -2.8380E-32   -8.5128E-39   -3.2692E-36
     445.20001   -2.7783E-32   -8.3450E-39   -3.1700E-36
     445.30001   -2.7236E-32   -8.2014E-39   -3.0789E-36
     445.40001   -2.6730E-32   -8.0776E-39   -2.9946E-36
     445.50001   -2.6258E-32   -7.9702E-39   -2.9161E-36
     445.60001   -2.5816E-32   -7.8765E-39   -2.8426E-36
     445.70001   -2.5397E-32   -7.7946E-39   -2.7735E-36
     445.80001   -2.5001E-32   -7.7228E-39   -2.7084E-36
     445.90001   -2.4623E-32   -7.6597E-39   -2.6468E-36
     446.00001   -2.4261E-32   -7.6044E-39   -2.5884E-36
     446.10001   -2.3914E-32   -7.5559E-39   -2.5329E-36
     446.20001   -2.3580E-32   -7.5135E-39   -2.4800E-36
     446.30001   -2.3214E-32   -7.4847E-39   -2.4328E-36
     446.40001   -2.2817E-32   -7.4695E-39   -2.3912E-36
     446.50001   -2.2435E-32   -7.4585E-39   -2.3512E-36
     446.60001   -2.2068E-32   -7.4512E-39   -2.3127E-36
     446.70001   -2.1715E-32   -7.4472E-39   -2.2757E-36
     446.80001   -2.1375E-32   -7.4464E-39   -2.2401E-36
     446.90001   -2.1046E-32   -7.4483E-39   -2.2056E-36
     447.00001   -2.0772E-32   -7.4416E-39   -2.1769E-36
     447.10001   -2.0570E-32   -7.3841E-39   -2.1558E-36
     447.20001   -2.0434E-32   -7.2744E-39   -2.1415E-36
     447.30001   -2.0359E-32   -7.1140E-39   -2.1336E-36
     447.40001   -2.0344E-32   -6.9051E-39   -2.1321E-36
     447.50001   -2.0352E-32   -6.6827E-39   -2.1329E-36
     447.60001   -2.0367E-32   -6.4693E-39   -2.1344E-36
     447.70001   -2.0388E-32   -6.2640E-39   -2.1366E-36
     447.80001   -2.0414E-32   -6.0664E-39   -2.1394E-36
     447.90001   -2.0446E-32   -5.8758E-39   -2.1428E-36
     448.00001   -2.0483E-32   -5.6919E-39   -2.1466E-36
     448.10001   -2.0548E-32   -5.5113E-39   -2.1494E-36
     448.20001   -2.0641E-32   -5.3339E-39   -2.1509E-36
     448.30001   -2.0736E-32   -5.1625E-39   -2.1529E-36
     448.40001   -2.0835E-32   -4.9967E-39   -2.1554E-36
     448.50001   -2.0936E-32   -4.8364E-39   -2.1584E-36
     448.60001   -2.1040E-32   -4.6812E-39   -2.1618E-36
     448.70001   -2.1147E-32   -4.5308E-39   -2.1656E-36
     448.80001   -2.1255E-32   -4.3851E-39   -2.1698E-36
     448.90001   -2.1366E-32   -4.2439E-39   -2.1744E-36
     449.00001   -2.1478E-32   -4.1069E-39   -2.1794E-36
     449.10001   -2.1593E-32   -3.9741E-39   -2.1847E-36
     449.20001   -2.1709E-32   -3.8452E-39   -2.1904E-36
     449.30001   -2.1827E-32   -3.7200E-39   -2.1964E-36
     449.40001   -2.1947E-32   -3.5986E-39   -2.2027E-36
     449.50001   -2.2068E-32   -3.4806E-39   -2.2093E-36
     449.60001   -2.2190E-32   -3.3661E-39   -2.2162E-36
     449.70001   -2.2314E-32   -3.2548E-39   -2.2234E-36
     449.80001   -2.2439E-32   -3.1468E-39   -2.2308E-36
     449.90001   -2.2564E-32   -3.0418E-39   -2.2385E-36
     450.00001   -2.2691E-32   -2.9398E-39   -2.2465E-36
     450.10001   -2.2818E-32   -2.8408E-39   -2.2546E-36
     450.20001   -2.2946E-32   -2.7446E-39   -2.2629E-36
     450.30001   -2.3075E-32   -2.6511E-39   -2.2715E-36
     450.40001   -2.3203E-32   -2.5603E-39   -2.2802E-36
     450.50001   -2.3327E-32   -2.4723E-39   -2.2893E-36
     450.60001   -2.3433E-32   -2.3872E-39   -2.2997E-36
     450.70001   -2.3540E-32   -2.3045E-39   -2.3102E-36
     450.80001   -2.3652E-32   -2.2243E-39   -2.3205E-36
     450.90001   -2.3779E-32   -2.1461E-39   -2.3300E-36
     451.00001   -2.3905E-32   -2.0703E-39   -2.3395E-36
     451.10001   -2.4031E-32   -1.9968E-39   -2.3491E-36
     451.20001   -2.4155E-32   -1.9255E-39   -2.3586E-36
     451.30001   -2.4277E-32   -1.8563E-39   -2.3682E-36
     451.40001   -2.4399E-32   -1.7894E-39   -2.3778E-36
     451.50001   -2.4518E-32   -1.7245E-39   -2.3872E-36
     451.60001   -2.4635E-32   -1.6617E-39   -2.3967E-36
     451.70001   -2.4749E-32   -1.6010E-39   -2.4059E-36
     451.80001   -2.4861E-32   -1.5423E-39   -2.4151E-36
     451.90001   -2.4970E-32   -1.4855E-39   -2.4241E-36
     452.00001   -2.5076E-32   -1.4306E-39   -2.4328E-36
     452.10001   -2.5178E-32   -1.3777E-39   -2.4414E-36
     452.20001   -2.5276E-32   -1.3266E-39   -2.4496E-36
     452.30001   -2.5370E-32   -1.2774E-39   -2.4576E-36
     452.40001   -2.5459E-32   -1.2299E-39   -2.4652E-36
     452.50001   -2.5543E-32   -1.1843E-39   -2.4725E-36
     452.60001   -2.5622E-32   -1.1404E-39   -2.4793E-36
     452.70001   -2.5695E-32   -1.0982E-39   -2.4857E-36
     452.80001   -2.5763E-32   -1.0577E-39   -2.4916E-36
     452.90001   -2.5824E-32   -1.0189E-39   -2.4970E-36
     453.00001   -2.5878E-32   -9.8166E-40   -2.5018E-36
     453.10001   -2.5926E-32   -9.4606E-40   -2.5060E-36
     453.20001   -2.5966E-32   -9.1203E-40   -2.5096E-36
     453.30001   -2.5997E-32   -8.7953E-40   -2.5126E-36
     453.40001   -2.6021E-32   -8.4858E-40   -2.5148E-36
     453.50001   -2.6037E-32   -8.1915E-40   -2.5164E-36
     453.60001   -2.6045E-32   -7.9120E-40   -2.5172E-36
     453.70001   -2.6045E-32   -7.6472E-40   -2.5172E-36
     453.80001   -2.6037E-32   -7.3966E-40   -2.5164E-36
     453.90001   -2.6059E-32   -7.1789E-40   -2.5185E-36
     454.00001   -2.6152E-32   -7.1491E-40   -2.5275E-36
     454.10001   -2.6098E-32   -7.3023E-40   -2.5223E-36
     454.20001   -2.5732E-32   -7.5937E-40   -2.4870E-36
     454.30001   -2.5261E-32   -8.0835E-40   -2.4415E-36
     454.40001   -2.4847E-32   -8.7967E-40   -2.4014E-36
     454.50001   -2.4493E-32   -9.5791E-40   -2.3672E-36
     454.60001   -2.4147E-32   -1.0394E-39   -2.3338E-36
     454.70001   -2.3810E-32   -1.1242E-39   -2.3012E-36
     454.80001   -2.3482E-32   -1.2123E-39   -2.2695E-36
     454.90001   -2.3163E-32   -1.3037E-39   -2.2386E-36
     455.00001   -2.2852E-32   -1.3984E-39   -2.2086E-36
     455.10001   -2.2534E-32   -1.4964E-39   -2.1804E-36
     455.20001   -2.2224E-32   -1.5977E-39   -2.1530E-36
     455.30001   -2.1923E-32   -1.7024E-39   -2.1265E-36
     455.40001   -2.1630E-32   -1.8105E-39   -2.1008E-36
     455.50001   -2.1345E-32   -1.9222E-39   -2.0758E-36
     455.60001   -2.1069E-32   -2.0373E-39   -2.0517E-36
     455.70001   -2.0801E-32   -2.1559E-39   -2.0283E-36
     455.80001   -2.0540E-32   -2.2781E-39   -2.0057E-36
     455.90001   -2.0288E-32   -2.4040E-39   -1.9838E-36
     456.00001   -2.0042E-32   -2.5335E-39   -1.9626E-36
     456.10001   -1.9804E-32   -2.6667E-39   -1.9422E-36
     456.20001   -1.9573E-32   -2.8037E-39   -1.9224E-36
     456.30001   -1.9348E-32   -2.9445E-39   -1.9033E-36
     456.40001   -1.9130E-32   -3.0893E-39   -1.8849E-36
     456.50001   -1.8918E-32   -3.2381E-39   -1.8671E-36
     456.60001   -1.8713E-32   -3.3909E-39   -1.8500E-36
     456.70001   -1.8513E-32   -3.5479E-39   -1.8334E-36
     456.80001   -1.8319E-32   -3.7092E-39   -1.8175E-36
     456.90001   -1.8131E-32   -3.8748E-39   -1.8022E-36
     457.00001   -1.7949E-32   -4.0449E-39   -1.7874E-36
     457.10001   -1.7771E-32   -4.2196E-39   -1.7732E-36
     457.20001   -1.7599E-32   -4.3990E-39   -1.7596E-36
     457.30001   -1.7432E-32   -4.5834E-39   -1.7465E-36
     457.40001   -1.7270E-32   -4.7727E-39   -1.7340E-36
     457.50001   -1.7128E-32   -4.9657E-39   -1.7210E-36
     457.60001   -1.6999E-32   -5.1631E-39   -1.7081E-36
     457.70001   -1.6875E-32   -5.3658E-39   -1.6956E-36
     457.80001   -1.6740E-32   -5.5760E-39   -1.6847E-36
     457.90001   -1.6600E-32   -5.7934E-39   -1.6749E-36
     458.00001   -1.6465E-32   -6.0171E-39   -1.6656E-36
     458.10001   -1.6335E-32   -6.2474E-39   -1.6569E-36
     458.20001   -1.6209E-32   -6.4845E-39   -1.6486E-36
     458.30001   -1.6087E-32   -6.7289E-39   -1.6408E-36
     458.40001   -1.5970E-32   -6.9809E-39   -1.6336E-36
     458.50001   -1.5857E-32   -7.2408E-39   -1.6269E-36
     458.60001   -1.5748E-32   -7.5091E-39   -1.6207E-36
     458.70001   -1.5644E-32   -7.7863E-39   -1.6150E-36
     458.80001   -1.5544E-32   -8.0729E-39   -1.6099E-36
     458.90001   -1.5449E-32   -8.3696E-39   -1.6054E-36
     459.00001   -1.5358E-32   -8.6769E-39   -1.6014E-36
     459.10001   -1.5273E-32   -8.9957E-39   -1.5980E-36
     459.20001   -1.5192E-32   -9.3267E-39   -1.5952E-36
     459.30001   -1.5116E-32   -9.6709E-39   -1.5931E-36
     459.40001   -1.5046E-32   -1.0029E-38   -1.5917E-36
     459.50001   -1.4981E-32   -1.0403E-38   -1.5910E-36
     459.60001   -1.4923E-32   -1.0794E-38   -1.5910E-36
     459.70001   -1.4871E-32   -1.1204E-38   -1.5919E-36
     459.80001   -1.4826E-32   -1.1634E-38   -1.5937E-36
     459.90001   -1.4789E-32   -1.2087E-38   -1.5965E-36
     460.00001   -1.4761E-32   -1.2566E-38   -1.6003E-36
     460.10001   -1.4742E-32   -1.3074E-38   -1.6054E-36
     460.20001   -1.4749E-32   -1.3607E-38   -1.6107E-36
     460.30001   -1.4794E-32   -1.4164E-38   -1.6156E-36
     460.40001   -1.4855E-32   -1.4764E-38   -1.6223E-36
     460.50001   -1.4936E-32   -1.5416E-38   -1.6311E-36
     460.60001   -1.5042E-32   -1.6132E-38   -1.6427E-36
     460.70001   -1.5178E-32   -1.6930E-38   -1.6575E-36
     460.80001   -1.5355E-32   -1.7834E-38   -1.6769E-36
     460.90001   -1.5595E-32   -1.8844E-38   -1.7031E-36
     461.00001   -1.5962E-32   -1.9933E-38   -1.7432E-36
     461.10001   -1.6514E-32   -2.1196E-38   -1.8034E-36
     461.20001   -1.7369E-32   -2.2864E-38   -1.8968E-36
     461.30001   -1.8885E-32   -2.5639E-38   -2.0624E-36
     461.40001   -1.9812E-32   -2.6913E-38   -2.1636E-36
     461.50001   -1.8200E-32   -2.2895E-38   -1.9875E-36
     461.60001   -1.7379E-32   -2.0620E-38   -1.8979E-36
     461.70001   -1.6873E-32   -1.9046E-38   -1.8427E-36
     461.80001   -1.6526E-32   -1.7825E-38   -1.8047E-36
     461.90001   -1.6272E-32   -1.6818E-38   -1.7770E-36
     462.00001   -1.6055E-32   -1.5971E-38   -1.7582E-36
     462.10001   -1.5842E-32   -1.5253E-38   -1.7478E-36
     462.20001   -1.5661E-32   -1.4612E-38   -1.7412E-36
     462.30001   -1.5506E-32   -1.4030E-38   -1.7377E-36
     462.40001   -1.5370E-32   -1.3497E-38   -1.7367E-36
     462.50001   -1.5251E-32   -1.3002E-38   -1.7379E-36
     462.60001   -1.5145E-32   -1.2542E-38   -1.7409E-36
     462.70001   -1.5050E-32   -1.2109E-38   -1.7455E-36
     462.80001   -1.4965E-32   -1.1701E-38   -1.7516E-36
     462.90001   -1.4887E-32   -1.1314E-38   -1.7590E-36
     463.00001   -1.4816E-32   -1.0946E-38   -1.7677E-36
     463.10001   -1.4751E-32   -1.0594E-38   -1.7775E-36
     463.20001   -1.4691E-32   -1.0258E-38   -1.7884E-36
     463.30001   -1.4636E-32   -9.9346E-39   -1.8005E-36
     463.40001   -1.4584E-32   -9.6236E-39   -1.8135E-36
     463.50001   -1.4536E-32   -9.3237E-39   -1.8275E-36
     463.60001   -1.4491E-32   -9.0338E-39   -1.8425E-36
     463.70001   -1.4448E-32   -8.7532E-39   -1.8585E-36
     463.80001   -1.4408E-32   -8.4812E-39   -1.8754E-36
     463.90001   -1.4370E-32   -8.2170E-39   -1.8933E-36
     464.00001   -1.4334E-32   -7.9602E-39   -1.9121E-36
     464.10001   -1.4300E-32   -7.7102E-39   -1.9319E-36
     464.20001   -1.4267E-32   -7.4665E-39   -1.9526E-36
     464.30001   -1.4235E-32   -7.2287E-39   -1.9743E-36
     464.40001   -1.4216E-32   -6.9941E-39   -1.9959E-36
     464.50001   -1.4305E-32   -6.7437E-39   -2.0084E-36
     464.60001   -1.4398E-32   -6.5001E-39   -2.0214E-36
     464.70001   -1.4482E-32   -6.2652E-39   -2.0362E-36
     464.80001   -1.4456E-32   -6.0548E-39   -2.0622E-36
     464.90001   -1.4430E-32   -5.8486E-39   -2.0894E-36
     465.00001   -1.4405E-32   -5.6464E-39   -2.1176E-36
     465.10001   -1.4380E-32   -5.4480E-39   -2.1469E-36
     465.20001   -1.4356E-32   -5.2532E-39   -2.1774E-36
     465.30001   -1.4332E-32   -5.0618E-39   -2.2090E-36
     465.40001   -1.4308E-32   -4.8737E-39   -2.2418E-36
     465.50001   -1.4284E-32   -4.6888E-39   -2.2759E-36
     465.60001   -1.4260E-32   -4.5069E-39   -2.3112E-36
     465.70001   -1.4236E-32   -4.3280E-39   -2.3478E-36
     465.80001   -1.4211E-32   -4.1519E-39   -2.3858E-36
     465.90001   -1.4187E-32   -3.9785E-39   -2.4252E-36
     466.00001   -1.4163E-32   -3.8078E-39   -2.4660E-36
     466.10001   -1.4138E-32   -3.6398E-39   -2.5083E-36
     466.20001   -1.4112E-32   -3.4742E-39   -2.5521E-36
     466.30001   -1.4087E-32   -3.3112E-39   -2.5974E-36
     466.40001   -1.4061E-32   -3.1507E-39   -2.6444E-36
     466.50001   -1.4034E-32   -2.9925E-39   -2.6931E-36
     466.60001   -1.4007E-32   -2.8368E-39   -2.7434E-36
     466.70001   -1.3979E-32   -2.6835E-39   -2.7956E-36
     466.80001   -1.3951E-32   -2.5326E-39   -2.8495E-36
     466.90001   -1.3921E-32   -2.3840E-39   -2.9053E-36
     467.00001   -1.3891E-32   -2.2379E-39   -2.9630E-36
     467.10001   -1.3860E-32   -2.0942E-39   -3.0227E-36
     467.20001   -1.3992E-32   -1.9581E-39   -3.0634E-36
     467.30001   -1.4162E-32   -1.8274E-39   -3.1008E-36
     467.40001   -1.4338E-32   -1.7010E-39   -3.1391E-36
     467.50001   -1.4517E-32   -1.5789E-39   -3.1784E-36
     467.60001   -1.4701E-32   -1.4612E-39   -3.2187E-36
     467.70001   -1.4889E-32   -1.3477E-39   -3.2599E-36
     467.80001   -1.5095E-32   -1.2399E-39   -3.3050E-36
     467.90001   -1.5370E-32   -1.1555E-39   -3.3653E-36
     468.00001   -1.5679E-32   -1.0971E-39   -3.4329E-36
     468.10001   -1.5958E-32   -1.0589E-39   -3.4938E-36
     468.20001   -1.5864E-32   -1.0190E-39   -3.4734E-36
     468.30001   -1.5855E-32   -1.0048E-39   -3.4714E-36
     468.40001   -1.5920E-32   -9.9958E-40   -3.4855E-36
     468.50001   -1.5980E-32   -9.9559E-40   -3.4987E-36
     468.60001   -1.6036E-32   -9.9280E-40   -3.5110E-36
     468.70001   -1.6088E-32   -9.9122E-40   -3.5224E-36
     468.80001   -1.6135E-32   -9.9088E-40   -3.5327E-36
     468.90001   -1.6178E-32   -9.9177E-40   -3.5421E-36
     469.00001   -1.6021E-32   -9.8458E-40   -3.5740E-36
     469.10001   -1.5820E-32   -9.7663E-40   -3.6101E-36
     469.20001   -1.5619E-32   -9.6996E-40   -3.6453E-36
     469.30001   -1.5418E-32   -9.6461E-40   -3.6796E-36
     469.40001   -1.5216E-32   -9.6063E-40   -3.7130E-36
     469.50001   -1.5015E-32   -9.5804E-40   -3.7453E-36
     469.60001   -1.4814E-32   -9.5689E-40   -3.7765E-36
     469.70001   -1.4613E-32   -9.5722E-40   -3.8067E-36
     469.80001   -1.4413E-32   -9.5908E-40   -3.8357E-36
     469.90001   -1.4214E-32   -9.6250E-40   -3.8635E-36
     470.00001   -1.4016E-32   -9.6753E-40   -3.8901E-36
     470.10001   -1.3820E-32   -9.7422E-40   -3.9154E-36
     470.20001   -1.3625E-32   -9.8262E-40   -3.9395E-36
     470.30001   -1.3432E-32   -9.9278E-40   -3.9623E-36
     470.40001   -1.3241E-32   -1.0047E-39   -3.9838E-36
     470.50001   -1.3053E-32   -1.0186E-39   -4.0040E-36
     470.60001   -1.2867E-32   -1.0343E-39   -4.0229E-36
     470.70001   -1.2684E-32   -1.0520E-39   -4.0403E-36
     470.80001   -1.2504E-32   -1.0717E-39   -4.0565E-36
     470.90001   -1.2327E-32   -1.0935E-39   -4.0712E-36
     471.00001   -1.2154E-32   -1.1175E-39   -4.0846E-36
     471.10001   -1.1984E-32   -1.1436E-39   -4.0967E-36
     471.20001   -1.1817E-32   -1.1720E-39   -4.1073E-36
     471.30001   -1.1655E-32   -1.2027E-39   -4.1167E-36
     471.40001   -1.1559E-32   -1.2420E-39   -4.1123E-36
     471.50001   -1.1516E-32   -1.2883E-39   -4.0969E-36
     471.60001   -1.1471E-32   -1.3364E-39   -4.0809E-36
     471.70001   -1.1364E-32   -1.3807E-39   -4.0759E-36
     471.80001   -1.1210E-32   -1.4225E-39   -4.0795E-36
     471.90001   -1.1060E-32   -1.4670E-39   -4.0819E-36
     472.00001   -1.0915E-32   -1.5140E-39   -4.0832E-36
     472.10001   -1.0774E-32   -1.5637E-39   -4.0832E-36
     472.20001   -1.0638E-32   -1.6161E-39   -4.0821E-36
     472.30001   -1.0506E-32   -1.6713E-39   -4.0798E-36
     472.40001   -1.0379E-32   -1.7293E-39   -4.0764E-36
     472.50001   -1.0256E-32   -1.7901E-39   -4.0719E-36
     472.60001   -1.0137E-32   -1.8538E-39   -4.0663E-36
     472.70001   -1.0024E-32   -1.9205E-39   -4.0596E-36
     472.80001   -9.9141E-33   -1.9902E-39   -4.0519E-36
     472.90001   -9.8092E-33   -2.0629E-39   -4.0432E-36
     473.00001   -9.7086E-33   -2.1386E-39   -4.0335E-36
     473.10001   -9.6124E-33   -2.2174E-39   -4.0229E-36
     473.20001   -9.5205E-33   -2.2994E-39   -4.0113E-36
     473.30001   -9.4328E-33   -2.3844E-39   -3.9988E-36
     473.40001   -9.3494E-33   -2.4726E-39   -3.9854E-36
     473.50001   -9.2700E-33   -2.5639E-39   -3.9712E-36
     473.60001   -9.1947E-33   -2.6584E-39   -3.9562E-36
     473.70001   -9.1234E-33   -2.7560E-39   -3.9404E-36
     473.80001   -9.0560E-33   -2.8569E-39   -3.9238E-36
     473.90001   -8.9923E-33   -2.9608E-39   -3.9065E-36
     474.00001   -8.9324E-33   -3.0680E-39   -3.8886E-36
     474.10001   -8.8782E-33   -3.1785E-39   -3.8695E-36
     474.20001   -8.8310E-33   -3.2921E-39   -3.8489E-36
     474.30001   -8.7840E-33   -3.4082E-39   -3.8284E-36
     474.40001   -8.7373E-33   -3.5269E-39   -3.8081E-36
     474.50001   -8.6908E-33   -3.6481E-39   -3.7878E-36
     474.60001   -8.6447E-33   -3.7719E-39   -3.7677E-36
     474.70001   -8.5988E-33   -3.8983E-39   -3.7477E-36
     474.80001   -8.5863E-33   -4.0302E-39   -3.7423E-36
     474.90001   -8.6119E-33   -4.1222E-39   -3.7534E-36
