           # s        inv_Ta        inv_Tb            Ha            Hb
         # (m)         (1/s)         (1/s)           (m)           (m)
       0.10000    1.0942E-02    0.0000E+00    1.6428E+00    0.0000E+00
       0.20000    1.1085E-02    0.0000E+00    1.6428E+00    0.0000E+00
       0.30000    1.1308E-02    0.0000E+00    1.6428E+00    0.0000E+00
       0.40000    1.1544E-02    0.0000E+00    1.6428E+00    0.0000E+00
       0.50000    1.1786E-02    0.0000E+00    1.6428E+00    0.0000E+00
       0.60000    1.2034E-02    0.0000E+00    1.6428E+00    0.0000E+00
       0.70000    1.2289E-02    0.0000E+00    1.6428E+00    0.0000E+00
       0.80000    1.2550E-02    0.0000E+00    1.6428E+00    0.0000E+00
       0.90000    1.2817E-02    0.0000E+00    1.6428E+00    0.0000E+00
       1.00000    1.3114E-02    0.0000E+00    1.6455E+00    0.0000E+00
       1.10000    1.3425E-02    0.0000E+00    1.6492E+00    0.0000E+00
       1.20000    1.3751E-02    0.0000E+00    1.6538E+00    0.0000E+00
       1.30000    1.4094E-02    0.0000E+00    1.6594E+00    0.0000E+00
       1.40000    1.4454E-02    0.0000E+00    1.6659E+00    0.0000E+00
       1.50000    1.4832E-02    0.0000E+00    1.6735E+00    0.0000E+00
       1.60000    1.5228E-02    0.0000E+00    1.6821E+00    0.0000E+00
       1.70000    1.5642E-02    0.0000E+00    1.6917E+00    0.0000E+00
       1.80000    1.6076E-02    0.0000E+00    1.7023E+00    0.0000E+00
       1.90000    1.6531E-02    0.0000E+00    1.7141E+00    0.0000E+00
       2.00000    1.7005E-02    0.0000E+00    1.7269E+00    0.0000E+00
       2.10000    1.7502E-02    0.0000E+00    1.7409E+00    0.0000E+00
       2.20000    1.8019E-02    0.0000E+00    1.7561E+00    0.0000E+00
       2.30000    1.8560E-02    0.0000E+00    1.7723E+00    0.0000E+00
       2.40000    1.9122E-02    0.0000E+00    1.7898E+00    0.0000E+00
       2.50000    1.9708E-02    0.0000E+00    1.8085E+00    0.0000E+00
       2.60000    2.0317E-02    0.0000E+00    1.8284E+00    0.0000E+00
       2.70000    2.0950E-02    0.0000E+00    1.8496E+00    0.0000E+00
       2.80000    2.1606E-02    0.0000E+00    1.8721E+00    0.0000E+00
       2.90000    2.2286E-02    0.0000E+00    1.8958E+00    0.0000E+00
       3.00000    2.2989E-02    0.0000E+00    1.9209E+00    0.0000E+00
       3.10000    2.3716E-02    0.0000E+00    1.9473E+00    0.0000E+00
       3.20000    2.4465E-02    0.0000E+00    1.9751E+00    0.0000E+00
       3.30000    2.5237E-02    0.0000E+00    2.0043E+00    0.0000E+00
       3.40000    2.5745E-02    0.0000E+00    2.0126E+00    0.0000E+00
       3.50000    2.6138E-02    0.0000E+00    2.0126E+00    0.0000E+00
       3.60000    2.6519E-02    0.0000E+00    2.0126E+00    0.0000E+00
       3.70000    2.7196E-02    0.0000E+00    2.0358E+00    0.0000E+00
       3.80000    2.8003E-02    0.0000E+00    2.0691E+00    0.0000E+00
       3.90000    2.8825E-02    0.0000E+00    2.1040E+00    0.0000E+00
       4.00000    2.9659E-02    0.0000E+00    2.1404E+00    0.0000E+00
       4.10000    3.0504E-02    0.0000E+00    2.1784E+00    0.0000E+00
       4.20000    3.1358E-02    0.0000E+00    2.2179E+00    0.0000E+00
       4.30000    3.2219E-02    0.0000E+00    2.2591E+00    0.0000E+00
       4.40000    3.3083E-02    0.0000E+00    2.3019E+00    0.0000E+00
       4.50000    3.3948E-02    0.0000E+00    2.3463E+00    0.0000E+00
       4.60000    3.4812E-02    0.0000E+00    2.3924E+00    0.0000E+00
       4.70000    3.5672E-02    0.0000E+00    2.4403E+00    0.0000E+00
       4.80000    3.6524E-02    0.0000E+00    2.4898E+00    0.0000E+00
       4.90000    3.7365E-02    0.0000E+00    2.5411E+00    0.0000E+00
       5.00000    3.8193E-02    0.0000E+00    2.5943E+00    0.0000E+00
       5.10000    3.9003E-02    0.0000E+00    2.6492E+00    0.0000E+00
       5.20000    3.9794E-02    0.0000E+00    2.7059E+00    0.0000E+00
       5.30000    4.0561E-02    0.0000E+00    2.7646E+00    0.0000E+00
       5.40000    4.1302E-02    0.0000E+00    2.8251E+00    0.0000E+00
       5.50000    4.2013E-02    0.0000E+00    2.8875E+00    0.0000E+00
       5.60000    4.2693E-02    0.0000E+00    2.9519E+00    0.0000E+00
       5.70000    4.3338E-02    0.0000E+00    3.0182E+00    0.0000E+00
       5.80000    4.3946E-02    0.0000E+00    3.0865E+00    0.0000E+00
       5.90000    4.4514E-02    0.0000E+00    3.1569E+00    0.0000E+00
       6.00000    4.5041E-02    0.0000E+00    3.2293E+00    0.0000E+00
       6.10000    4.5062E-02    0.0000E+00    3.2702E+00    0.0000E+00
       6.20000    4.4466E-02    0.0000E+00    3.2702E+00    0.0000E+00
       6.30000    4.3826E-02    0.0000E+00    3.2702E+00    0.0000E+00
       6.40000    4.3144E-02    0.0000E+00    3.2702E+00    0.0000E+00
       6.50000    4.2424E-02    0.0000E+00    3.2702E+00    0.0000E+00
       6.60000    4.1669E-02    0.0000E+00    3.2702E+00    0.0000E+00
       6.70000    4.0882E-02    0.0000E+00    3.2702E+00    0.0000E+00
       6.80000    3.9973E-02    0.0000E+00    3.2702E+00    0.0000E+00
       6.90000    3.8763E-02    0.0000E+00    3.2702E+00    0.0000E+00
       7.00000    3.7285E-02    0.0000E+00    3.2702E+00    0.0000E+00
       7.10000    3.5586E-02    0.0000E+00    3.2702E+00    0.0000E+00
       7.20000    3.3722E-02    0.0000E+00    3.2702E+00    0.0000E+00
       7.30000    3.1881E-02    0.0000E+00    3.2702E+00    0.0000E+00
       7.40000    3.0166E-02    0.0000E+00    3.2702E+00    0.0000E+00
       7.50000    2.8569E-02    0.0000E+00    3.2702E+00    0.0000E+00
       7.60000    2.7080E-02    0.0000E+00    3.2702E+00    0.0000E+00
       7.70000    2.5693E-02    0.0000E+00    3.2702E+00    0.0000E+00
       7.80000    2.4400E-02    0.0000E+00    3.2702E+00    0.0000E+00
       7.90000    2.3428E-02    0.0000E+00    3.3030E+00    0.0000E+00
       8.00000    2.2791E-02    0.0000E+00    3.3767E+00    0.0000E+00
       8.10000    2.2185E-02    0.0000E+00    3.4509E+00    0.0000E+00
       8.20000    2.1611E-02    0.0000E+00    3.5256E+00    0.0000E+00
       8.30000    2.1065E-02    0.0000E+00    3.6006E+00    0.0000E+00
       8.40000    2.0547E-02    0.0000E+00    3.6760E+00    0.0000E+00
       8.50000    2.0055E-02    0.0000E+00    3.7516E+00    0.0000E+00
       8.60000    1.9588E-02    0.0000E+00    3.8275E+00    0.0000E+00
       8.70000    1.9144E-02    0.0000E+00    3.9036E+00    0.0000E+00
       8.80000    1.8723E-02    0.0000E+00    3.9799E+00    0.0000E+00
       8.90000    1.8323E-02    0.0000E+00    4.0563E+00    0.0000E+00
       9.00000    1.7943E-02    0.0000E+00    4.1327E+00    0.0000E+00
       9.10000    1.7582E-02    0.0000E+00    4.2091E+00    0.0000E+00
       9.20000    1.7239E-02    0.0000E+00    4.2855E+00    0.0000E+00
       9.30000    1.6914E-02    0.0000E+00    4.3619E+00    0.0000E+00
       9.40000    1.6605E-02    0.0000E+00    4.4381E+00    0.0000E+00
       9.50000    1.6312E-02    0.0000E+00    4.5142E+00    0.0000E+00
       9.60000    1.6034E-02    0.0000E+00    4.5900E+00    0.0000E+00
       9.70000    1.5770E-02    0.0000E+00    4.6657E+00    0.0000E+00
       9.80000    1.5521E-02    0.0000E+00    4.7410E+00    0.0000E+00
       9.90000    1.5284E-02    0.0000E+00    4.8161E+00    0.0000E+00
      10.00000    1.5060E-02    0.0000E+00    4.8908E+00    0.0000E+00
      10.10000    1.4849E-02    0.0000E+00    4.9651E+00    0.0000E+00
      10.20000    1.4649E-02    0.0000E+00    5.0389E+00    0.0000E+00
      10.30000    1.4425E-02    0.0000E+00    5.0998E+00    0.0000E+00
      10.40000    1.4048E-02    0.0000E+00    5.0998E+00    0.0000E+00
      10.50000    1.3693E-02    0.0000E+00    5.0998E+00    0.0000E+00
      10.60000    1.3389E-02    0.0000E+00    5.1117E+00    0.0000E+00
      10.70000    1.3251E-02    0.0000E+00    5.1811E+00    0.0000E+00
      10.80000    1.3123E-02    0.0000E+00    5.2499E+00    0.0000E+00
      10.90000    1.3003E-02    0.0000E+00    5.3181E+00    0.0000E+00
      11.00000    1.2892E-02    0.0000E+00    5.3856E+00    0.0000E+00
      11.10000    1.2791E-02    0.0000E+00    5.4524E+00    0.0000E+00
      11.20000    1.2697E-02    0.0000E+00    5.5185E+00    0.0000E+00
      11.30000    1.2613E-02    0.0000E+00    5.5838E+00    0.0000E+00
      11.40000    1.2536E-02    0.0000E+00    5.6483E+00    0.0000E+00
      11.50000    1.2469E-02    0.0000E+00    5.7120E+00    0.0000E+00
      11.60000    1.2409E-02    0.0000E+00    5.7748E+00    0.0000E+00
      11.70000    1.2358E-02    0.0000E+00    5.8368E+00    0.0000E+00
      11.80000    1.2315E-02    0.0000E+00    5.8978E+00    0.0000E+00
      11.90000    1.2281E-02    0.0000E+00    5.9579E+00    0.0000E+00
      12.00000    1.2255E-02    0.0000E+00    6.0171E+00    0.0000E+00
      12.10000    1.2237E-02    0.0000E+00    6.0753E+00    0.0000E+00
      12.20000    1.2228E-02    0.0000E+00    6.1325E+00    0.0000E+00
      12.30000    1.2228E-02    0.0000E+00    6.1886E+00    0.0000E+00
      12.40000    1.2237E-02    0.0000E+00    6.2438E+00    0.0000E+00
      12.50000    1.2254E-02    0.0000E+00    6.2978E+00    0.0000E+00
      12.60000    1.2281E-02    0.0000E+00    6.3507E+00    0.0000E+00
      12.70000    1.2316E-02    0.0000E+00    6.4026E+00    0.0000E+00
      12.80000    1.2362E-02    0.0000E+00    6.4533E+00    0.0000E+00
      12.90000    1.2416E-02    0.0000E+00    6.5028E+00    0.0000E+00
      13.00000    1.2480E-02    0.0000E+00    6.5512E+00    0.0000E+00
      13.10000    1.2474E-02    0.0000E+00    6.5562E+00    0.0000E+00
      13.20000    1.2470E-02    0.0000E+00    6.5562E+00    0.0000E+00
      13.30000    1.2478E-02    0.0000E+00    6.5562E+00    0.0000E+00
      13.40000    1.2497E-02    0.0000E+00    6.5562E+00    0.0000E+00
      13.50000    1.2527E-02    0.0000E+00    6.5562E+00    0.0000E+00
      13.60000    1.2567E-02    0.0000E+00    6.5562E+00    0.0000E+00
      13.70000    1.2620E-02    0.0000E+00    6.5562E+00    0.0000E+00
      13.80000    1.2760E-02    0.0000E+00    6.5562E+00    0.0000E+00
      13.90000    1.3016E-02    0.0000E+00    6.5562E+00    0.0000E+00
      14.00000    1.3389E-02    0.0000E+00    6.5562E+00    0.0000E+00
      14.10000    1.3884E-02    0.0000E+00    6.5562E+00    0.0000E+00
      14.20000    1.4495E-02    0.0000E+00    6.5562E+00    0.0000E+00
      14.30000    1.5133E-02    0.0000E+00    6.5562E+00    0.0000E+00
      14.40000    1.5784E-02    0.0000E+00    6.5562E+00    0.0000E+00
      14.50000    1.6446E-02    0.0000E+00    6.5562E+00    0.0000E+00
      14.60000    1.7118E-02    0.0000E+00    6.5562E+00    0.0000E+00
      14.70000    1.7796E-02    0.0000E+00    6.5562E+00    0.0000E+00
      14.80000    1.8479E-02    0.0000E+00    6.5562E+00    0.0000E+00
      14.90000    1.9243E-02    0.0000E+00    6.5827E+00    0.0000E+00
      15.00000    2.0023E-02    0.0000E+00    6.6118E+00    0.0000E+00
      15.10000    2.0807E-02    0.0000E+00    6.6403E+00    0.0000E+00
      15.20000    2.1594E-02    0.0000E+00    6.6683E+00    0.0000E+00
      15.30000    2.2383E-02    0.0000E+00    6.6958E+00    0.0000E+00
      15.40000    2.3174E-02    0.0000E+00    6.7227E+00    0.0000E+00
      15.50000    2.3965E-02    0.0000E+00    6.7491E+00    0.0000E+00
      15.60000    2.4758E-02    0.0000E+00    6.7750E+00    0.0000E+00
      15.70000    2.5553E-02    0.0000E+00    6.8003E+00    0.0000E+00
      15.80000    2.6350E-02    0.0000E+00    6.8251E+00    0.0000E+00
      15.90000    2.7151E-02    0.0000E+00    6.8494E+00    0.0000E+00
      16.00000    2.7957E-02    0.0000E+00    6.8732E+00    0.0000E+00
      16.10000    2.8772E-02    0.0000E+00    6.8964E+00    0.0000E+00
      16.20000    2.9596E-02    0.0000E+00    6.9191E+00    0.0000E+00
      16.30000    3.0433E-02    0.0000E+00    6.9413E+00    0.0000E+00
      16.40000    3.1285E-02    0.0000E+00    6.9630E+00    0.0000E+00
      16.50000    3.2157E-02    0.0000E+00    6.9842E+00    0.0000E+00
      16.60000    3.3050E-02    0.0000E+00    7.0048E+00    0.0000E+00
      16.70000    3.3969E-02    0.0000E+00    7.0250E+00    0.0000E+00
      16.80000    3.4917E-02    0.0000E+00    7.0448E+00    0.0000E+00
      16.90000    3.5899E-02    0.0000E+00    7.0640E+00    0.0000E+00
      17.00000    3.6918E-02    0.0000E+00    7.0827E+00    0.0000E+00
      17.10000    3.7979E-02    0.0000E+00    7.1010E+00    0.0000E+00
      17.20000    3.9086E-02    0.0000E+00    7.1189E+00    0.0000E+00
      17.30000    4.0183E-02    0.0000E+00    7.1255E+00    0.0000E+00
      17.40000    4.1296E-02    0.0000E+00    7.1255E+00    0.0000E+00
      17.50000    4.2467E-02    0.0000E+00    7.1255E+00    0.0000E+00
      17.60000    4.3759E-02    0.0000E+00    7.1351E+00    0.0000E+00
      17.70000    4.5158E-02    0.0000E+00    7.1503E+00    0.0000E+00
      17.80000    4.6636E-02    0.0000E+00    7.1651E+00    0.0000E+00
      17.90000    4.8199E-02    0.0000E+00    7.1795E+00    0.0000E+00
      18.00000    4.9853E-02    0.0000E+00    7.1934E+00    0.0000E+00
      18.10000    5.1607E-02    0.0000E+00    7.2070E+00    0.0000E+00
      18.20000    5.3469E-02    0.0000E+00    7.2203E+00    0.0000E+00
      18.30000    5.5448E-02    0.0000E+00    7.2332E+00    0.0000E+00
      18.40000    5.7553E-02    0.0000E+00    7.2457E+00    0.0000E+00
      18.50000    5.9795E-02    0.0000E+00    7.2579E+00    0.0000E+00
      18.60000    6.2186E-02    0.0000E+00    7.2698E+00    0.0000E+00
      18.70000    6.4737E-02    0.0000E+00    7.2814E+00    0.0000E+00
      18.80000    6.7462E-02    0.0000E+00    7.2927E+00    0.0000E+00
      18.90000    7.0376E-02    0.0000E+00    7.3037E+00    0.0000E+00
      19.00000    7.3494E-02    0.0000E+00    7.3145E+00    0.0000E+00
      19.10000    7.6835E-02    0.0000E+00    7.3250E+00    0.0000E+00
      19.20000    8.0416E-02    0.0000E+00    7.3353E+00    0.0000E+00
      19.30000    8.4260E-02    0.0000E+00    7.3454E+00    0.0000E+00
      19.40000    8.8388E-02    0.0000E+00    7.3552E+00    0.0000E+00
      19.50000    9.2825E-02    0.0000E+00    7.3649E+00    0.0000E+00
      19.60000    9.7598E-02    0.0000E+00    7.3745E+00    0.0000E+00
      19.70000    1.0274E-01    0.0000E+00    7.3838E+00    0.0000E+00
      19.80000    1.0827E-01    0.0000E+00    7.3931E+00    0.0000E+00
      19.90000    1.1424E-01    0.0000E+00    7.4023E+00    0.0000E+00
      20.00000    1.2062E-01    0.0000E+00    7.4082E+00    0.0000E+00
      20.10000    1.2741E-01    0.0000E+00    7.4082E+00    0.0000E+00
      20.20000    1.3473E-01    0.0000E+00    7.4082E+00    0.0000E+00
      20.30000    1.4262E-01    0.0000E+00    7.4082E+00    0.0000E+00
      20.40000    1.5113E-01    0.0000E+00    7.4082E+00    0.0000E+00
      20.50000    1.6031E-01    0.0000E+00    7.4082E+00    0.0000E+00
      20.60000    1.7021E-01    0.0000E+00    7.4082E+00    0.0000E+00
      20.70000    1.8036E-01    0.0000E+00    7.4082E+00    0.0000E+00
      20.80000    1.8903E-01    0.0000E+00    7.4082E+00    0.0000E+00
      20.90000    1.9568E-01    0.0000E+00    7.4082E+00    0.0000E+00
      21.00000    1.9997E-01    0.0000E+00    7.4082E+00    0.0000E+00
      21.10000    2.0169E-01    0.0000E+00    7.4082E+00    0.0000E+00
      21.20000    2.0195E-01    0.0000E+00    7.4082E+00    0.0000E+00
      21.30000    2.0195E-01    0.0000E+00    7.4082E+00    0.0000E+00
      21.40000    2.0169E-01    0.0000E+00    7.4082E+00    0.0000E+00
      21.50000    2.0119E-01    0.0000E+00    7.4082E+00    0.0000E+00
      21.60000    2.0045E-01    0.0000E+00    7.4082E+00    0.0000E+00
      21.70000    1.9949E-01    0.0000E+00    7.4082E+00    0.0000E+00
      21.80000    1.9831E-01    0.0000E+00    7.4079E+00    0.0000E+00
      21.90000    1.9691E-01    0.0000E+00    7.4070E+00    0.0000E+00
      22.00000    1.9534E-01    0.0000E+00    7.4058E+00    0.0000E+00
      22.10000    1.9359E-01    0.0000E+00    7.4044E+00    0.0000E+00
      22.20000    1.9168E-01    0.0000E+00    7.4027E+00    0.0000E+00
      22.30000    1.8964E-01    0.0000E+00    7.4008E+00    0.0000E+00
      22.40000    1.8747E-01    0.0000E+00    7.3986E+00    0.0000E+00
      22.50000    1.8518E-01    0.0000E+00    7.3961E+00    0.0000E+00
      22.60000    1.8280E-01    0.0000E+00    7.3933E+00    0.0000E+00
      22.70000    1.8033E-01    0.0000E+00    7.3901E+00    0.0000E+00
      22.80000    1.7778E-01    0.0000E+00    7.3867E+00    0.0000E+00
      22.90000    1.7518E-01    0.0000E+00    7.3828E+00    0.0000E+00
      23.00000    1.7252E-01    0.0000E+00    7.3786E+00    0.0000E+00
      23.10000    1.6982E-01    0.0000E+00    7.3741E+00    0.0000E+00
      23.20000    1.6710E-01    0.0000E+00    7.3691E+00    0.0000E+00
      23.30000    1.6435E-01    0.0000E+00    7.3637E+00    0.0000E+00
      23.40000    1.6159E-01    0.0000E+00    7.3579E+00    0.0000E+00
      23.50000    1.5882E-01    0.0000E+00    7.3517E+00    0.0000E+00
      23.60000    1.5605E-01    0.0000E+00    7.3450E+00    0.0000E+00
      23.70000    1.5329E-01    0.0000E+00    7.3378E+00    0.0000E+00
      23.80000    1.5054E-01    0.0000E+00    7.3302E+00    0.0000E+00
      23.90000    1.4780E-01    0.0000E+00    7.3222E+00    0.0000E+00
      24.00000    1.4509E-01    0.0000E+00    7.3136E+00    0.0000E+00
      24.10000    1.4239E-01    0.0000E+00    7.3045E+00    0.0000E+00
      24.20000    1.3973E-01    0.0000E+00    7.2956E+00    0.0000E+00
      24.30000    1.3727E-01    0.0000E+00    7.2956E+00    0.0000E+00
      24.40000    1.3484E-01    0.0000E+00    7.2956E+00    0.0000E+00
      24.50000    1.3242E-01    0.0000E+00    7.2948E+00    0.0000E+00
      24.60000    1.2983E-01    0.0000E+00    7.2826E+00    0.0000E+00
      24.70000    1.2726E-01    0.0000E+00    7.2698E+00    0.0000E+00
      24.80000    1.2472E-01    0.0000E+00    7.2564E+00    0.0000E+00
      24.90000    1.2221E-01    0.0000E+00    7.2425E+00    0.0000E+00
      25.00000    1.1972E-01    0.0000E+00    7.2280E+00    0.0000E+00
      25.10000    1.1725E-01    0.0000E+00    7.2130E+00    0.0000E+00
      25.20000    1.1480E-01    0.0000E+00    7.1974E+00    0.0000E+00
      25.30000    1.1237E-01    0.0000E+00    7.1811E+00    0.0000E+00
      25.40000    1.0995E-01    0.0000E+00    7.1643E+00    0.0000E+00
      25.50000    1.0755E-01    0.0000E+00    7.1469E+00    0.0000E+00
      25.60000    1.0516E-01    0.0000E+00    7.1289E+00    0.0000E+00
      25.70000    1.0278E-01    0.0000E+00    7.1102E+00    0.0000E+00
      25.80000    1.0040E-01    0.0000E+00    7.0910E+00    0.0000E+00
      25.90000    9.8027E-02    0.0000E+00    7.0711E+00    0.0000E+00
      26.00000    9.5654E-02    0.0000E+00    7.0506E+00    0.0000E+00
      26.10000    9.3281E-02    0.0000E+00    7.0295E+00    0.0000E+00
      26.20000    9.0906E-02    0.0000E+00    7.0077E+00    0.0000E+00
      26.30000    8.8528E-02    0.0000E+00    6.9853E+00    0.0000E+00
      26.40000    8.6147E-02    0.0000E+00    6.9623E+00    0.0000E+00
      26.50000    8.3762E-02    0.0000E+00    6.9386E+00    0.0000E+00
      26.60000    8.1374E-02    0.0000E+00    6.9143E+00    0.0000E+00
      26.70000    7.8984E-02    0.0000E+00    6.8894E+00    0.0000E+00
      26.80000    7.6593E-02    0.0000E+00    6.8638E+00    0.0000E+00
      26.90000    7.4203E-02    0.0000E+00    6.8375E+00    0.0000E+00
      27.00000    7.2042E-02    0.0000E+00    6.8319E+00    0.0000E+00
      27.10000    6.9938E-02    0.0000E+00    6.8319E+00    0.0000E+00
      27.20000    6.7833E-02    0.0000E+00    6.8319E+00    0.0000E+00
      27.30000    6.5731E-02    0.0000E+00    6.8319E+00    0.0000E+00
      27.40000    6.3636E-02    0.0000E+00    6.8319E+00    0.0000E+00
      27.50000    6.1552E-02    0.0000E+00    6.8319E+00    0.0000E+00
      27.60000    5.9489E-02    0.0000E+00    6.8319E+00    0.0000E+00
      27.70000    5.7764E-02    0.0000E+00    6.8319E+00    0.0000E+00
      27.80000    5.6533E-02    0.0000E+00    6.8319E+00    0.0000E+00
      27.90000    5.5774E-02    0.0000E+00    6.8319E+00    0.0000E+00
      28.00000    5.5484E-02    0.0000E+00    6.8319E+00    0.0000E+00
      28.10000    5.5632E-02    0.0000E+00    6.8319E+00    0.0000E+00
      28.20000    5.5871E-02    0.0000E+00    6.8319E+00    0.0000E+00
      28.30000    5.6129E-02    0.0000E+00    6.8319E+00    0.0000E+00
      28.40000    5.6410E-02    0.0000E+00    6.8319E+00    0.0000E+00
      28.50000    5.6717E-02    0.0000E+00    6.8319E+00    0.0000E+00
      28.60000    5.7052E-02    0.0000E+00    6.8319E+00    0.0000E+00
      28.70000    5.7420E-02    0.0000E+00    6.8319E+00    0.0000E+00
      28.80000    5.7507E-02    0.0000E+00    6.7949E+00    0.0000E+00
      28.90000    5.7531E-02    0.0000E+00    6.7467E+00    0.0000E+00
      29.00000    5.7576E-02    0.0000E+00    6.6974E+00    0.0000E+00
      29.10000    5.7641E-02    0.0000E+00    6.6468E+00    0.0000E+00
      29.20000    5.7726E-02    0.0000E+00    6.5949E+00    0.0000E+00
      29.30000    5.7832E-02    0.0000E+00    6.5419E+00    0.0000E+00
      29.40000    5.7959E-02    0.0000E+00    6.4876E+00    0.0000E+00
      29.50000    5.8106E-02    0.0000E+00    6.4322E+00    0.0000E+00
      29.60000    5.8273E-02    0.0000E+00    6.3756E+00    0.0000E+00
      29.70000    5.8459E-02    0.0000E+00    6.3178E+00    0.0000E+00
      29.80000    5.8663E-02    0.0000E+00    6.2590E+00    0.0000E+00
      29.90000    5.8885E-02    0.0000E+00    6.1990E+00    0.0000E+00
      30.00000    5.9125E-02    0.0000E+00    6.1380E+00    0.0000E+00
      30.10000    5.9380E-02    0.0000E+00    6.0759E+00    0.0000E+00
      30.20000    5.9650E-02    0.0000E+00    6.0128E+00    0.0000E+00
      30.30000    5.9935E-02    0.0000E+00    5.9486E+00    0.0000E+00
      30.40000    6.0232E-02    0.0000E+00    5.8835E+00    0.0000E+00
      30.50000    6.0540E-02    0.0000E+00    5.8174E+00    0.0000E+00
      30.60000    6.0858E-02    0.0000E+00    5.7503E+00    0.0000E+00
      30.70000    6.1185E-02    0.0000E+00    5.6823E+00    0.0000E+00
      30.80000    6.1518E-02    0.0000E+00    5.6134E+00    0.0000E+00
      30.90000    6.1857E-02    0.0000E+00    5.5436E+00    0.0000E+00
      31.00000    6.2198E-02    0.0000E+00    5.4730E+00    0.0000E+00
      31.10000    6.2540E-02    0.0000E+00    5.4016E+00    0.0000E+00
      31.20000    6.3319E-02    0.0000E+00    5.3665E+00    0.0000E+00
      31.30000    6.4542E-02    0.0000E+00    5.3665E+00    0.0000E+00
      31.40000    6.5801E-02    0.0000E+00    5.3665E+00    0.0000E+00
      31.50000    6.6606E-02    0.0000E+00    5.3274E+00    0.0000E+00
      31.60000    6.6947E-02    0.0000E+00    5.2506E+00    0.0000E+00
      31.70000    6.7273E-02    0.0000E+00    5.1732E+00    0.0000E+00
      31.80000    6.7581E-02    0.0000E+00    5.0951E+00    0.0000E+00
      31.90000    6.7867E-02    0.0000E+00    5.0164E+00    0.0000E+00
      32.00000    6.8127E-02    0.0000E+00    4.9371E+00    0.0000E+00
      32.10000    6.8358E-02    0.0000E+00    4.8572E+00    0.0000E+00
      32.20000    6.8555E-02    0.0000E+00    4.7768E+00    0.0000E+00
      32.30000    6.8714E-02    0.0000E+00    4.6959E+00    0.0000E+00
      32.40000    6.8831E-02    0.0000E+00    4.6145E+00    0.0000E+00
      32.50000    6.8901E-02    0.0000E+00    4.5327E+00    0.0000E+00
      32.60000    6.8919E-02    0.0000E+00    4.4505E+00    0.0000E+00
      32.70000    6.8881E-02    0.0000E+00    4.3680E+00    0.0000E+00
      32.80000    6.8781E-02    0.0000E+00    4.2851E+00    0.0000E+00
      32.90000    6.8616E-02    0.0000E+00    4.2019E+00    0.0000E+00
      33.00000    6.8380E-02    0.0000E+00    4.1185E+00    0.0000E+00
      33.10000    6.8070E-02    0.0000E+00    4.0348E+00    0.0000E+00
      33.20000    6.7680E-02    0.0000E+00    3.9510E+00    0.0000E+00
      33.30000    6.7208E-02    0.0000E+00    3.8670E+00    0.0000E+00
      33.40000    6.6648E-02    0.0000E+00    3.7829E+00    0.0000E+00
      33.50000    6.6000E-02    0.0000E+00    3.6987E+00    0.0000E+00
      33.60000    6.5259E-02    0.0000E+00    3.6145E+00    0.0000E+00
      33.70000    6.4423E-02    0.0000E+00    3.5303E+00    0.0000E+00
      33.80000    6.3492E-02    0.0000E+00    3.4462E+00    0.0000E+00
      33.90000    6.2834E-02    0.0000E+00    3.3820E+00    0.0000E+00
      34.00000    6.3284E-02    0.0000E+00    3.3820E+00    0.0000E+00
      34.10000    6.3652E-02    0.0000E+00    3.3820E+00    0.0000E+00
      34.20000    6.3935E-02    0.0000E+00    3.3820E+00    0.0000E+00
      34.30000    6.4126E-02    0.0000E+00    3.3820E+00    0.0000E+00
      34.40000    6.4223E-02    0.0000E+00    3.3820E+00    0.0000E+00
      34.50000    6.4222E-02    0.0000E+00    3.3820E+00    0.0000E+00
      34.60000    6.4037E-02    0.0000E+00    3.3820E+00    0.0000E+00
      34.70000    6.3313E-02    0.0000E+00    3.3820E+00    0.0000E+00
      34.80000    6.2028E-02    0.0000E+00    3.3820E+00    0.0000E+00
      34.90000    6.0227E-02    0.0000E+00    3.3820E+00    0.0000E+00
      35.00000    5.7974E-02    0.0000E+00    3.3820E+00    0.0000E+00
      35.10000    5.5509E-02    0.0000E+00    3.3820E+00    0.0000E+00
      35.20000    5.3117E-02    0.0000E+00    3.3820E+00    0.0000E+00
      35.30000    5.0805E-02    0.0000E+00    3.3820E+00    0.0000E+00
      35.40000    4.8577E-02    0.0000E+00    3.3820E+00    0.0000E+00
      35.50000    4.6434E-02    0.0000E+00    3.3820E+00    0.0000E+00
      35.60000    4.4379E-02    0.0000E+00    3.3820E+00    0.0000E+00
      35.70000    4.2154E-02    0.0000E+00    3.3615E+00    0.0000E+00
      35.80000    3.9258E-02    0.0000E+00    3.2759E+00    0.0000E+00
      35.90000    3.6560E-02    0.0000E+00    3.1921E+00    0.0000E+00
      36.00000    3.4047E-02    0.0000E+00    3.1100E+00    0.0000E+00
      36.10000    3.1709E-02    0.0000E+00    3.0297E+00    0.0000E+00
      36.20000    2.9535E-02    0.0000E+00    2.9512E+00    0.0000E+00
      36.30000    2.7514E-02    0.0000E+00    2.8743E+00    0.0000E+00
      36.40000    2.5636E-02    0.0000E+00    2.7992E+00    0.0000E+00
      36.50000    2.3892E-02    0.0000E+00    2.7257E+00    0.0000E+00
      36.60000    2.2272E-02    0.0000E+00    2.6538E+00    0.0000E+00
      36.70000    2.0768E-02    0.0000E+00    2.5836E+00    0.0000E+00
      36.80000    1.9372E-02    0.0000E+00    2.5150E+00    0.0000E+00
      36.90000    1.8076E-02    0.0000E+00    2.4480E+00    0.0000E+00
      37.00000    1.6872E-02    0.0000E+00    2.3825E+00    0.0000E+00
      37.10000    1.5755E-02    0.0000E+00    2.3186E+00    0.0000E+00
      37.20000    1.4717E-02    0.0000E+00    2.2561E+00    0.0000E+00
      37.30000    1.3753E-02    0.0000E+00    2.1952E+00    0.0000E+00
      37.40000    1.2858E-02    0.0000E+00    2.1358E+00    0.0000E+00
      37.50000    1.2026E-02    0.0000E+00    2.0778E+00    0.0000E+00
      37.60000    1.1253E-02    0.0000E+00    2.0212E+00    0.0000E+00
      37.70000    1.0534E-02    0.0000E+00    1.9661E+00    0.0000E+00
      37.80000    9.8660E-03    0.0000E+00    1.9124E+00    0.0000E+00
      37.90000    9.2445E-03    0.0000E+00    1.8600E+00    0.0000E+00
      38.00000    8.6662E-03    0.0000E+00    1.8090E+00    0.0000E+00
      38.10000    8.1281E-03    0.0000E+00    1.7593E+00    0.0000E+00
      38.20000    7.8338E-03    0.0000E+00    1.7574E+00    0.0000E+00
      38.30000    7.5624E-03    0.0000E+00    1.7574E+00    0.0000E+00
      38.40000    7.3040E-03    0.0000E+00    1.7574E+00    0.0000E+00
      38.50000    6.8773E-03    0.0000E+00    1.7124E+00    0.0000E+00
      38.60000    6.4718E-03    0.0000E+00    1.6667E+00    0.0000E+00
      38.70000    6.0934E-03    0.0000E+00    1.6223E+00    0.0000E+00
      38.80000    5.7401E-03    0.0000E+00    1.5791E+00    0.0000E+00
      38.90000    5.4102E-03    0.0000E+00    1.5372E+00    0.0000E+00
      39.00000    5.1020E-03    0.0000E+00    1.4964E+00    0.0000E+00
      39.10000    4.8140E-03    0.0000E+00    1.4567E+00    0.0000E+00
      39.20000    4.5448E-03    0.0000E+00    1.4183E+00    0.0000E+00
      39.30000    4.2931E-03    0.0000E+00    1.3809E+00    0.0000E+00
      39.40000    4.0576E-03    0.0000E+00    1.3447E+00    0.0000E+00
      39.50000    3.8373E-03    0.0000E+00    1.3095E+00    0.0000E+00
      39.60000    3.6311E-03    0.0000E+00    1.2755E+00    0.0000E+00
      39.70000    3.4381E-03    0.0000E+00    1.2425E+00    0.0000E+00
      39.80000    3.2573E-03    0.0000E+00    1.2105E+00    0.0000E+00
      39.90000    3.0880E-03    0.0000E+00    1.1796E+00    0.0000E+00
      40.00000    2.9293E-03    0.0000E+00    1.1497E+00    0.0000E+00
      40.10000    2.7806E-03    0.0000E+00    1.1208E+00    0.0000E+00
      40.20000    2.6413E-03    0.0000E+00    1.0928E+00    0.0000E+00
      40.30000    2.5106E-03    0.0000E+00    1.0659E+00    0.0000E+00
      40.40000    2.3880E-03    0.0000E+00    1.0399E+00    0.0000E+00
      40.50000    2.2731E-03    0.0000E+00    1.0148E+00    0.0000E+00
      40.60000    2.1652E-03    0.0000E+00    9.9058E-01    0.0000E+00
      40.70000    2.0641E-03    0.0000E+00    9.6730E-01    0.0000E+00
      40.80000    1.9691E-03    0.0000E+00    9.4491E-01    0.0000E+00
      40.90000    1.9098E-03    0.0000E+00    9.3801E-01    0.0000E+00
      41.00000    1.8665E-03    0.0000E+00    9.3801E-01    0.0000E+00
      41.10000    1.8250E-03    0.0000E+00    9.3801E-01    0.0000E+00
      41.20000    1.7850E-03    0.0000E+00    9.3801E-01    0.0000E+00
      41.30000    1.7465E-03    0.0000E+00    9.3801E-01    0.0000E+00
      41.40000    1.7095E-03    0.0000E+00    9.3801E-01    0.0000E+00
      41.50000    1.6738E-03    0.0000E+00    9.3801E-01    0.0000E+00
      41.60000    1.6471E-03    0.0000E+00    9.3801E-01    0.0000E+00
      41.70000    1.6354E-03    0.0000E+00    9.3801E-01    0.0000E+00
      41.80000    1.6381E-03    0.0000E+00    9.3801E-01    0.0000E+00
      41.90000    1.6553E-03    0.0000E+00    9.3801E-01    0.0000E+00
      42.00000    1.6869E-03    0.0000E+00    9.3801E-01    0.0000E+00
      42.10000    1.7231E-03    0.0000E+00    9.3801E-01    0.0000E+00
      42.20000    1.7608E-03    0.0000E+00    9.3801E-01    0.0000E+00
      42.30000    1.7998E-03    0.0000E+00    9.3801E-01    0.0000E+00
      42.40000    1.8405E-03    0.0000E+00    9.3801E-01    0.0000E+00
      42.50000    1.8827E-03    0.0000E+00    9.3801E-01    0.0000E+00
      42.60000    1.9267E-03    0.0000E+00    9.3801E-01    0.0000E+00
      42.70000    1.9457E-03    0.0000E+00    9.2532E-01    0.0000E+00
      42.80000    1.9536E-03    0.0000E+00    9.0717E-01    0.0000E+00
      42.90000    1.9627E-03    0.0000E+00    8.8952E-01    0.0000E+00
      43.00000    1.9730E-03    0.0000E+00    8.7240E-01    0.0000E+00
      43.10000    1.9846E-03    0.0000E+00    8.5580E-01    0.0000E+00
      43.20000    1.9978E-03    0.0000E+00    8.3976E-01    0.0000E+00
      43.30000    2.0125E-03    0.0000E+00    8.2428E-01    0.0000E+00
      43.40000    2.0290E-03    0.0000E+00    8.0938E-01    0.0000E+00
      43.50000    2.0473E-03    0.0000E+00    7.9509E-01    0.0000E+00
      43.60000    2.0677E-03    0.0000E+00    7.8141E-01    0.0000E+00
      43.70000    2.0904E-03    0.0000E+00    7.6837E-01    0.0000E+00
      43.80000    2.1154E-03    0.0000E+00    7.5597E-01    0.0000E+00
      43.90000    2.1431E-03    0.0000E+00    7.4425E-01    0.0000E+00
      44.00000    2.1737E-03    0.0000E+00    7.3322E-01    0.0000E+00
      44.10000    2.2074E-03    0.0000E+00    7.2289E-01    0.0000E+00
      44.20000    2.2445E-03    0.0000E+00    7.1328E-01    0.0000E+00
      44.30000    2.2853E-03    0.0000E+00    7.0441E-01    0.0000E+00
      44.40000    2.3302E-03    0.0000E+00    6.9631E-01    0.0000E+00
      44.50000    2.3794E-03    0.0000E+00    6.8898E-01    0.0000E+00
      44.60000    2.4335E-03    0.0000E+00    6.8245E-01    0.0000E+00
      44.70000    2.4928E-03    0.0000E+00    6.7673E-01    0.0000E+00
      44.80000    2.5578E-03    0.0000E+00    6.7185E-01    0.0000E+00
      44.90000    2.6291E-03    0.0000E+00    6.6783E-01    0.0000E+00
      45.00000    2.7072E-03    0.0000E+00    6.6467E-01    0.0000E+00
      45.10000    2.7961E-03    0.0000E+00    6.6322E-01    0.0000E+00
      45.20000    2.8958E-03    0.0000E+00    6.6322E-01    0.0000E+00
      45.30000    3.0005E-03    0.0000E+00    6.6322E-01    0.0000E+00
      45.40000    3.1074E-03    0.0000E+00    6.6256E-01    0.0000E+00
      45.50000    3.2183E-03    0.0000E+00    6.6159E-01    0.0000E+00
      45.60000    3.3398E-03    0.0000E+00    6.6160E-01    0.0000E+00
      45.70000    3.4730E-03    0.0000E+00    6.6261E-01    0.0000E+00
      45.80000    3.6188E-03    0.0000E+00    6.6462E-01    0.0000E+00
      45.90000    3.7785E-03    0.0000E+00    6.6768E-01    0.0000E+00
      46.00000    3.9534E-03    0.0000E+00    6.7178E-01    0.0000E+00
      46.10000    4.1450E-03    0.0000E+00    6.7697E-01    0.0000E+00
      46.20000    4.3548E-03    0.0000E+00    6.8325E-01    0.0000E+00
      46.30000    4.5845E-03    0.0000E+00    6.9066E-01    0.0000E+00
      46.40000    4.8360E-03    0.0000E+00    6.9920E-01    0.0000E+00
      46.50000    5.1113E-03    0.0000E+00    7.0891E-01    0.0000E+00
      46.60000    5.4127E-03    0.0000E+00    7.1980E-01    0.0000E+00
      46.70000    5.7426E-03    0.0000E+00    7.3190E-01    0.0000E+00
      46.80000    6.1037E-03    0.0000E+00    7.4523E-01    0.0000E+00
      46.90000    6.4987E-03    0.0000E+00    7.5981E-01    0.0000E+00
      47.00000    6.9308E-03    0.0000E+00    7.7566E-01    0.0000E+00
      47.10000    7.4032E-03    0.0000E+00    7.9281E-01    0.0000E+00
      47.20000    7.9197E-03    0.0000E+00    8.1127E-01    0.0000E+00
      47.30000    8.4839E-03    0.0000E+00    8.3108E-01    0.0000E+00
      47.40000    9.1000E-03    0.0000E+00    8.5225E-01    0.0000E+00
      47.50000    9.7723E-03    0.0000E+00    8.7480E-01    0.0000E+00
      47.60000    1.0506E-02    0.0000E+00    8.9877E-01    0.0000E+00
      47.70000    1.1304E-02    0.0000E+00    9.2416E-01    0.0000E+00
      47.80000    1.2128E-02    0.0000E+00    9.4741E-01    0.0000E+00
      47.90000    1.2691E-02    0.0000E+00    9.4741E-01    0.0000E+00
      48.00000    1.3280E-02    0.0000E+00    9.4741E-01    0.0000E+00
      48.10000    1.3893E-02    0.0000E+00    9.4741E-01    0.0000E+00
      48.20000    1.4529E-02    0.0000E+00    9.4741E-01    0.0000E+00
      48.30000    1.5189E-02    0.0000E+00    9.4741E-01    0.0000E+00
      48.40000    1.5872E-02    0.0000E+00    9.4741E-01    0.0000E+00
      48.50000    1.6560E-02    0.0000E+00    9.4741E-01    0.0000E+00
      48.60000    1.7151E-02    0.0000E+00    9.4741E-01    0.0000E+00
      48.70000    1.7607E-02    0.0000E+00    9.4741E-01    0.0000E+00
      48.80000    1.7912E-02    0.0000E+00    9.4741E-01    0.0000E+00
      48.90000    1.8057E-02    0.0000E+00    9.4741E-01    0.0000E+00
      49.00000    1.8079E-02    0.0000E+00    9.4741E-01    0.0000E+00
      49.10000    1.8069E-02    0.0000E+00    9.4741E-01    0.0000E+00
      49.20000    1.8032E-02    0.0000E+00    9.4741E-01    0.0000E+00
      49.30000    1.7968E-02    0.0000E+00    9.4741E-01    0.0000E+00
      49.40000    1.7879E-02    0.0000E+00    9.4741E-01    0.0000E+00
      49.50000    1.7766E-02    0.0000E+00    9.4741E-01    0.0000E+00
      49.60000    1.7699E-02    0.0000E+00    9.5108E-01    0.0000E+00
      49.70000    1.8068E-02    0.0000E+00    9.7954E-01    0.0000E+00
      49.80000    1.8422E-02    0.0000E+00    1.0088E+00    0.0000E+00
      49.90000    1.8760E-02    0.0000E+00    1.0389E+00    0.0000E+00
      50.00000    1.9082E-02    0.0000E+00    1.0696E+00    0.0000E+00
      50.10000    1.9387E-02    0.0000E+00    1.1011E+00    0.0000E+00
      50.20000    1.9675E-02    0.0000E+00    1.1332E+00    0.0000E+00
      50.30000    1.9945E-02    0.0000E+00    1.1660E+00    0.0000E+00
      50.40000    2.0197E-02    0.0000E+00    1.1993E+00    0.0000E+00
      50.50000    2.0431E-02    0.0000E+00    1.2332E+00    0.0000E+00
      50.60000    2.0648E-02    0.0000E+00    1.2676E+00    0.0000E+00
      50.70000    2.0847E-02    0.0000E+00    1.3024E+00    0.0000E+00
      50.80000    2.1031E-02    0.0000E+00    1.3377E+00    0.0000E+00
      50.90000    2.1197E-02    0.0000E+00    1.3734E+00    0.0000E+00
      51.00000    2.1349E-02    0.0000E+00    1.4095E+00    0.0000E+00
      51.10000    2.1486E-02    0.0000E+00    1.4459E+00    0.0000E+00
      51.20000    2.1608E-02    0.0000E+00    1.4826E+00    0.0000E+00
      51.30000    2.1718E-02    0.0000E+00    1.5196E+00    0.0000E+00
      51.40000    2.1815E-02    0.0000E+00    1.5568E+00    0.0000E+00
      51.50000    2.1900E-02    0.0000E+00    1.5943E+00    0.0000E+00
      51.60000    2.1975E-02    0.0000E+00    1.6319E+00    0.0000E+00
      51.70000    2.2041E-02    0.0000E+00    1.6696E+00    0.0000E+00
      51.80000    2.2097E-02    0.0000E+00    1.7075E+00    0.0000E+00
      51.90000    2.2145E-02    0.0000E+00    1.7455E+00    0.0000E+00
      52.00000    2.2187E-02    0.0000E+00    1.7835E+00    0.0000E+00
      52.10000    2.1825E-02    0.0000E+00    1.7890E+00    0.0000E+00
      52.20000    2.1406E-02    0.0000E+00    1.7890E+00    0.0000E+00
      52.30000    2.1000E-02    0.0000E+00    1.7890E+00    0.0000E+00
      52.40000    2.0966E-02    0.0000E+00    1.8202E+00    0.0000E+00
      52.50000    2.0991E-02    0.0000E+00    1.8567E+00    0.0000E+00
      52.60000    2.1014E-02    0.0000E+00    1.8930E+00    0.0000E+00
      52.70000    2.1035E-02    0.0000E+00    1.9293E+00    0.0000E+00
      52.80000    2.1055E-02    0.0000E+00    1.9654E+00    0.0000E+00
      52.90000    2.1075E-02    0.0000E+00    2.0014E+00    0.0000E+00
      53.00000    2.1095E-02    0.0000E+00    2.0372E+00    0.0000E+00
      53.10000    2.1115E-02    0.0000E+00    2.0728E+00    0.0000E+00
      53.20000    2.1137E-02    0.0000E+00    2.1082E+00    0.0000E+00
      53.30000    2.1161E-02    0.0000E+00    2.1433E+00    0.0000E+00
      53.40000    2.1188E-02    0.0000E+00    2.1782E+00    0.0000E+00
      53.50000    2.1217E-02    0.0000E+00    2.2128E+00    0.0000E+00
      53.60000    2.1249E-02    0.0000E+00    2.2470E+00    0.0000E+00
      53.70000    2.1286E-02    0.0000E+00    2.2810E+00    0.0000E+00
      53.80000    2.1326E-02    0.0000E+00    2.3146E+00    0.0000E+00
      53.90000    2.1371E-02    0.0000E+00    2.3478E+00    0.0000E+00
      54.00000    2.1421E-02    0.0000E+00    2.3807E+00    0.0000E+00
      54.10000    2.1476E-02    0.0000E+00    2.4131E+00    0.0000E+00
      54.20000    2.1536E-02    0.0000E+00    2.4451E+00    0.0000E+00
      54.30000    2.1602E-02    0.0000E+00    2.4767E+00    0.0000E+00
      54.40000    2.1674E-02    0.0000E+00    2.5078E+00    0.0000E+00
      54.50000    2.1752E-02    0.0000E+00    2.5385E+00    0.0000E+00
      54.60000    2.1835E-02    0.0000E+00    2.5687E+00    0.0000E+00
      54.70000    2.1925E-02    0.0000E+00    2.5983E+00    0.0000E+00
      54.80000    2.1880E-02    0.0000E+00    2.6107E+00    0.0000E+00
      54.90000    2.1742E-02    0.0000E+00    2.6107E+00    0.0000E+00
      55.00000    2.1617E-02    0.0000E+00    2.6107E+00    0.0000E+00
      55.10000    2.1502E-02    0.0000E+00    2.6107E+00    0.0000E+00
      55.20000    2.1397E-02    0.0000E+00    2.6107E+00    0.0000E+00
      55.30000    2.1300E-02    0.0000E+00    2.6107E+00    0.0000E+00
      55.40000    2.1210E-02    0.0000E+00    2.6107E+00    0.0000E+00
      55.50000    2.1204E-02    0.0000E+00    2.6107E+00    0.0000E+00
      55.60000    2.1380E-02    0.0000E+00    2.6107E+00    0.0000E+00
      55.70000    2.1734E-02    0.0000E+00    2.6107E+00    0.0000E+00
      55.80000    2.2270E-02    0.0000E+00    2.6107E+00    0.0000E+00
      55.90000    2.2996E-02    0.0000E+00    2.6107E+00    0.0000E+00
      56.00000    2.3786E-02    0.0000E+00    2.6107E+00    0.0000E+00
      56.10000    2.4582E-02    0.0000E+00    2.6107E+00    0.0000E+00
      56.20000    2.5382E-02    0.0000E+00    2.6107E+00    0.0000E+00
      56.30000    2.6183E-02    0.0000E+00    2.6107E+00    0.0000E+00
      56.40000    2.6985E-02    0.0000E+00    2.6107E+00    0.0000E+00
      56.50000    2.7785E-02    0.0000E+00    2.6107E+00    0.0000E+00
      56.60000    2.8719E-02    0.0000E+00    2.6229E+00    0.0000E+00
      56.70000    2.9756E-02    0.0000E+00    2.6440E+00    0.0000E+00
      56.80000    3.0803E-02    0.0000E+00    2.6650E+00    0.0000E+00
      56.90000    3.1857E-02    0.0000E+00    2.6859E+00    0.0000E+00
      57.00000    3.2918E-02    0.0000E+00    2.7067E+00    0.0000E+00
      57.10000    3.3987E-02    0.0000E+00    2.7274E+00    0.0000E+00
      57.20000    3.5063E-02    0.0000E+00    2.7480E+00    0.0000E+00
      57.30000    3.6147E-02    0.0000E+00    2.7685E+00    0.0000E+00
      57.40000    3.7239E-02    0.0000E+00    2.7889E+00    0.0000E+00
      57.50000    3.8339E-02    0.0000E+00    2.8092E+00    0.0000E+00
      57.60000    3.9449E-02    0.0000E+00    2.8295E+00    0.0000E+00
      57.70000    4.0568E-02    0.0000E+00    2.8496E+00    0.0000E+00
      57.80000    4.1700E-02    0.0000E+00    2.8697E+00    0.0000E+00
      57.90000    4.2843E-02    0.0000E+00    2.8898E+00    0.0000E+00
      58.00000    4.4000E-02    0.0000E+00    2.9097E+00    0.0000E+00
      58.10000    4.5172E-02    0.0000E+00    2.9296E+00    0.0000E+00
      58.20000    4.6360E-02    0.0000E+00    2.9495E+00    0.0000E+00
      58.30000    4.7566E-02    0.0000E+00    2.9693E+00    0.0000E+00
      58.40000    4.8791E-02    0.0000E+00    2.9890E+00    0.0000E+00
      58.50000    5.0035E-02    0.0000E+00    3.0088E+00    0.0000E+00
      58.60000    5.1301E-02    0.0000E+00    3.0285E+00    0.0000E+00
      58.70000    5.2589E-02    0.0000E+00    3.0481E+00    0.0000E+00
      58.80000    5.3900E-02    0.0000E+00    3.0678E+00    0.0000E+00
      58.90000    5.5235E-02    0.0000E+00    3.0875E+00    0.0000E+00
      59.00000    5.6487E-02    0.0000E+00    3.1012E+00    0.0000E+00
      59.10000    5.7505E-02    0.0000E+00    3.1012E+00    0.0000E+00
      59.20000    5.8535E-02    0.0000E+00    3.1012E+00    0.0000E+00
      59.30000    5.9687E-02    0.0000E+00    3.1070E+00    0.0000E+00
      59.40000    6.1117E-02    0.0000E+00    3.1261E+00    0.0000E+00
      59.50000    6.2571E-02    0.0000E+00    3.1454E+00    0.0000E+00
      59.60000    6.4050E-02    0.0000E+00    3.1646E+00    0.0000E+00
      59.70000    6.5552E-02    0.0000E+00    3.1839E+00    0.0000E+00
      59.80000    6.7077E-02    0.0000E+00    3.2033E+00    0.0000E+00
      59.90000    6.8624E-02    0.0000E+00    3.2228E+00    0.0000E+00
      60.00000    7.0190E-02    0.0000E+00    3.2424E+00    0.0000E+00
      60.10000    7.1773E-02    0.0000E+00    3.2620E+00    0.0000E+00
      60.20000    7.3372E-02    0.0000E+00    3.2818E+00    0.0000E+00
      60.30000    7.4982E-02    0.0000E+00    3.3017E+00    0.0000E+00
      60.40000    7.6601E-02    0.0000E+00    3.3218E+00    0.0000E+00
      60.50000    7.8226E-02    0.0000E+00    3.3420E+00    0.0000E+00
      60.60000    7.9851E-02    0.0000E+00    3.3623E+00    0.0000E+00
      60.70000    8.1472E-02    0.0000E+00    3.3829E+00    0.0000E+00
      60.80000    8.3085E-02    0.0000E+00    3.4036E+00    0.0000E+00
      60.90000    8.4684E-02    0.0000E+00    3.4246E+00    0.0000E+00
      61.00000    8.6262E-02    0.0000E+00    3.4457E+00    0.0000E+00
      61.10000    8.7814E-02    0.0000E+00    3.4671E+00    0.0000E+00
      61.20000    8.9333E-02    0.0000E+00    3.4888E+00    0.0000E+00
      61.30000    9.0812E-02    0.0000E+00    3.5107E+00    0.0000E+00
      61.40000    9.2243E-02    0.0000E+00    3.5329E+00    0.0000E+00
      61.50000    9.3620E-02    0.0000E+00    3.5554E+00    0.0000E+00
      61.60000    9.4933E-02    0.0000E+00    3.5782E+00    0.0000E+00
      61.70000    9.6160E-02    0.0000E+00    3.6007E+00    0.0000E+00
      61.80000    9.6693E-02    0.0000E+00    3.6007E+00    0.0000E+00
      61.90000    9.7122E-02    0.0000E+00    3.6007E+00    0.0000E+00
      62.00000    9.7442E-02    0.0000E+00    3.6007E+00    0.0000E+00
      62.10000    9.7648E-02    0.0000E+00    3.6007E+00    0.0000E+00
      62.20000    9.7733E-02    0.0000E+00    3.6007E+00    0.0000E+00
      62.30000    9.7695E-02    0.0000E+00    3.6007E+00    0.0000E+00
      62.40000    9.7448E-02    0.0000E+00    3.6007E+00    0.0000E+00
      62.50000    9.6159E-02    0.0000E+00    3.6007E+00    0.0000E+00
      62.60000    9.3656E-02    0.0000E+00    3.6007E+00    0.0000E+00
      62.70000    9.0065E-02    0.0000E+00    3.6007E+00    0.0000E+00
      62.80000    8.5571E-02    0.0000E+00    3.6007E+00    0.0000E+00
      62.90000    8.0608E-02    0.0000E+00    3.6007E+00    0.0000E+00
      63.00000    7.5954E-02    0.0000E+00    3.6007E+00    0.0000E+00
      63.10000    7.1637E-02    0.0000E+00    3.6007E+00    0.0000E+00
      63.20000    6.7635E-02    0.0000E+00    3.6007E+00    0.0000E+00
      63.30000    6.3923E-02    0.0000E+00    3.6007E+00    0.0000E+00
      63.40000    6.0482E-02    0.0000E+00    3.6007E+00    0.0000E+00
      63.50000    5.7298E-02    0.0000E+00    3.6011E+00    0.0000E+00
      63.60000    5.4585E-02    0.0000E+00    3.6175E+00    0.0000E+00
      63.70000    5.2056E-02    0.0000E+00    3.6336E+00    0.0000E+00
      63.80000    4.9698E-02    0.0000E+00    3.6494E+00    0.0000E+00
      63.90000    4.7498E-02    0.0000E+00    3.6649E+00    0.0000E+00
      64.00000    4.5444E-02    0.0000E+00    3.6800E+00    0.0000E+00
      64.10000    4.3525E-02    0.0000E+00    3.6947E+00    0.0000E+00
      64.20000    4.1731E-02    0.0000E+00    3.7091E+00    0.0000E+00
      64.30000    4.0052E-02    0.0000E+00    3.7230E+00    0.0000E+00
      64.40000    3.8481E-02    0.0000E+00    3.7366E+00    0.0000E+00
      64.50000    3.7008E-02    0.0000E+00    3.7497E+00    0.0000E+00
      64.60000    3.5627E-02    0.0000E+00    3.7623E+00    0.0000E+00
      64.70000    3.4331E-02    0.0000E+00    3.7745E+00    0.0000E+00
      64.80000    3.3113E-02    0.0000E+00    3.7862E+00    0.0000E+00
      64.90000    3.1968E-02    0.0000E+00    3.7975E+00    0.0000E+00
      65.00000    3.0890E-02    0.0000E+00    3.8082E+00    0.0000E+00
      65.10000    2.9875E-02    0.0000E+00    3.8183E+00    0.0000E+00
      65.20000    2.8917E-02    0.0000E+00    3.8280E+00    0.0000E+00
      65.30000    2.8013E-02    0.0000E+00    3.8371E+00    0.0000E+00
      65.40000    2.7158E-02    0.0000E+00    3.8456E+00    0.0000E+00
      65.50000    2.6349E-02    0.0000E+00    3.8536E+00    0.0000E+00
      65.60000    2.5583E-02    0.0000E+00    3.8610E+00    0.0000E+00
      65.70000    2.4856E-02    0.0000E+00    3.8678E+00    0.0000E+00
      65.80000    2.4164E-02    0.0000E+00    3.8739E+00    0.0000E+00
      65.90000    2.3507E-02    0.0000E+00    3.8795E+00    0.0000E+00
      66.00000    2.2858E-02    0.0000E+00    3.8808E+00    0.0000E+00
      66.10000    2.2234E-02    0.0000E+00    3.8808E+00    0.0000E+00
      66.20000    2.1641E-02    0.0000E+00    3.8808E+00    0.0000E+00
      66.30000    2.1084E-02    0.0000E+00    3.8826E+00    0.0000E+00
      66.40000    2.0553E-02    0.0000E+00    3.8845E+00    0.0000E+00
      66.50000    2.0041E-02    0.0000E+00    3.8857E+00    0.0000E+00
      66.60000    1.9546E-02    0.0000E+00    3.8862E+00    0.0000E+00
      66.70000    1.9065E-02    0.0000E+00    3.8860E+00    0.0000E+00
      66.80000    1.8597E-02    0.0000E+00    3.8852E+00    0.0000E+00
      66.90000    1.8141E-02    0.0000E+00    3.8837E+00    0.0000E+00
      67.00000    1.7693E-02    0.0000E+00    3.8814E+00    0.0000E+00
      67.10000    1.7254E-02    0.0000E+00    3.8785E+00    0.0000E+00
      67.20000    1.6820E-02    0.0000E+00    3.8748E+00    0.0000E+00
      67.30000    1.6390E-02    0.0000E+00    3.8705E+00    0.0000E+00
      67.40000    1.5963E-02    0.0000E+00    3.8654E+00    0.0000E+00
      67.50000    1.5539E-02    0.0000E+00    3.8595E+00    0.0000E+00
      67.60000    1.5114E-02    0.0000E+00    3.8530E+00    0.0000E+00
      67.70000    1.4690E-02    0.0000E+00    3.8457E+00    0.0000E+00
      67.80000    1.4264E-02    0.0000E+00    3.8377E+00    0.0000E+00
      67.90000    1.3836E-02    0.0000E+00    3.8289E+00    0.0000E+00
      68.00000    1.3407E-02    0.0000E+00    3.8194E+00    0.0000E+00
      68.10000    1.2976E-02    0.0000E+00    3.8092E+00    0.0000E+00
      68.20000    1.2542E-02    0.0000E+00    3.7982E+00    0.0000E+00
      68.30000    1.2108E-02    0.0000E+00    3.7864E+00    0.0000E+00
      68.40000    1.1672E-02    0.0000E+00    3.7739E+00    0.0000E+00
      68.50000    1.1236E-02    0.0000E+00    3.7607E+00    0.0000E+00
      68.60000    1.0802E-02    0.0000E+00    3.7467E+00    0.0000E+00
      68.70000    1.0389E-02    0.0000E+00    3.7390E+00    0.0000E+00
      68.80000    1.0001E-02    0.0000E+00    3.7390E+00    0.0000E+00
      68.90000    9.6158E-03    0.0000E+00    3.7390E+00    0.0000E+00
      69.00000    9.2352E-03    0.0000E+00    3.7390E+00    0.0000E+00
      69.10000    8.8601E-03    0.0000E+00    3.7390E+00    0.0000E+00
      69.20000    8.4918E-03    0.0000E+00    3.7390E+00    0.0000E+00
      69.30000    8.1312E-03    0.0000E+00    3.7390E+00    0.0000E+00
      69.40000    7.8026E-03    0.0000E+00    3.7390E+00    0.0000E+00
      69.50000    7.5466E-03    0.0000E+00    3.7390E+00    0.0000E+00
      69.60000    7.3590E-03    0.0000E+00    3.7390E+00    0.0000E+00
      69.70000    7.2375E-03    0.0000E+00    3.7390E+00    0.0000E+00
      69.80000    7.1819E-03    0.0000E+00    3.7390E+00    0.0000E+00
      69.90000    7.1557E-03    0.0000E+00    3.7390E+00    0.0000E+00
      70.00000    7.1350E-03    0.0000E+00    3.7390E+00    0.0000E+00
      70.10000    7.1203E-03    0.0000E+00    3.7390E+00    0.0000E+00
      70.20000    7.1120E-03    0.0000E+00    3.7390E+00    0.0000E+00
      70.30000    7.1102E-03    0.0000E+00    3.7390E+00    0.0000E+00
      70.40000    7.1152E-03    0.0000E+00    3.7390E+00    0.0000E+00
      70.50000    7.0962E-03    0.0000E+00    3.7229E+00    0.0000E+00
      70.60000    7.0481E-03    0.0000E+00    3.6879E+00    0.0000E+00
      70.70000    7.0046E-03    0.0000E+00    3.6518E+00    0.0000E+00
      70.80000    6.9655E-03    0.0000E+00    3.6147E+00    0.0000E+00
      70.90000    6.9307E-03    0.0000E+00    3.5765E+00    0.0000E+00
      71.00000    6.9001E-03    0.0000E+00    3.5373E+00    0.0000E+00
      71.10000    6.8734E-03    0.0000E+00    3.4970E+00    0.0000E+00
      71.20000    6.8507E-03    0.0000E+00    3.4558E+00    0.0000E+00
      71.30000    6.8318E-03    0.0000E+00    3.4135E+00    0.0000E+00
      71.40000    6.8164E-03    0.0000E+00    3.3703E+00    0.0000E+00
      71.50000    6.8046E-03    0.0000E+00    3.3262E+00    0.0000E+00
      71.60000    6.7961E-03    0.0000E+00    3.2812E+00    0.0000E+00
      71.70000    6.7909E-03    0.0000E+00    3.2353E+00    0.0000E+00
      71.80000    6.7888E-03    0.0000E+00    3.1885E+00    0.0000E+00
      71.90000    6.7898E-03    0.0000E+00    3.1410E+00    0.0000E+00
      72.00000    6.7936E-03    0.0000E+00    3.0926E+00    0.0000E+00
      72.10000    6.8003E-03    0.0000E+00    3.0434E+00    0.0000E+00
      72.20000    6.8097E-03    0.0000E+00    2.9935E+00    0.0000E+00
      72.30000    6.8218E-03    0.0000E+00    2.9429E+00    0.0000E+00
      72.40000    6.8364E-03    0.0000E+00    2.8916E+00    0.0000E+00
      72.50000    6.8534E-03    0.0000E+00    2.8396E+00    0.0000E+00
      72.60000    6.8729E-03    0.0000E+00    2.7870E+00    0.0000E+00
      72.70000    6.8946E-03    0.0000E+00    2.7338E+00    0.0000E+00
      72.80000    6.9185E-03    0.0000E+00    2.6800E+00    0.0000E+00
      72.90000    6.9729E-03    0.0000E+00    2.6364E+00    0.0000E+00
      73.00000    7.1502E-03    0.0000E+00    2.6364E+00    0.0000E+00
      73.10000    7.3385E-03    0.0000E+00    2.6364E+00    0.0000E+00
      73.20000    7.5060E-03    0.0000E+00    2.6251E+00    0.0000E+00
      73.30000    7.5470E-03    0.0000E+00    2.5671E+00    0.0000E+00
      73.40000    7.5901E-03    0.0000E+00    2.5087E+00    0.0000E+00
      73.50000    7.6351E-03    0.0000E+00    2.4500E+00    0.0000E+00
      73.60000    7.6821E-03    0.0000E+00    2.3909E+00    0.0000E+00
      73.70000    7.7308E-03    0.0000E+00    2.3316E+00    0.0000E+00
      73.80000    7.7812E-03    0.0000E+00    2.2720E+00    0.0000E+00
      73.90000    7.8332E-03    0.0000E+00    2.2122E+00    0.0000E+00
      74.00000    7.8866E-03    0.0000E+00    2.1522E+00    0.0000E+00
      74.10000    7.9412E-03    0.0000E+00    2.0922E+00    0.0000E+00
      74.20000    7.9970E-03    0.0000E+00    2.0320E+00    0.0000E+00
      74.30000    8.0537E-03    0.0000E+00    1.9718E+00    0.0000E+00
      74.40000    8.1111E-03    0.0000E+00    1.9116E+00    0.0000E+00
      74.50000    8.1690E-03    0.0000E+00    1.8515E+00    0.0000E+00
      74.60000    8.2271E-03    0.0000E+00    1.7914E+00    0.0000E+00
      74.70000    8.2852E-03    0.0000E+00    1.7315E+00    0.0000E+00
      74.80000    8.3429E-03    0.0000E+00    1.6718E+00    0.0000E+00
      74.90000    8.3998E-03    0.0000E+00    1.6123E+00    0.0000E+00
      75.00000    8.4556E-03    0.0000E+00    1.5530E+00    0.0000E+00
      75.10000    8.5098E-03    0.0000E+00    1.4941E+00    0.0000E+00
      75.20000    8.5619E-03    0.0000E+00    1.4355E+00    0.0000E+00
      75.30000    8.6113E-03    0.0000E+00    1.3774E+00    0.0000E+00
      75.40000    8.6573E-03    0.0000E+00    1.3197E+00    0.0000E+00
      75.50000    8.6993E-03    0.0000E+00    1.2626E+00    0.0000E+00
      75.60000    8.7364E-03    0.0000E+00    1.2059E+00    0.0000E+00
      75.70000    9.1603E-03    0.0000E+00    1.2015E+00    0.0000E+00
      75.80000    9.6500E-03    0.0000E+00    1.2015E+00    0.0000E+00
      75.90000    1.0176E-02    0.0000E+00    1.2015E+00    0.0000E+00
      76.00000    1.0740E-02    0.0000E+00    1.2015E+00    0.0000E+00
      76.10000    1.1345E-02    0.0000E+00    1.2015E+00    0.0000E+00
      76.20000    1.1995E-02    0.0000E+00    1.2015E+00    0.0000E+00
      76.30000    1.2690E-02    0.0000E+00    1.2015E+00    0.0000E+00
      76.40000    1.3359E-02    0.0000E+00    1.2015E+00    0.0000E+00
      76.50000    1.3959E-02    0.0000E+00    1.2015E+00    0.0000E+00
      76.60000    1.4471E-02    0.0000E+00    1.2015E+00    0.0000E+00
      76.70000    1.4879E-02    0.0000E+00    1.2015E+00    0.0000E+00
      76.80000    1.5187E-02    0.0000E+00    1.2015E+00    0.0000E+00
      76.90000    1.5475E-02    0.0000E+00    1.2015E+00    0.0000E+00
      77.00000    1.5750E-02    0.0000E+00    1.2015E+00    0.0000E+00
      77.10000    1.6012E-02    0.0000E+00    1.2015E+00    0.0000E+00
      77.20000    1.6260E-02    0.0000E+00    1.2015E+00    0.0000E+00
      77.30000    1.6492E-02    0.0000E+00    1.2015E+00    0.0000E+00
      77.40000    1.6706E-02    0.0000E+00    1.2015E+00    0.0000E+00
      77.50000    1.6146E-02    0.0000E+00    1.1476E+00    0.0000E+00
      77.60000    1.5509E-02    0.0000E+00    1.0908E+00    0.0000E+00
      77.70000    1.4865E-02    0.0000E+00    1.0359E+00    0.0000E+00
      77.80000    1.4215E-02    0.0000E+00    9.8265E-01    0.0000E+00
      77.90000    1.3563E-02    0.0000E+00    9.3118E-01    0.0000E+00
      78.00000    1.2909E-02    0.0000E+00    8.8141E-01    0.0000E+00
      78.10000    1.2258E-02    0.0000E+00    8.3332E-01    0.0000E+00
      78.20000    1.1611E-02    0.0000E+00    7.8690E-01    0.0000E+00
      78.30000    1.0971E-02    0.0000E+00    7.4210E-01    0.0000E+00
      78.40000    1.0340E-02    0.0000E+00    6.9891E-01    0.0000E+00
      78.50000    9.7190E-03    0.0000E+00    6.5729E-01    0.0000E+00
      78.60000    9.1114E-03    0.0000E+00    6.1723E-01    0.0000E+00
      78.70000    8.5185E-03    0.0000E+00    5.7869E-01    0.0000E+00
      78.80000    7.9419E-03    0.0000E+00    5.4166E-01    0.0000E+00
      78.90000    7.3832E-03    0.0000E+00    5.0609E-01    0.0000E+00
      79.00000    6.8437E-03    0.0000E+00    4.7198E-01    0.0000E+00
      79.10000    6.3244E-03    0.0000E+00    4.3929E-01    0.0000E+00
      79.20000    5.8263E-03    0.0000E+00    4.0800E-01    0.0000E+00
      79.30000    5.3501E-03    0.0000E+00    3.7808E-01    0.0000E+00
      79.40000    4.8964E-03    0.0000E+00    3.4951E-01    0.0000E+00
      79.50000    4.4656E-03    0.0000E+00    3.2226E-01    0.0000E+00
      79.60000    4.0580E-03    0.0000E+00    2.9631E-01    0.0000E+00
      79.70000    3.6735E-03    0.0000E+00    2.7164E-01    0.0000E+00
      79.80000    3.3121E-03    0.0000E+00    2.4821E-01    0.0000E+00
      79.90000    3.1598E-03    0.0000E+00    2.4017E-01    0.0000E+00
      80.00000    3.1133E-03    0.0000E+00    2.4017E-01    0.0000E+00
      80.10000    3.0655E-03    0.0000E+00    2.4017E-01    0.0000E+00
      80.20000    2.8427E-03    0.0000E+00    2.2633E-01    0.0000E+00
      80.30000    2.5419E-03    0.0000E+00    2.0580E-01    0.0000E+00
      80.40000    2.2628E-03    0.0000E+00    1.8639E-01    0.0000E+00
      80.50000    2.0047E-03    0.0000E+00    1.6809E-01    0.0000E+00
      80.60000    1.7669E-03    0.0000E+00    1.5087E-01    0.0000E+00
      80.70000    1.5485E-03    0.0000E+00    1.3471E-01    0.0000E+00
      80.80000    1.3488E-03    0.0000E+00    1.1959E-01    0.0000E+00
      80.90000    1.1669E-03    0.0000E+00    1.0549E-01    0.0000E+00
      81.00000    1.0019E-03    0.0000E+00    9.2378E-02    0.0000E+00
      81.10000    8.5302E-04    0.0000E+00    8.0238E-02    0.0000E+00
      81.20000    7.1932E-04    0.0000E+00    6.9047E-02    0.0000E+00
      81.30000    5.9996E-04    0.0000E+00    5.8783E-02    0.0000E+00
      81.40000    4.9411E-04    0.0000E+00    4.9424E-02    0.0000E+00
      81.50000    4.0093E-04    0.0000E+00    4.0949E-02    0.0000E+00
      81.60000    3.1961E-04    0.0000E+00    3.3337E-02    0.0000E+00
      81.70000    2.4937E-04    0.0000E+00    2.6566E-02    0.0000E+00
      81.80000    1.8945E-04    0.0000E+00    2.0615E-02    0.0000E+00
      81.90000    1.3912E-04    0.0000E+00    1.5465E-02    0.0000E+00
      82.00000    9.7690E-05    0.0000E+00    1.1094E-02    0.0000E+00
      82.10000    6.4484E-05    0.0000E+00    7.4809E-03    0.0000E+00
      82.20000    3.8871E-05    0.0000E+00    4.6069E-03    0.0000E+00
      82.30000    2.0247E-05    0.0000E+00    2.4515E-03    0.0000E+00
      82.40000    8.0435E-06    0.0000E+00    9.9493E-04    0.0000E+00
      82.50000    1.7211E-06    0.0000E+00    2.1746E-04    0.0000E+00
      82.60000    5.2336E-07    0.0000E+00    6.7549E-05    0.0000E+00
      82.70000    5.1240E-07    0.0000E+00    6.7549E-05    0.0000E+00
      82.80000    5.0170E-07    0.0000E+00    6.7549E-05    0.0000E+00
      82.90000    4.9127E-07    0.0000E+00    6.7549E-05    0.0000E+00
      83.00000    4.8111E-07    0.0000E+00    6.7549E-05    0.0000E+00
      83.10000    4.7121E-07    0.0000E+00    6.7549E-05    0.0000E+00
      83.20000    4.6157E-07    0.0000E+00    6.7549E-05    0.0000E+00
      83.30000    4.5321E-07    0.0000E+00    6.7549E-05    0.0000E+00
      83.40000    4.4877E-07    0.0000E+00    6.7549E-05    0.0000E+00
      83.50000    4.4823E-07    0.0000E+00    6.7549E-05    0.0000E+00
      83.60000    4.5155E-07    0.0000E+00    6.7549E-05    0.0000E+00
      83.70000    4.5888E-07    0.0000E+00    6.7549E-05    0.0000E+00
      83.80000    4.6836E-07    0.0000E+00    6.7549E-05    0.0000E+00
      83.90000    4.7810E-07    0.0000E+00    6.7549E-05    0.0000E+00
      84.00000    4.8810E-07    0.0000E+00    6.7549E-05    0.0000E+00
      84.10000    4.9835E-07    0.0000E+00    6.7549E-05    0.0000E+00
      84.20000    5.0887E-07    0.0000E+00    6.7549E-05    0.0000E+00
      84.30000    5.1965E-07    0.0000E+00    6.7549E-05    0.0000E+00
      84.40000    5.3068E-07    0.0000E+00    6.7549E-05    0.0000E+00
      84.50000    5.4198E-07    0.0000E+00    6.7549E-05    0.0000E+00
      84.60000    5.5354E-07    0.0000E+00    6.7549E-05    0.0000E+00
      84.70000    5.6535E-07    0.0000E+00    6.7549E-05    0.0000E+00
      84.80000    5.7742E-07    0.0000E+00    6.7549E-05    0.0000E+00
      84.90000    5.8973E-07    0.0000E+00    6.7549E-05    0.0000E+00
      85.00000    6.0227E-07    0.0000E+00    6.7549E-05    0.0000E+00
      85.10000    6.1505E-07    0.0000E+00    6.7549E-05    0.0000E+00
      85.20000    6.2804E-07    0.0000E+00    6.7549E-05    0.0000E+00
      85.30000    6.4125E-07    0.0000E+00    6.7549E-05    0.0000E+00
      85.40000    6.5464E-07    0.0000E+00    6.7549E-05    0.0000E+00
      85.50000    6.6821E-07    0.0000E+00    6.7549E-05    0.0000E+00
      85.60000    6.8195E-07    0.0000E+00    6.7549E-05    0.0000E+00
      85.70000    6.9581E-07    0.0000E+00    6.7549E-05    0.0000E+00
      85.80000    7.0980E-07    0.0000E+00    6.7549E-05    0.0000E+00
      85.90000    7.2387E-07    0.0000E+00    6.7549E-05    0.0000E+00
      86.00000    7.3801E-07    0.0000E+00    6.7549E-05    0.0000E+00
      86.10000    7.5217E-07    0.0000E+00    6.7549E-05    0.0000E+00
      86.20000    7.6605E-07    0.0000E+00    6.7549E-05    0.0000E+00
      86.30000    7.7541E-07    0.0000E+00    6.7549E-05    0.0000E+00
      86.40000    7.7861E-07    0.0000E+00    6.7549E-05    0.0000E+00
      86.50000    7.7553E-07    0.0000E+00    6.7549E-05    0.0000E+00
      86.60000    7.6627E-07    0.0000E+00    6.7549E-05    0.0000E+00
      86.70000    7.5226E-07    0.0000E+00    6.7549E-05    0.0000E+00
      86.80000    7.3785E-07    0.0000E+00    6.7549E-05    0.0000E+00
      86.90000    7.2348E-07    0.0000E+00    6.7549E-05    0.0000E+00
      87.00000    7.0919E-07    0.0000E+00    6.7549E-05    0.0000E+00
      87.10000    6.9499E-07    0.0000E+00    6.7549E-05    0.0000E+00
      87.20000    6.8093E-07    0.0000E+00    6.7549E-05    0.0000E+00
      87.30000    6.6702E-07    0.0000E+00    6.7549E-05    0.0000E+00
      87.40000    6.5327E-07    0.0000E+00    6.7549E-05    0.0000E+00
      87.50000    6.3972E-07    0.0000E+00    6.7549E-05    0.0000E+00
      87.60000    6.2637E-07    0.0000E+00    6.7549E-05    0.0000E+00
      87.70000    6.1324E-07    0.0000E+00    6.7549E-05    0.0000E+00
      87.80000    6.0034E-07    0.0000E+00    6.7549E-05    0.0000E+00
      87.90000    5.8768E-07    0.0000E+00    6.7549E-05    0.0000E+00
      88.00000    5.7526E-07    0.0000E+00    6.7549E-05    0.0000E+00
      88.10000    5.6310E-07    0.0000E+00    6.7549E-05    0.0000E+00
      88.20000    5.5121E-07    0.0000E+00    6.7549E-05    0.0000E+00
      88.30000    5.3957E-07    0.0000E+00    6.7549E-05    0.0000E+00
      88.40000    5.2820E-07    0.0000E+00    6.7549E-05    0.0000E+00
      88.50000    5.1709E-07    0.0000E+00    6.7549E-05    0.0000E+00
      88.60000    5.0626E-07    0.0000E+00    6.7549E-05    0.0000E+00
      88.70000    4.9569E-07    0.0000E+00    6.7549E-05    0.0000E+00
      88.80000    4.8539E-07    0.0000E+00    6.7549E-05    0.0000E+00
      88.90000    4.7535E-07    0.0000E+00    6.7549E-05    0.0000E+00
      89.00000    4.6558E-07    0.0000E+00    6.7549E-05    0.0000E+00
      89.10000    4.5607E-07    0.0000E+00    6.7549E-05    0.0000E+00
      89.20000    4.4846E-07    0.0000E+00    6.7549E-05    0.0000E+00
      89.30000    4.4484E-07    0.0000E+00    6.7549E-05    0.0000E+00
      89.40000    4.4506E-07    0.0000E+00    6.7549E-05    0.0000E+00
      89.50000    4.4913E-07    0.0000E+00    6.7549E-05    0.0000E+00
      89.60000    4.5714E-07    0.0000E+00    6.7549E-05    0.0000E+00
      89.70000    4.6661E-07    0.0000E+00    6.7549E-05    0.0000E+00
      89.80000    4.7633E-07    0.0000E+00    6.7549E-05    0.0000E+00
      89.90000    4.8631E-07    0.0000E+00    6.7549E-05    0.0000E+00
      90.00000    4.9655E-07    0.0000E+00    6.7549E-05    0.0000E+00
      90.10000    5.0705E-07    0.0000E+00    6.7549E-05    0.0000E+00
      90.20000    5.1781E-07    0.0000E+00    6.7549E-05    0.0000E+00
      90.30000    5.2883E-07    0.0000E+00    6.7549E-05    0.0000E+00
      90.40000    5.4012E-07    0.0000E+00    6.7549E-05    0.0000E+00
      90.50000    5.5166E-07    0.0000E+00    6.7549E-05    0.0000E+00
      90.60000    5.6346E-07    0.0000E+00    6.7549E-05    0.0000E+00
      90.70000    5.7551E-07    0.0000E+00    6.7549E-05    0.0000E+00
      90.80000    5.8781E-07    0.0000E+00    6.7549E-05    0.0000E+00
      90.90000    6.0035E-07    0.0000E+00    6.7549E-05    0.0000E+00
      91.00000    6.1312E-07    0.0000E+00    6.7549E-05    0.0000E+00
      91.10000    6.2611E-07    0.0000E+00    6.7549E-05    0.0000E+00
      91.20000    6.3931E-07    0.0000E+00    6.7549E-05    0.0000E+00
      91.30000    6.5270E-07    0.0000E+00    6.7549E-05    0.0000E+00
      91.40000    6.6628E-07    0.0000E+00    6.7549E-05    0.0000E+00
      91.50000    6.8001E-07    0.0000E+00    6.7549E-05    0.0000E+00
      91.60000    6.9388E-07    0.0000E+00    6.7549E-05    0.0000E+00
      91.70000    7.0788E-07    0.0000E+00    6.7549E-05    0.0000E+00
      91.80000    7.2196E-07    0.0000E+00    6.7549E-05    0.0000E+00
      91.90000    7.3611E-07    0.0000E+00    6.7549E-05    0.0000E+00
      92.00000    7.5029E-07    0.0000E+00    6.7549E-05    0.0000E+00
      92.10000    7.6371E-07    0.0000E+00    6.7549E-05    0.0000E+00
      92.20000    7.7194E-07    0.0000E+00    6.7549E-05    0.0000E+00
      92.30000    7.7400E-07    0.0000E+00    6.7549E-05    0.0000E+00
      92.40000    7.6982E-07    0.0000E+00    6.7549E-05    0.0000E+00
      92.50000    7.5955E-07    0.0000E+00    6.7549E-05    0.0000E+00
      92.60000    7.4543E-07    0.0000E+00    6.7549E-05    0.0000E+00
      92.70000    7.3123E-07    0.0000E+00    6.7549E-05    0.0000E+00
      92.80000    7.1707E-07    0.0000E+00    6.7549E-05    0.0000E+00
      92.90000    7.0299E-07    0.0000E+00    6.7549E-05    0.0000E+00
      93.00000    6.8901E-07    0.0000E+00    6.7549E-05    0.0000E+00
      93.10000    6.7516E-07    0.0000E+00    6.7549E-05    0.0000E+00
      93.20000    6.6145E-07    0.0000E+00    6.7549E-05    0.0000E+00
      93.30000    6.4792E-07    0.0000E+00    6.7549E-05    0.0000E+00
      93.40000    6.3457E-07    0.0000E+00    6.7549E-05    0.0000E+00
      93.50000    6.2142E-07    0.0000E+00    6.7549E-05    0.0000E+00
      93.60000    6.0849E-07    0.0000E+00    6.7549E-05    0.0000E+00
      93.70000    5.9578E-07    0.0000E+00    6.7549E-05    0.0000E+00
      93.80000    5.8331E-07    0.0000E+00    6.7549E-05    0.0000E+00
      93.90000    5.7108E-07    0.0000E+00    6.7549E-05    0.0000E+00
      94.00000    5.5910E-07    0.0000E+00    6.7549E-05    0.0000E+00
      94.10000    5.4738E-07    0.0000E+00    6.7549E-05    0.0000E+00
      94.20000    5.3591E-07    0.0000E+00    6.7549E-05    0.0000E+00
      94.30000    5.2471E-07    0.0000E+00    6.7549E-05    0.0000E+00
      94.40000    5.1376E-07    0.0000E+00    6.7549E-05    0.0000E+00
      94.50000    5.0308E-07    0.0000E+00    6.7549E-05    0.0000E+00
      94.60000    4.9266E-07    0.0000E+00    6.7549E-05    0.0000E+00
      94.70000    4.8251E-07    0.0000E+00    6.7549E-05    0.0000E+00
      94.80000    4.7261E-07    0.0000E+00    6.7549E-05    0.0000E+00
      94.90000    4.6297E-07    0.0000E+00    6.7549E-05    0.0000E+00
      95.00000    4.5361E-07    0.0000E+00    6.7549E-05    0.0000E+00
      95.10000    4.4688E-07    0.0000E+00    6.7549E-05    0.0000E+00
      95.20000    4.4410E-07    0.0000E+00    6.7549E-05    0.0000E+00
      95.30000    4.4515E-07    0.0000E+00    6.7549E-05    0.0000E+00
      95.40000    4.5007E-07    0.0000E+00    6.7549E-05    0.0000E+00
      95.50000    4.5872E-07    0.0000E+00    6.7549E-05    0.0000E+00
      95.60000    4.6830E-07    0.0000E+00    6.7549E-05    0.0000E+00
      95.70000    4.7813E-07    0.0000E+00    6.7549E-05    0.0000E+00
      95.80000    4.8823E-07    0.0000E+00    6.7549E-05    0.0000E+00
      95.90000    4.9860E-07    0.0000E+00    6.7549E-05    0.0000E+00
      96.00000    5.0923E-07    0.0000E+00    6.7549E-05    0.0000E+00
      96.10000    5.2013E-07    0.0000E+00    6.7549E-05    0.0000E+00
      96.20000    5.3129E-07    0.0000E+00    6.7549E-05    0.0000E+00
      96.30000    5.4273E-07    0.0000E+00    6.7549E-05    0.0000E+00
      96.40000    5.5442E-07    0.0000E+00    6.7549E-05    0.0000E+00
      96.50000    5.6638E-07    0.0000E+00    6.7549E-05    0.0000E+00
      96.60000    5.7859E-07    0.0000E+00    6.7549E-05    0.0000E+00
      96.70000    5.9106E-07    0.0000E+00    6.7549E-05    0.0000E+00
      96.80000    6.0377E-07    0.0000E+00    6.7549E-05    0.0000E+00
      96.90000    6.1672E-07    0.0000E+00    6.7549E-05    0.0000E+00
      97.00000    6.2989E-07    0.0000E+00    6.7549E-05    0.0000E+00
      97.10000    6.4328E-07    0.0000E+00    6.7549E-05    0.0000E+00
      97.20000    6.5686E-07    0.0000E+00    6.7549E-05    0.0000E+00
      97.30000    6.7063E-07    0.0000E+00    6.7549E-05    0.0000E+00
      97.40000    6.8456E-07    0.0000E+00    6.7549E-05    0.0000E+00
      97.50000    6.9864E-07    0.0000E+00    6.7549E-05    0.0000E+00
      97.60000    7.1283E-07    0.0000E+00    6.7549E-05    0.0000E+00
      97.70000    7.2712E-07    0.0000E+00    6.7549E-05    0.0000E+00
      97.80000    7.4147E-07    0.0000E+00    6.7549E-05    0.0000E+00
      97.90000    7.5586E-07    0.0000E+00    6.7549E-05    0.0000E+00
      98.00000    7.6877E-07    0.0000E+00    6.7549E-05    0.0000E+00
      98.10000    7.7596E-07    0.0000E+00    6.7549E-05    0.0000E+00
      98.20000    7.7693E-07    0.0000E+00    6.7549E-05    0.0000E+00
      98.30000    7.7164E-07    0.0000E+00    6.7549E-05    0.0000E+00
      98.40000    7.6029E-07    0.0000E+00    6.7549E-05    0.0000E+00
      98.50000    7.4615E-07    0.0000E+00    6.7549E-05    0.0000E+00
      98.60000    7.3201E-07    0.0000E+00    6.7549E-05    0.0000E+00
      98.70000    7.1791E-07    0.0000E+00    6.7549E-05    0.0000E+00
      98.80000    7.0388E-07    0.0000E+00    6.7549E-05    0.0000E+00
      98.90000    6.8996E-07    0.0000E+00    6.7549E-05    0.0000E+00
      99.00000    6.7615E-07    0.0000E+00    6.7549E-05    0.0000E+00
      99.10000    6.6249E-07    0.0000E+00    6.7549E-05    0.0000E+00
      99.20000    6.4900E-07    0.0000E+00    6.7549E-05    0.0000E+00
      99.30000    6.3569E-07    0.0000E+00    6.7549E-05    0.0000E+00
      99.40000    6.2258E-07    0.0000E+00    6.7549E-05    0.0000E+00
      99.50000    6.0968E-07    0.0000E+00    6.7549E-05    0.0000E+00
      99.60000    5.9700E-07    0.0000E+00    6.7549E-05    0.0000E+00
      99.70000    5.8455E-07    0.0000E+00    6.7549E-05    0.0000E+00
      99.80000    5.7235E-07    0.0000E+00    6.7549E-05    0.0000E+00
      99.90000    5.6039E-07    0.0000E+00    6.7549E-05    0.0000E+00
     100.00000    5.4868E-07    0.0000E+00    6.7549E-05    0.0000E+00
     100.10000    5.3723E-07    0.0000E+00    6.7549E-05    0.0000E+00
     100.20000    5.2604E-07    0.0000E+00    6.7549E-05    0.0000E+00
     100.30000    5.1511E-07    0.0000E+00    6.7549E-05    0.0000E+00
     100.40000    5.0444E-07    0.0000E+00    6.7549E-05    0.0000E+00
     100.50000    4.9403E-07    0.0000E+00    6.7549E-05    0.0000E+00
     100.60000    4.8388E-07    0.0000E+00    6.7549E-05    0.0000E+00
     100.70000    4.7399E-07    0.0000E+00    6.7549E-05    0.0000E+00
     100.80000    4.6436E-07    0.0000E+00    6.7549E-05    0.0000E+00
     100.90000    4.5518E-07    0.0000E+00    6.7549E-05    0.0000E+00
     101.00000    4.4923E-07    0.0000E+00    6.7549E-05    0.0000E+00
     101.10000    4.4722E-07    0.0000E+00    6.7549E-05    0.0000E+00
     101.20000    4.4906E-07    0.0000E+00    6.7549E-05    0.0000E+00
     101.30000    4.5483E-07    0.0000E+00    6.7549E-05    0.0000E+00
     101.40000    4.6399E-07    0.0000E+00    6.7549E-05    0.0000E+00
     101.50000    4.7370E-07    0.0000E+00    6.7549E-05    0.0000E+00
     101.60000    4.8368E-07    0.0000E+00    6.7549E-05    0.0000E+00
     101.70000    4.9392E-07    0.0000E+00    6.7549E-05    0.0000E+00
     101.80000    5.0442E-07    0.0000E+00    6.7549E-05    0.0000E+00
     101.90000    5.1520E-07    0.0000E+00    6.7549E-05    0.0000E+00
     102.00000    5.2624E-07    0.0000E+00    6.7549E-05    0.0000E+00
     102.10000    5.3755E-07    0.0000E+00    6.7549E-05    0.0000E+00
     102.20000    5.4912E-07    0.0000E+00    6.7549E-05    0.0000E+00
     102.30000    5.6096E-07    0.0000E+00    6.7549E-05    0.0000E+00
     102.40000    5.7306E-07    0.0000E+00    6.7549E-05    0.0000E+00
     102.50000    5.8541E-07    0.0000E+00    6.7549E-05    0.0000E+00
     102.60000    5.9802E-07    0.0000E+00    6.7549E-05    0.0000E+00
     102.70000    6.1087E-07    0.0000E+00    6.7549E-05    0.0000E+00
     102.80000    6.2394E-07    0.0000E+00    6.7549E-05    0.0000E+00
     102.90000    6.3724E-07    0.0000E+00    6.7549E-05    0.0000E+00
     103.00000    6.5075E-07    0.0000E+00    6.7549E-05    0.0000E+00
     103.10000    6.6445E-07    0.0000E+00    6.7549E-05    0.0000E+00
     103.20000    6.7833E-07    0.0000E+00    6.7549E-05    0.0000E+00
     103.30000    6.9236E-07    0.0000E+00    6.7549E-05    0.0000E+00
     103.40000    7.0653E-07    0.0000E+00    6.7549E-05    0.0000E+00
     103.50000    7.2080E-07    0.0000E+00    6.7549E-05    0.0000E+00
     103.60000    7.3516E-07    0.0000E+00    6.7549E-05    0.0000E+00
     103.70000    7.4956E-07    0.0000E+00    6.7549E-05    0.0000E+00
     103.80000    7.6399E-07    0.0000E+00    6.7549E-05    0.0000E+00
     103.90000    7.7596E-07    0.0000E+00    6.7549E-05    0.0000E+00
     104.00000    7.8189E-07    0.0000E+00    6.7549E-05    0.0000E+00
     104.10000    7.8151E-07    0.0000E+00    6.7549E-05    0.0000E+00
     104.20000    7.7485E-07    0.0000E+00    6.7549E-05    0.0000E+00
     104.30000    7.6231E-07    0.0000E+00    6.7549E-05    0.0000E+00
     104.40000    7.4797E-07    0.0000E+00    6.7549E-05    0.0000E+00
     104.50000    7.3366E-07    0.0000E+00    6.7549E-05    0.0000E+00
     104.60000    7.1940E-07    0.0000E+00    6.7549E-05    0.0000E+00
     104.70000    7.0521E-07    0.0000E+00    6.7549E-05    0.0000E+00
     104.80000    6.9113E-07    0.0000E+00    6.7549E-05    0.0000E+00
     104.90000    6.7718E-07    0.0000E+00    6.7549E-05    0.0000E+00
     105.00000    6.6339E-07    0.0000E+00    6.7549E-05    0.0000E+00
     105.10000    6.4977E-07    0.0000E+00    6.7549E-05    0.0000E+00
     105.20000    6.3633E-07    0.0000E+00    6.7549E-05    0.0000E+00
     105.30000    6.2311E-07    0.0000E+00    6.7549E-05    0.0000E+00
     105.40000    6.1010E-07    0.0000E+00    6.7549E-05    0.0000E+00
     105.50000    5.9732E-07    0.0000E+00    6.7549E-05    0.0000E+00
     105.60000    5.8478E-07    0.0000E+00    6.7549E-05    0.0000E+00
     105.70000    5.7249E-07    0.0000E+00    6.7549E-05    0.0000E+00
     105.80000    5.6045E-07    0.0000E+00    6.7549E-05    0.0000E+00
     105.90000    5.4866E-07    0.0000E+00    6.7549E-05    0.0000E+00
     106.00000    5.3714E-07    0.0000E+00    6.7549E-05    0.0000E+00
     106.10000    5.2589E-07    0.0000E+00    6.7549E-05    0.0000E+00
     106.20000    5.1489E-07    0.0000E+00    6.7549E-05    0.0000E+00
     106.30000    5.0417E-07    0.0000E+00    6.7549E-05    0.0000E+00
     106.40000    4.9370E-07    0.0000E+00    6.7549E-05    0.0000E+00
     106.50000    4.8351E-07    0.0000E+00    6.7549E-05    0.0000E+00
     106.60000    4.7357E-07    0.0000E+00    6.7549E-05    0.0000E+00
     106.70000    4.6389E-07    0.0000E+00    6.7549E-05    0.0000E+00
     106.80000    4.5501E-07    0.0000E+00    6.7549E-05    0.0000E+00
     106.90000    4.4979E-07    0.0000E+00    6.7549E-05    0.0000E+00
     107.00000    4.4849E-07    0.0000E+00    6.7549E-05    0.0000E+00
     107.10000    4.5106E-07    0.0000E+00    6.7549E-05    0.0000E+00
     107.20000    4.5759E-07    0.0000E+00    6.7549E-05    0.0000E+00
     107.30000    4.6699E-07    0.0000E+00    6.7549E-05    0.0000E+00
     107.40000    4.7671E-07    0.0000E+00    6.7549E-05    0.0000E+00
     107.50000    4.8669E-07    0.0000E+00    6.7549E-05    0.0000E+00
     107.60000    4.9693E-07    0.0000E+00    6.7549E-05    0.0000E+00
     107.70000    5.0743E-07    0.0000E+00    6.7549E-05    0.0000E+00
     107.80000    5.1820E-07    0.0000E+00    6.7549E-05    0.0000E+00
     107.90000    5.2922E-07    0.0000E+00    6.7549E-05    0.0000E+00
     108.00000    5.4051E-07    0.0000E+00    6.7549E-05    0.0000E+00
     108.10000    5.5206E-07    0.0000E+00    6.7549E-05    0.0000E+00
     108.20000    5.6387E-07    0.0000E+00    6.7549E-05    0.0000E+00
     108.30000    5.7593E-07    0.0000E+00    6.7549E-05    0.0000E+00
     108.40000    5.8824E-07    0.0000E+00    6.7549E-05    0.0000E+00
     108.50000    6.0079E-07    0.0000E+00    6.7549E-05    0.0000E+00
     108.60000    6.1357E-07    0.0000E+00    6.7549E-05    0.0000E+00
     108.70000    6.2658E-07    0.0000E+00    6.7549E-05    0.0000E+00
     108.80000    6.3979E-07    0.0000E+00    6.7549E-05    0.0000E+00
     108.90000    6.5321E-07    0.0000E+00    6.7549E-05    0.0000E+00
     109.00000    6.6680E-07    0.0000E+00    6.7549E-05    0.0000E+00
     109.10000    6.8056E-07    0.0000E+00    6.7549E-05    0.0000E+00
     109.20000    6.9446E-07    0.0000E+00    6.7549E-05    0.0000E+00
     109.30000    7.0848E-07    0.0000E+00    6.7549E-05    0.0000E+00
     109.40000    7.2259E-07    0.0000E+00    6.7549E-05    0.0000E+00
     109.50000    7.3678E-07    0.0000E+00    6.7549E-05    0.0000E+00
     109.60000    7.5099E-07    0.0000E+00    6.7549E-05    0.0000E+00
     109.70000    7.6518E-07    0.0000E+00    6.7549E-05    0.0000E+00
     109.80000    7.7578E-07    0.0000E+00    6.7549E-05    0.0000E+00
     109.90000    7.8026E-07    0.0000E+00    6.7549E-05    0.0000E+00
     110.00000    7.7845E-07    0.0000E+00    6.7549E-05    0.0000E+00
     110.10000    7.7040E-07    0.0000E+00    6.7549E-05    0.0000E+00
     110.20000    7.5693E-07    0.0000E+00    6.7549E-05    0.0000E+00
     110.30000    7.4249E-07    0.0000E+00    6.7549E-05    0.0000E+00
     110.40000    7.2808E-07    0.0000E+00    6.7549E-05    0.0000E+00
     110.50000    7.1374E-07    0.0000E+00    6.7549E-05    0.0000E+00
     110.60000    6.9949E-07    0.0000E+00    6.7549E-05    0.0000E+00
     110.70000    6.8537E-07    0.0000E+00    6.7549E-05    0.0000E+00
     110.80000    6.7139E-07    0.0000E+00    6.7549E-05    0.0000E+00
     110.90000    6.5757E-07    0.0000E+00    6.7549E-05    0.0000E+00
     111.00000    6.4394E-07    0.0000E+00    6.7549E-05    0.0000E+00
     111.10000    6.3052E-07    0.0000E+00    6.7549E-05    0.0000E+00
     111.20000    6.1730E-07    0.0000E+00    6.7549E-05    0.0000E+00
     111.30000    6.0432E-07    0.0000E+00    6.7549E-05    0.0000E+00
     111.40000    5.9157E-07    0.0000E+00    6.7549E-05    0.0000E+00
     111.50000    5.7907E-07    0.0000E+00    6.7549E-05    0.0000E+00
     111.60000    5.6682E-07    0.0000E+00    6.7549E-05    0.0000E+00
     111.70000    5.5483E-07    0.0000E+00    6.7549E-05    0.0000E+00
     111.80000    5.4310E-07    0.0000E+00    6.7549E-05    0.0000E+00
     111.90000    5.3164E-07    0.0000E+00    6.7549E-05    0.0000E+00
     112.00000    5.2044E-07    0.0000E+00    6.7549E-05    0.0000E+00
     112.10000    5.0952E-07    0.0000E+00    6.7549E-05    0.0000E+00
     112.20000    4.9886E-07    0.0000E+00    6.7549E-05    0.0000E+00
     112.30000    4.8847E-07    0.0000E+00    6.7549E-05    0.0000E+00
     112.40000    4.7835E-07    0.0000E+00    6.7549E-05    0.0000E+00
     112.50000    4.6849E-07    0.0000E+00    6.7549E-05    0.0000E+00
     112.60000    4.5889E-07    0.0000E+00    6.7549E-05    0.0000E+00
     112.70000    4.5057E-07    0.0000E+00    6.7549E-05    0.0000E+00
     112.80000    4.4614E-07    0.0000E+00    6.7549E-05    0.0000E+00
     112.90000    4.4559E-07    0.0000E+00    6.7549E-05    0.0000E+00
     113.00000    4.4887E-07    0.0000E+00    6.7549E-05    0.0000E+00
     113.10000    4.5615E-07    0.0000E+00    6.7549E-05    0.0000E+00
     113.20000    4.6557E-07    0.0000E+00    6.7549E-05    0.0000E+00
     113.30000    4.7524E-07    0.0000E+00    6.7549E-05    0.0000E+00
     113.40000    4.8517E-07    0.0000E+00    6.7549E-05    0.0000E+00
     113.50000    4.9535E-07    0.0000E+00    6.7549E-05    0.0000E+00
     113.60000    5.0580E-07    0.0000E+00    6.7549E-05    0.0000E+00
     113.70000    5.1650E-07    0.0000E+00    6.7549E-05    0.0000E+00
     113.80000    5.2747E-07    0.0000E+00    6.7549E-05    0.0000E+00
     113.90000    5.3870E-07    0.0000E+00    6.7549E-05    0.0000E+00
     114.00000    5.5018E-07    0.0000E+00    6.7549E-05    0.0000E+00
     114.10000    5.6192E-07    0.0000E+00    6.7549E-05    0.0000E+00
     114.20000    5.7391E-07    0.0000E+00    6.7549E-05    0.0000E+00
     114.30000    5.8614E-07    0.0000E+00    6.7549E-05    0.0000E+00
     114.40000    5.9861E-07    0.0000E+00    6.7549E-05    0.0000E+00
     114.50000    6.1132E-07    0.0000E+00    6.7549E-05    0.0000E+00
     114.60000    6.2424E-07    0.0000E+00    6.7549E-05    0.0000E+00
     114.70000    6.3737E-07    0.0000E+00    6.7549E-05    0.0000E+00
     114.80000    6.5070E-07    0.0000E+00    6.7549E-05    0.0000E+00
     114.90000    6.6420E-07    0.0000E+00    6.7549E-05    0.0000E+00
     115.00000    6.7787E-07    0.0000E+00    6.7549E-05    0.0000E+00
     115.10000    6.9168E-07    0.0000E+00    6.7549E-05    0.0000E+00
     115.20000    7.0560E-07    0.0000E+00    6.7549E-05    0.0000E+00
     115.30000    7.1962E-07    0.0000E+00    6.7549E-05    0.0000E+00
     115.40000    7.3370E-07    0.0000E+00    6.7549E-05    0.0000E+00
     115.50000    7.4782E-07    0.0000E+00    6.7549E-05    0.0000E+00
     115.60000    7.6166E-07    0.0000E+00    6.7549E-05    0.0000E+00
     115.70000    7.7101E-07    0.0000E+00    6.7549E-05    0.0000E+00
     115.80000    7.7424E-07    0.0000E+00    6.7549E-05    0.0000E+00
     115.90000    7.7122E-07    0.0000E+00    6.7549E-05    0.0000E+00
     116.00000    7.6207E-07    0.0000E+00    6.7549E-05    0.0000E+00
     116.10000    7.4820E-07    0.0000E+00    6.7549E-05    0.0000E+00
     116.20000    7.3392E-07    0.0000E+00    6.7549E-05    0.0000E+00
     116.30000    7.1968E-07    0.0000E+00    6.7549E-05    0.0000E+00
     116.40000    7.0552E-07    0.0000E+00    6.7549E-05    0.0000E+00
     116.50000    6.9145E-07    0.0000E+00    6.7549E-05    0.0000E+00
     116.60000    6.7752E-07    0.0000E+00    6.7549E-05    0.0000E+00
     116.70000    6.6373E-07    0.0000E+00    6.7549E-05    0.0000E+00
     116.80000    6.5011E-07    0.0000E+00    6.7549E-05    0.0000E+00
     116.90000    6.3667E-07    0.0000E+00    6.7549E-05    0.0000E+00
     117.00000    6.2344E-07    0.0000E+00    6.7549E-05    0.0000E+00
     117.10000    6.1042E-07    0.0000E+00    6.7549E-05    0.0000E+00
     117.20000    5.9763E-07    0.0000E+00    6.7549E-05    0.0000E+00
     117.30000    5.8508E-07    0.0000E+00    6.7549E-05    0.0000E+00
     117.40000    5.7277E-07    0.0000E+00    6.7549E-05    0.0000E+00
     117.50000    5.6071E-07    0.0000E+00    6.7549E-05    0.0000E+00
     117.60000    5.4891E-07    0.0000E+00    6.7549E-05    0.0000E+00
     117.70000    5.3737E-07    0.0000E+00    6.7549E-05    0.0000E+00
     117.80000    5.2609E-07    0.0000E+00    6.7549E-05    0.0000E+00
     117.90000    5.1508E-07    0.0000E+00    6.7549E-05    0.0000E+00
     118.00000    5.0433E-07    0.0000E+00    6.7549E-05    0.0000E+00
     118.10000    4.9384E-07    0.0000E+00    6.7549E-05    0.0000E+00
     118.20000    4.8362E-07    0.0000E+00    6.7549E-05    0.0000E+00
     118.30000    4.7366E-07    0.0000E+00    6.7549E-05    0.0000E+00
     118.40000    4.6396E-07    0.0000E+00    6.7549E-05    0.0000E+00
     118.50000    4.5451E-07    0.0000E+00    6.7549E-05    0.0000E+00
     118.60000    4.4697E-07    0.0000E+00    6.7549E-05    0.0000E+00
     118.70000    4.4340E-07    0.0000E+00    6.7549E-05    0.0000E+00
     118.80000    4.4365E-07    0.0000E+00    6.7549E-05    0.0000E+00
     118.90000    4.4775E-07    0.0000E+00    6.7549E-05    0.0000E+00
     119.00000    4.5578E-07    0.0000E+00    6.7549E-05    0.0000E+00
     119.10000    4.6525E-07    0.0000E+00    6.7549E-05    0.0000E+00
     119.20000    4.7499E-07    0.0000E+00    6.7549E-05    0.0000E+00
     119.30000    4.8499E-07    0.0000E+00    6.7549E-05    0.0000E+00
     119.40000    4.9524E-07    0.0000E+00    6.7549E-05    0.0000E+00
     119.50000    5.0576E-07    0.0000E+00    6.7549E-05    0.0000E+00
     119.60000    5.1655E-07    0.0000E+00    6.7549E-05    0.0000E+00
     119.70000    5.2760E-07    0.0000E+00    6.7549E-05    0.0000E+00
     119.80000    5.3892E-07    0.0000E+00    6.7549E-05    0.0000E+00
     119.90000    5.5049E-07    0.0000E+00    6.7549E-05    0.0000E+00
     120.00000    5.6233E-07    0.0000E+00    6.7549E-05    0.0000E+00
     120.10000    5.7442E-07    0.0000E+00    6.7549E-05    0.0000E+00
     120.20000    5.8676E-07    0.0000E+00    6.7549E-05    0.0000E+00
     120.30000    5.9935E-07    0.0000E+00    6.7549E-05    0.0000E+00
     120.40000    6.1217E-07    0.0000E+00    6.7549E-05    0.0000E+00
     120.50000    6.2522E-07    0.0000E+00    6.7549E-05    0.0000E+00
     120.60000    6.3848E-07    0.0000E+00    6.7549E-05    0.0000E+00
     120.70000    6.5194E-07    0.0000E+00    6.7549E-05    0.0000E+00
     120.80000    6.6558E-07    0.0000E+00    6.7549E-05    0.0000E+00
     120.90000    6.7939E-07    0.0000E+00    6.7549E-05    0.0000E+00
     121.00000    6.9335E-07    0.0000E+00    6.7549E-05    0.0000E+00
     121.10000    7.0743E-07    0.0000E+00    6.7549E-05    0.0000E+00
     121.20000    7.2160E-07    0.0000E+00    6.7549E-05    0.0000E+00
     121.30000    7.3585E-07    0.0000E+00    6.7549E-05    0.0000E+00
     121.40000    7.5013E-07    0.0000E+00    6.7549E-05    0.0000E+00
     121.50000    7.6366E-07    0.0000E+00    6.7549E-05    0.0000E+00
     121.60000    7.7200E-07    0.0000E+00    6.7549E-05    0.0000E+00
     121.70000    7.7417E-07    0.0000E+00    6.7549E-05    0.0000E+00
     121.80000    7.7010E-07    0.0000E+00    6.7549E-05    0.0000E+00
     121.90000    7.5994E-07    0.0000E+00    6.7549E-05    0.0000E+00
     122.00000    7.4591E-07    0.0000E+00    6.7549E-05    0.0000E+00
     122.10000    7.3180E-07    0.0000E+00    6.7549E-05    0.0000E+00
     122.20000    7.1772E-07    0.0000E+00    6.7549E-05    0.0000E+00
     122.30000    7.0371E-07    0.0000E+00    6.7549E-05    0.0000E+00
     122.40000    6.8980E-07    0.0000E+00    6.7549E-05    0.0000E+00
     122.50000    6.7601E-07    0.0000E+00    6.7549E-05    0.0000E+00
     122.60000    6.6237E-07    0.0000E+00    6.7549E-05    0.0000E+00
     122.70000    6.4889E-07    0.0000E+00    6.7549E-05    0.0000E+00
     122.80000    6.3559E-07    0.0000E+00    6.7549E-05    0.0000E+00
     122.90000    6.2248E-07    0.0000E+00    6.7549E-05    0.0000E+00
     123.00000    6.0959E-07    0.0000E+00    6.7549E-05    0.0000E+00
     123.10000    5.9691E-07    0.0000E+00    6.7549E-05    0.0000E+00
     123.20000    5.8447E-07    0.0000E+00    6.7549E-05    0.0000E+00
     123.30000    5.7227E-07    0.0000E+00    6.7549E-05    0.0000E+00
     123.40000    5.6032E-07    0.0000E+00    6.7549E-05    0.0000E+00
     123.50000    5.4861E-07    0.0000E+00    6.7549E-05    0.0000E+00
     123.60000    5.3716E-07    0.0000E+00    6.7549E-05    0.0000E+00
     123.70000    5.2597E-07    0.0000E+00    6.7549E-05    0.0000E+00
     123.80000    5.1504E-07    0.0000E+00    6.7549E-05    0.0000E+00
     123.90000    5.0437E-07    0.0000E+00    6.7549E-05    0.0000E+00
     124.00000    4.9396E-07    0.0000E+00    6.7549E-05    0.0000E+00
     124.10000    4.8381E-07    0.0000E+00    6.7549E-05    0.0000E+00
     124.20000    4.7392E-07    0.0000E+00    6.7549E-05    0.0000E+00
     124.30000    4.6428E-07    0.0000E+00    6.7549E-05    0.0000E+00
     124.40000    4.5492E-07    0.0000E+00    6.7549E-05    0.0000E+00
     124.50000    4.4820E-07    0.0000E+00    6.7549E-05    0.0000E+00
     124.60000    4.4544E-07    0.0000E+00    6.7549E-05    0.0000E+00
     124.70000    4.4651E-07    0.0000E+00    6.7549E-05    0.0000E+00
     124.80000    4.5147E-07    0.0000E+00    6.7549E-05    0.0000E+00
     124.90000    4.6017E-07    0.0000E+00    6.7549E-05    0.0000E+00
     125.00000    4.6981E-07    0.0000E+00    6.7549E-05    0.0000E+00
     125.10000    4.7970E-07    0.0000E+00    6.7549E-05    0.0000E+00
     125.20000    4.8986E-07    0.0000E+00    6.7549E-05    0.0000E+00
     125.30000    5.0029E-07    0.0000E+00    6.7549E-05    0.0000E+00
     125.40000    5.1098E-07    0.0000E+00    6.7549E-05    0.0000E+00
     125.50000    5.2194E-07    0.0000E+00    6.7549E-05    0.0000E+00
     125.60000    5.3317E-07    0.0000E+00    6.7549E-05    0.0000E+00
     125.70000    5.4467E-07    0.0000E+00    6.7549E-05    0.0000E+00
     125.80000    5.5643E-07    0.0000E+00    6.7549E-05    0.0000E+00
     125.90000    5.6846E-07    0.0000E+00    6.7549E-05    0.0000E+00
     126.00000    5.8074E-07    0.0000E+00    6.7549E-05    0.0000E+00
     126.10000    5.9328E-07    0.0000E+00    6.7549E-05    0.0000E+00
     126.20000    6.0606E-07    0.0000E+00    6.7549E-05    0.0000E+00
     126.30000    6.1908E-07    0.0000E+00    6.7549E-05    0.0000E+00
     126.40000    6.3232E-07    0.0000E+00    6.7549E-05    0.0000E+00
     126.50000    6.4578E-07    0.0000E+00    6.7549E-05    0.0000E+00
     126.60000    6.5943E-07    0.0000E+00    6.7549E-05    0.0000E+00
     126.70000    6.7327E-07    0.0000E+00    6.7549E-05    0.0000E+00
     126.80000    6.8727E-07    0.0000E+00    6.7549E-05    0.0000E+00
     126.90000    7.0141E-07    0.0000E+00    6.7549E-05    0.0000E+00
     127.00000    7.1567E-07    0.0000E+00    6.7549E-05    0.0000E+00
     127.10000    7.3003E-07    0.0000E+00    6.7549E-05    0.0000E+00
     127.20000    7.4444E-07    0.0000E+00    6.7549E-05    0.0000E+00
     127.30000    7.5889E-07    0.0000E+00    6.7549E-05    0.0000E+00
     127.40000    7.7185E-07    0.0000E+00    6.7549E-05    0.0000E+00
     127.50000    7.7906E-07    0.0000E+00    6.7549E-05    0.0000E+00
     127.60000    7.8003E-07    0.0000E+00    6.7549E-05    0.0000E+00
     127.70000    7.7470E-07    0.0000E+00    6.7549E-05    0.0000E+00
     127.80000    7.6329E-07    0.0000E+00    6.7549E-05    0.0000E+00
     127.90000    7.4907E-07    0.0000E+00    6.7549E-05    0.0000E+00
     128.00000    7.3486E-07    0.0000E+00    6.7549E-05    0.0000E+00
     128.10000    7.2068E-07    0.0000E+00    6.7549E-05    0.0000E+00
     128.20000    7.0658E-07    0.0000E+00    6.7549E-05    0.0000E+00
     128.30000    6.9257E-07    0.0000E+00    6.7549E-05    0.0000E+00
     128.40000    6.7869E-07    0.0000E+00    6.7549E-05    0.0000E+00
     128.50000    6.6495E-07    0.0000E+00    6.7549E-05    0.0000E+00
     128.60000    6.5138E-07    0.0000E+00    6.7549E-05    0.0000E+00
     128.70000    6.3799E-07    0.0000E+00    6.7549E-05    0.0000E+00
     128.80000    6.2481E-07    0.0000E+00    6.7549E-05    0.0000E+00
     128.90000    6.1183E-07    0.0000E+00    6.7549E-05    0.0000E+00
     129.00000    5.9908E-07    0.0000E+00    6.7549E-05    0.0000E+00
     129.10000    5.8656E-07    0.0000E+00    6.7549E-05    0.0000E+00
     129.20000    5.7429E-07    0.0000E+00    6.7549E-05    0.0000E+00
     129.30000    5.6226E-07    0.0000E+00    6.7549E-05    0.0000E+00
     129.40000    5.5049E-07    0.0000E+00    6.7549E-05    0.0000E+00
     129.50000    5.3897E-07    0.0000E+00    6.7549E-05    0.0000E+00
     129.60000    5.2772E-07    0.0000E+00    6.7549E-05    0.0000E+00
     129.70000    5.1673E-07    0.0000E+00    6.7549E-05    0.0000E+00
     129.80000    5.0600E-07    0.0000E+00    6.7549E-05    0.0000E+00
     129.90000    4.9553E-07    0.0000E+00    6.7549E-05    0.0000E+00
     130.00000    4.8533E-07    0.0000E+00    6.7549E-05    0.0000E+00
     130.10000    4.7538E-07    0.0000E+00    6.7549E-05    0.0000E+00
     130.20000    4.6569E-07    0.0000E+00    6.7549E-05    0.0000E+00
     130.30000    4.5647E-07    0.0000E+00    6.7549E-05    0.0000E+00
     130.40000    4.5048E-07    0.0000E+00    6.7549E-05    0.0000E+00
     130.50000    4.4844E-07    0.0000E+00    6.7549E-05    0.0000E+00
     130.60000    4.5027E-07    0.0000E+00    6.7549E-05    0.0000E+00
     130.70000    4.5603E-07    0.0000E+00    6.7549E-05    0.0000E+00
     130.80000    4.6519E-07    0.0000E+00    6.7549E-05    0.0000E+00
     130.90000    4.7490E-07    0.0000E+00    6.7549E-05    0.0000E+00
     131.00000    4.8487E-07    0.0000E+00    6.7549E-05    0.0000E+00
     131.10000    4.9510E-07    0.0000E+00    6.7549E-05    0.0000E+00
     131.20000    5.0560E-07    0.0000E+00    6.7549E-05    0.0000E+00
     131.30000    5.1636E-07    0.0000E+00    6.7549E-05    0.0000E+00
     131.40000    5.2739E-07    0.0000E+00    6.7549E-05    0.0000E+00
     131.50000    5.3869E-07    0.0000E+00    6.7549E-05    0.0000E+00
     131.60000    5.5024E-07    0.0000E+00    6.7549E-05    0.0000E+00
     131.70000    5.6206E-07    0.0000E+00    6.7549E-05    0.0000E+00
     131.80000    5.7414E-07    0.0000E+00    6.7549E-05    0.0000E+00
     131.90000    5.8646E-07    0.0000E+00    6.7549E-05    0.0000E+00
     132.00000    5.9903E-07    0.0000E+00    6.7549E-05    0.0000E+00
     132.10000    6.1184E-07    0.0000E+00    6.7549E-05    0.0000E+00
     132.20000    6.2488E-07    0.0000E+00    6.7549E-05    0.0000E+00
     132.30000    6.3814E-07    0.0000E+00    6.7549E-05    0.0000E+00
     132.40000    6.5160E-07    0.0000E+00    6.7549E-05    0.0000E+00
     132.50000    6.6524E-07    0.0000E+00    6.7549E-05    0.0000E+00
     132.60000    6.7906E-07    0.0000E+00    6.7549E-05    0.0000E+00
     132.70000    6.9303E-07    0.0000E+00    6.7549E-05    0.0000E+00
     132.80000    7.0712E-07    0.0000E+00    6.7549E-05    0.0000E+00
     132.90000    7.2132E-07    0.0000E+00    6.7549E-05    0.0000E+00
     133.00000    7.3559E-07    0.0000E+00    6.7549E-05    0.0000E+00
     133.10000    7.4991E-07    0.0000E+00    6.7549E-05    0.0000E+00
     133.20000    7.6424E-07    0.0000E+00    6.7549E-05    0.0000E+00
     133.30000    7.7611E-07    0.0000E+00    6.7549E-05    0.0000E+00
     133.40000    7.8193E-07    0.0000E+00    6.7549E-05    0.0000E+00
     133.50000    7.8145E-07    0.0000E+00    6.7549E-05    0.0000E+00
     133.60000    7.7468E-07    0.0000E+00    6.7549E-05    0.0000E+00
     133.70000    7.6204E-07    0.0000E+00    6.7549E-05    0.0000E+00
     133.80000    7.4761E-07    0.0000E+00    6.7549E-05    0.0000E+00
     133.90000    7.3321E-07    0.0000E+00    6.7549E-05    0.0000E+00
     134.00000    7.1887E-07    0.0000E+00    6.7549E-05    0.0000E+00
     134.10000    7.0460E-07    0.0000E+00    6.7549E-05    0.0000E+00
     134.20000    6.9045E-07    0.0000E+00    6.7549E-05    0.0000E+00
     134.30000    6.7644E-07    0.0000E+00    6.7549E-05    0.0000E+00
     134.40000    6.6259E-07    0.0000E+00    6.7549E-05    0.0000E+00
     134.50000    6.4891E-07    0.0000E+00    6.7549E-05    0.0000E+00
     134.60000    6.3543E-07    0.0000E+00    6.7549E-05    0.0000E+00
     134.70000    6.2216E-07    0.0000E+00    6.7549E-05    0.0000E+00
     134.80000    6.0911E-07    0.0000E+00    6.7549E-05    0.0000E+00
     134.90000    5.9630E-07    0.0000E+00    6.7549E-05    0.0000E+00
     135.00000    5.8373E-07    0.0000E+00    6.7549E-05    0.0000E+00
     135.10000    5.7141E-07    0.0000E+00    6.7549E-05    0.0000E+00
     135.20000    5.5934E-07    0.0000E+00    6.7549E-05    0.0000E+00
     135.30000    5.4754E-07    0.0000E+00    6.7549E-05    0.0000E+00
     135.40000    5.3600E-07    0.0000E+00    6.7549E-05    0.0000E+00
     135.50000    5.2473E-07    0.0000E+00    6.7549E-05    0.0000E+00
     135.60000    5.1372E-07    0.0000E+00    6.7549E-05    0.0000E+00
     135.70000    5.0299E-07    0.0000E+00    6.7549E-05    0.0000E+00
     135.80000    4.9252E-07    0.0000E+00    6.7549E-05    0.0000E+00
     135.90000    4.8231E-07    0.0000E+00    6.7549E-05    0.0000E+00
     136.00000    4.7237E-07    0.0000E+00    6.7549E-05    0.0000E+00
     136.10000    4.6270E-07    0.0000E+00    6.7549E-05    0.0000E+00
     136.20000    4.5381E-07    0.0000E+00    6.7549E-05    0.0000E+00
     136.30000    4.4859E-07    0.0000E+00    6.7549E-05    0.0000E+00
     136.40000    4.4727E-07    0.0000E+00    6.7549E-05    0.0000E+00
     136.50000    4.4980E-07    0.0000E+00    6.7549E-05    0.0000E+00
     136.60000    4.5630E-07    0.0000E+00    6.7549E-05    0.0000E+00
     136.70000    4.6564E-07    0.0000E+00    6.7549E-05    0.0000E+00
     136.80000    4.7531E-07    0.0000E+00    6.7549E-05    0.0000E+00
     136.90000    4.8524E-07    0.0000E+00    6.7549E-05    0.0000E+00
     137.00000    4.9543E-07    0.0000E+00    6.7549E-05    0.0000E+00
     137.10000    5.0587E-07    0.0000E+00    6.7549E-05    0.0000E+00
     137.20000    5.1658E-07    0.0000E+00    6.7549E-05    0.0000E+00
     137.30000    5.2754E-07    0.0000E+00    6.7549E-05    0.0000E+00
     137.40000    5.3877E-07    0.0000E+00    6.7549E-05    0.0000E+00
     137.50000    5.5025E-07    0.0000E+00    6.7549E-05    0.0000E+00
     137.60000    5.6199E-07    0.0000E+00    6.7549E-05    0.0000E+00
     137.70000    5.7398E-07    0.0000E+00    6.7549E-05    0.0000E+00
     137.80000    5.8622E-07    0.0000E+00    6.7549E-05    0.0000E+00
     137.90000    5.9870E-07    0.0000E+00    6.7549E-05    0.0000E+00
     138.00000    6.1141E-07    0.0000E+00    6.7549E-05    0.0000E+00
     138.10000    6.2434E-07    0.0000E+00    6.7549E-05    0.0000E+00
     138.20000    6.3748E-07    0.0000E+00    6.7549E-05    0.0000E+00
     138.30000    6.5081E-07    0.0000E+00    6.7549E-05    0.0000E+00
     138.40000    6.6433E-07    0.0000E+00    6.7549E-05    0.0000E+00
     138.50000    6.7801E-07    0.0000E+00    6.7549E-05    0.0000E+00
     138.60000    6.9183E-07    0.0000E+00    6.7549E-05    0.0000E+00
     138.70000    7.0578E-07    0.0000E+00    6.7549E-05    0.0000E+00
     138.80000    7.1981E-07    0.0000E+00    6.7549E-05    0.0000E+00
     138.90000    7.3392E-07    0.0000E+00    6.7549E-05    0.0000E+00
     139.00000    7.4806E-07    0.0000E+00    6.7549E-05    0.0000E+00
     139.10000    7.6217E-07    0.0000E+00    6.7549E-05    0.0000E+00
     139.20000    7.7271E-07    0.0000E+00    6.7549E-05    0.0000E+00
     139.30000    7.7717E-07    0.0000E+00    6.7549E-05    0.0000E+00
     139.40000    7.7535E-07    0.0000E+00    6.7549E-05    0.0000E+00
     139.50000    7.6733E-07    0.0000E+00    6.7549E-05    0.0000E+00
     139.60000    7.5391E-07    0.0000E+00    6.7549E-05    0.0000E+00
     139.70000    7.3953E-07    0.0000E+00    6.7549E-05    0.0000E+00
     139.80000    7.2518E-07    0.0000E+00    6.7549E-05    0.0000E+00
     139.90000    7.1090E-07    0.0000E+00    6.7549E-05    0.0000E+00
     140.00000    6.9672E-07    0.0000E+00    6.7549E-05    0.0000E+00
     140.10000    6.8267E-07    0.0000E+00    6.7549E-05    0.0000E+00
     140.20000    6.6876E-07    0.0000E+00    6.7549E-05    0.0000E+00
     140.30000    6.5501E-07    0.0000E+00    6.7549E-05    0.0000E+00
     140.40000    6.4145E-07    0.0000E+00    6.7549E-05    0.0000E+00
     140.50000    6.2810E-07    0.0000E+00    6.7549E-05    0.0000E+00
     140.60000    6.1495E-07    0.0000E+00    6.7549E-05    0.0000E+00
     140.70000    6.0204E-07    0.0000E+00    6.7549E-05    0.0000E+00
     140.80000    5.8936E-07    0.0000E+00    6.7549E-05    0.0000E+00
     140.90000    5.7693E-07    0.0000E+00    6.7549E-05    0.0000E+00
     141.00000    5.6475E-07    0.0000E+00    6.7549E-05    0.0000E+00
     141.10000    5.5282E-07    0.0000E+00    6.7549E-05    0.0000E+00
     141.20000    5.4116E-07    0.0000E+00    6.7549E-05    0.0000E+00
     141.30000    5.2977E-07    0.0000E+00    6.7549E-05    0.0000E+00
     141.40000    5.1864E-07    0.0000E+00    6.7549E-05    0.0000E+00
     141.50000    5.0778E-07    0.0000E+00    6.7549E-05    0.0000E+00
     141.60000    4.9718E-07    0.0000E+00    6.7549E-05    0.0000E+00
     141.70000    4.8685E-07    0.0000E+00    6.7549E-05    0.0000E+00
     141.80000    4.7679E-07    0.0000E+00    6.7549E-05    0.0000E+00
     141.90000    4.6698E-07    0.0000E+00    6.7549E-05    0.0000E+00
     142.00000    4.5744E-07    0.0000E+00    6.7549E-05    0.0000E+00
     142.10000    4.4917E-07    0.0000E+00    6.7549E-05    0.0000E+00
     142.20000    4.4478E-07    0.0000E+00    6.7549E-05    0.0000E+00
     142.30000    4.4425E-07    0.0000E+00    6.7549E-05    0.0000E+00
     142.40000    4.4756E-07    0.0000E+00    6.7549E-05    0.0000E+00
     142.50000    4.5484E-07    0.0000E+00    6.7549E-05    0.0000E+00
     142.60000    4.6426E-07    0.0000E+00    6.7549E-05    0.0000E+00
     142.70000    4.7393E-07    0.0000E+00    6.7549E-05    0.0000E+00
     142.80000    4.8386E-07    0.0000E+00    6.7549E-05    0.0000E+00
     142.90000    4.9406E-07    0.0000E+00    6.7549E-05    0.0000E+00
     143.00000    5.0451E-07    0.0000E+00    6.7549E-05    0.0000E+00
     143.10000    5.1523E-07    0.0000E+00    6.7549E-05    0.0000E+00
     143.20000    5.2621E-07    0.0000E+00    6.7549E-05    0.0000E+00
     143.30000    5.3745E-07    0.0000E+00    6.7549E-05    0.0000E+00
     143.40000    5.4895E-07    0.0000E+00    6.7549E-05    0.0000E+00
     143.50000    5.6071E-07    0.0000E+00    6.7549E-05    0.0000E+00
     143.60000    5.7272E-07    0.0000E+00    6.7549E-05    0.0000E+00
     143.70000    5.8498E-07    0.0000E+00    6.7549E-05    0.0000E+00
     143.80000    5.9749E-07    0.0000E+00    6.7549E-05    0.0000E+00
     143.90000    6.1022E-07    0.0000E+00    6.7549E-05    0.0000E+00
     144.00000    6.2319E-07    0.0000E+00    6.7549E-05    0.0000E+00
     144.10000    6.3636E-07    0.0000E+00    6.7549E-05    0.0000E+00
     144.20000    6.4974E-07    0.0000E+00    6.7549E-05    0.0000E+00
     144.30000    6.6330E-07    0.0000E+00    6.7549E-05    0.0000E+00
     144.40000    6.7702E-07    0.0000E+00    6.7549E-05    0.0000E+00
     144.50000    6.9089E-07    0.0000E+00    6.7549E-05    0.0000E+00
     144.60000    7.0489E-07    0.0000E+00    6.7549E-05    0.0000E+00
     144.70000    7.1898E-07    0.0000E+00    6.7549E-05    0.0000E+00
     144.80000    7.3315E-07    0.0000E+00    6.7549E-05    0.0000E+00
     144.90000    7.4735E-07    0.0000E+00    6.7549E-05    0.0000E+00
     145.00000    7.6129E-07    0.0000E+00    6.7549E-05    0.0000E+00
     145.10000    7.7074E-07    0.0000E+00    6.7549E-05    0.0000E+00
     145.20000    7.7409E-07    0.0000E+00    6.7549E-05    0.0000E+00
     145.30000    7.7118E-07    0.0000E+00    6.7549E-05    0.0000E+00
     145.40000    7.6214E-07    0.0000E+00    6.7549E-05    0.0000E+00
     145.50000    7.4837E-07    0.0000E+00    6.7549E-05    0.0000E+00
     145.60000    7.3419E-07    0.0000E+00    6.7549E-05    0.0000E+00
     145.70000    7.2005E-07    0.0000E+00    6.7549E-05    0.0000E+00
     145.80000    7.0598E-07    0.0000E+00    6.7549E-05    0.0000E+00
     145.90000    6.9200E-07    0.0000E+00    6.7549E-05    0.0000E+00
     146.00000    6.7814E-07    0.0000E+00    6.7549E-05    0.0000E+00
     146.10000    6.6443E-07    0.0000E+00    6.7549E-05    0.0000E+00
     146.20000    6.5088E-07    0.0000E+00    6.7549E-05    0.0000E+00
     146.30000    6.3751E-07    0.0000E+00    6.7549E-05    0.0000E+00
     146.40000    6.2434E-07    0.0000E+00    6.7549E-05    0.0000E+00
     146.50000    6.1138E-07    0.0000E+00    6.7549E-05    0.0000E+00
     146.60000    5.9864E-07    0.0000E+00    6.7549E-05    0.0000E+00
     146.70000    5.8613E-07    0.0000E+00    6.7549E-05    0.0000E+00
     146.80000    5.7387E-07    0.0000E+00    6.7549E-05    0.0000E+00
     146.90000    5.6185E-07    0.0000E+00    6.7549E-05    0.0000E+00
     147.00000    5.5009E-07    0.0000E+00    6.7549E-05    0.0000E+00
     147.10000    5.3858E-07    0.0000E+00    6.7549E-05    0.0000E+00
     147.20000    5.2733E-07    0.0000E+00    6.7549E-05    0.0000E+00
     147.30000    5.1634E-07    0.0000E+00    6.7549E-05    0.0000E+00
     147.40000    5.0561E-07    0.0000E+00    6.7549E-05    0.0000E+00
     147.50000    4.9515E-07    0.0000E+00    6.7549E-05    0.0000E+00
     147.60000    4.8495E-07    0.0000E+00    6.7549E-05    0.0000E+00
     147.70000    4.7500E-07    0.0000E+00    6.7549E-05    0.0000E+00
     147.80000    4.6532E-07    0.0000E+00    6.7549E-05    0.0000E+00
     147.90000    4.5588E-07    0.0000E+00    6.7549E-05    0.0000E+00
     148.00000    4.4835E-07    0.0000E+00    6.7549E-05    0.0000E+00
     148.10000    4.4481E-07    0.0000E+00    6.7549E-05    0.0000E+00
     148.20000    4.4510E-07    0.0000E+00    6.7549E-05    0.0000E+00
     148.30000    4.4925E-07    0.0000E+00    6.7549E-05    0.0000E+00
     148.40000    4.5734E-07    0.0000E+00    6.7549E-05    0.0000E+00
     148.50000    4.6689E-07    0.0000E+00    6.7549E-05    0.0000E+00
     148.60000    4.7670E-07    0.0000E+00    6.7549E-05    0.0000E+00
     148.70000    4.8677E-07    0.0000E+00    6.7549E-05    0.0000E+00
     148.80000    4.9711E-07    0.0000E+00    6.7549E-05    0.0000E+00
     148.90000    5.0771E-07    0.0000E+00    6.7549E-05    0.0000E+00
     149.00000    5.1858E-07    0.0000E+00    6.7549E-05    0.0000E+00
     149.10000    5.2972E-07    0.0000E+00    6.7549E-05    0.0000E+00
     149.20000    5.4113E-07    0.0000E+00    6.7549E-05    0.0000E+00
     149.30000    5.5280E-07    0.0000E+00    6.7549E-05    0.0000E+00
     149.40000    5.6473E-07    0.0000E+00    6.7549E-05    0.0000E+00
     149.50000    5.7693E-07    0.0000E+00    6.7549E-05    0.0000E+00
     149.60000    5.8938E-07    0.0000E+00    6.7549E-05    0.0000E+00
     149.70000    6.0207E-07    0.0000E+00    6.7549E-05    0.0000E+00
     149.80000    6.1500E-07    0.0000E+00    6.7549E-05    0.0000E+00
     149.90000    6.2816E-07    0.0000E+00    6.7549E-05    0.0000E+00
     150.00000    6.4154E-07    0.0000E+00    6.7549E-05    0.0000E+00
     150.10000    6.5512E-07    0.0000E+00    6.7549E-05    0.0000E+00
     150.20000    6.6889E-07    0.0000E+00    6.7549E-05    0.0000E+00
     150.30000    6.8282E-07    0.0000E+00    6.7549E-05    0.0000E+00
     150.40000    6.9691E-07    0.0000E+00    6.7549E-05    0.0000E+00
     150.50000    7.1111E-07    0.0000E+00    6.7549E-05    0.0000E+00
     150.60000    7.2542E-07    0.0000E+00    6.7549E-05    0.0000E+00
     150.70000    7.3980E-07    0.0000E+00    6.7549E-05    0.0000E+00
     150.80000    7.5421E-07    0.0000E+00    6.7549E-05    0.0000E+00
     150.90000    7.6787E-07    0.0000E+00    6.7549E-05    0.0000E+00
     151.00000    7.7631E-07    0.0000E+00    6.7549E-05    0.0000E+00
     151.10000    7.7855E-07    0.0000E+00    6.7549E-05    0.0000E+00
     151.20000    7.7450E-07    0.0000E+00    6.7549E-05    0.0000E+00
     151.30000    7.6433E-07    0.0000E+00    6.7549E-05    0.0000E+00
     151.40000    7.5026E-07    0.0000E+00    6.7549E-05    0.0000E+00
     151.50000    7.3609E-07    0.0000E+00    6.7549E-05    0.0000E+00
     151.60000    7.2197E-07    0.0000E+00    6.7549E-05    0.0000E+00
     151.70000    7.0790E-07    0.0000E+00    6.7549E-05    0.0000E+00
     151.80000    6.9393E-07    0.0000E+00    6.7549E-05    0.0000E+00
     151.90000    6.8008E-07    0.0000E+00    6.7549E-05    0.0000E+00
     152.00000    6.6637E-07    0.0000E+00    6.7549E-05    0.0000E+00
     152.10000    6.5282E-07    0.0000E+00    6.7549E-05    0.0000E+00
     152.20000    6.3945E-07    0.0000E+00    6.7549E-05    0.0000E+00
     152.30000    6.2627E-07    0.0000E+00    6.7549E-05    0.0000E+00
     152.40000    6.1331E-07    0.0000E+00    6.7549E-05    0.0000E+00
     152.50000    6.0056E-07    0.0000E+00    6.7549E-05    0.0000E+00
     152.60000    5.8805E-07    0.0000E+00    6.7549E-05    0.0000E+00
     152.70000    5.7577E-07    0.0000E+00    6.7549E-05    0.0000E+00
     152.80000    5.6374E-07    0.0000E+00    6.7549E-05    0.0000E+00
     152.90000    5.5196E-07    0.0000E+00    6.7549E-05    0.0000E+00
     153.00000    5.4044E-07    0.0000E+00    6.7549E-05    0.0000E+00
     153.10000    5.2918E-07    0.0000E+00    6.7549E-05    0.0000E+00
     153.20000    5.1817E-07    0.0000E+00    6.7549E-05    0.0000E+00
     153.30000    5.0743E-07    0.0000E+00    6.7549E-05    0.0000E+00
     153.40000    4.9695E-07    0.0000E+00    6.7549E-05    0.0000E+00
     153.50000    4.8673E-07    0.0000E+00    6.7549E-05    0.0000E+00
     153.60000    4.7677E-07    0.0000E+00    6.7549E-05    0.0000E+00
     153.70000    4.6706E-07    0.0000E+00    6.7549E-05    0.0000E+00
     153.80000    4.5764E-07    0.0000E+00    6.7549E-05    0.0000E+00
     153.90000    4.5087E-07    0.0000E+00    6.7549E-05    0.0000E+00
     154.00000    4.4808E-07    0.0000E+00    6.7549E-05    0.0000E+00
     154.10000    4.4914E-07    0.0000E+00    6.7549E-05    0.0000E+00
     154.20000    4.5412E-07    0.0000E+00    6.7549E-05    0.0000E+00
     154.30000    4.6286E-07    0.0000E+00    6.7549E-05    0.0000E+00
     154.40000    4.7253E-07    0.0000E+00    6.7549E-05    0.0000E+00
     154.50000    4.8247E-07    0.0000E+00    6.7549E-05    0.0000E+00
     154.60000    4.9267E-07    0.0000E+00    6.7549E-05    0.0000E+00
     154.70000    5.0313E-07    0.0000E+00    6.7549E-05    0.0000E+00
     154.80000    5.1387E-07    0.0000E+00    6.7549E-05    0.0000E+00
     154.90000    5.2487E-07    0.0000E+00    6.7549E-05    0.0000E+00
     155.00000    2.2509E-06    0.0000E+00    2.8360E-04    0.0000E+00
     155.10000    9.3384E-06    0.0000E+00    1.1518E-03    0.0000E+00
     155.20000    2.2378E-05    0.0000E+00    2.7017E-03    0.0000E+00
     155.30000    4.1913E-05    0.0000E+00    4.9531E-03    0.0000E+00
     155.40000    6.8517E-05    0.0000E+00    7.9258E-03    0.0000E+00
     155.50000    1.0280E-04    0.0000E+00    1.1640E-02    0.0000E+00
     155.60000    1.4539E-04    0.0000E+00    1.6115E-02    0.0000E+00
     155.70000    1.9698E-04    0.0000E+00    2.1373E-02    0.0000E+00
     155.80000    2.5825E-04    0.0000E+00    2.7433E-02    0.0000E+00
     155.90000    3.2994E-04    0.0000E+00    3.4316E-02    0.0000E+00
     156.00000    4.1282E-04    0.0000E+00    4.2044E-02    0.0000E+00
     156.10000    5.0767E-04    0.0000E+00    5.0637E-02    0.0000E+00
     156.20000    6.1530E-04    0.0000E+00    6.0117E-02    0.0000E+00
     156.30000    7.3654E-04    0.0000E+00    7.0505E-02    0.0000E+00
     156.40000    8.7225E-04    0.0000E+00    8.1824E-02    0.0000E+00
     156.50000    1.0233E-03    0.0000E+00    9.4094E-02    0.0000E+00
     156.60000    1.1905E-03    0.0000E+00    1.0734E-01    0.0000E+00
     156.70000    1.3748E-03    0.0000E+00    1.2158E-01    0.0000E+00
     156.80000    1.5770E-03    0.0000E+00    1.3684E-01    0.0000E+00
     156.90000    1.7979E-03    0.0000E+00    1.5313E-01    0.0000E+00
     157.00000    2.0384E-03    0.0000E+00    1.7050E-01    0.0000E+00
     157.10000    2.2993E-03    0.0000E+00    1.8895E-01    0.0000E+00
     157.20000    2.5813E-03    0.0000E+00    2.0851E-01    0.0000E+00
     157.30000    2.8850E-03    0.0000E+00    2.2920E-01    0.0000E+00
     157.40000    3.0720E-03    0.0000E+00    2.4017E-01    0.0000E+00
     157.50000    3.1197E-03    0.0000E+00    2.4017E-01    0.0000E+00
     157.60000    3.1660E-03    0.0000E+00    2.4017E-01    0.0000E+00
     157.70000    3.3596E-03    0.0000E+00    2.5131E-01    0.0000E+00
     157.80000    3.7241E-03    0.0000E+00    2.7490E-01    0.0000E+00
     157.90000    4.1117E-03    0.0000E+00    2.9975E-01    0.0000E+00
     158.00000    4.5225E-03    0.0000E+00    3.2587E-01    0.0000E+00
     158.10000    4.9564E-03    0.0000E+00    3.5330E-01    0.0000E+00
     158.20000    5.4132E-03    0.0000E+00    3.8205E-01    0.0000E+00
     158.30000    5.8924E-03    0.0000E+00    4.1215E-01    0.0000E+00
     158.40000    6.3934E-03    0.0000E+00    4.4363E-01    0.0000E+00
     158.50000    6.9155E-03    0.0000E+00    4.7651E-01    0.0000E+00
     158.60000    7.4577E-03    0.0000E+00    5.1082E-01    0.0000E+00
     158.70000    8.0189E-03    0.0000E+00    5.4658E-01    0.0000E+00
     158.80000    8.5977E-03    0.0000E+00    5.8382E-01    0.0000E+00
     158.90000    9.1928E-03    0.0000E+00    6.2256E-01    0.0000E+00
     159.00000    9.8022E-03    0.0000E+00    6.6283E-01    0.0000E+00
     159.10000    1.0424E-02    0.0000E+00    7.0466E-01    0.0000E+00
     159.20000    1.1057E-02    0.0000E+00    7.4806E-01    0.0000E+00
     159.30000    1.1698E-02    0.0000E+00    7.9308E-01    0.0000E+00
     159.40000    1.2346E-02    0.0000E+00    8.3973E-01    0.0000E+00
     159.50000    1.2998E-02    0.0000E+00    8.8804E-01    0.0000E+00
     159.60000    1.3651E-02    0.0000E+00    9.3804E-01    0.0000E+00
     159.70000    1.4303E-02    0.0000E+00    9.8975E-01    0.0000E+00
     159.80000    1.4953E-02    0.0000E+00    1.0432E+00    0.0000E+00
     159.90000    1.5596E-02    0.0000E+00    1.0984E+00    0.0000E+00
     160.00000    1.6231E-02    0.0000E+00    1.1554E+00    0.0000E+00
     160.10000    1.6678E-02    0.0000E+00    1.2015E+00    0.0000E+00
     160.20000    1.6461E-02    0.0000E+00    1.2015E+00    0.0000E+00
     160.30000    1.6227E-02    0.0000E+00    1.2015E+00    0.0000E+00
     160.40000    1.5978E-02    0.0000E+00    1.2015E+00    0.0000E+00
     160.50000    1.5714E-02    0.0000E+00    1.2015E+00    0.0000E+00
     160.60000    1.5437E-02    0.0000E+00    1.2015E+00    0.0000E+00
     160.70000    1.5148E-02    0.0000E+00    1.2015E+00    0.0000E+00
     160.80000    1.4830E-02    0.0000E+00    1.2015E+00    0.0000E+00
     160.90000    1.4408E-02    0.0000E+00    1.2015E+00    0.0000E+00
     161.00000    1.3882E-02    0.0000E+00    1.2015E+00    0.0000E+00
     161.10000    1.3272E-02    0.0000E+00    1.2015E+00    0.0000E+00
     161.20000    1.2595E-02    0.0000E+00    1.2015E+00    0.0000E+00
     161.30000    1.1905E-02    0.0000E+00    1.2015E+00    0.0000E+00
     161.40000    1.1261E-02    0.0000E+00    1.2015E+00    0.0000E+00
     161.50000    1.0661E-02    0.0000E+00    1.2015E+00    0.0000E+00
     161.60000    1.0102E-02    0.0000E+00    1.2015E+00    0.0000E+00
     161.70000    9.5818E-03    0.0000E+00    1.2015E+00    0.0000E+00
     161.80000    9.0967E-03    0.0000E+00    1.2015E+00    0.0000E+00
     161.90000    8.7317E-03    0.0000E+00    1.2136E+00    0.0000E+00
     162.00000    8.6939E-03    0.0000E+00    1.2703E+00    0.0000E+00
     162.10000    8.6513E-03    0.0000E+00    1.3275E+00    0.0000E+00
     162.20000    8.6048E-03    0.0000E+00    1.3852E+00    0.0000E+00
     162.30000    8.5550E-03    0.0000E+00    1.4434E+00    0.0000E+00
     162.40000    8.5026E-03    0.0000E+00    1.5020E+00    0.0000E+00
     162.50000    8.4482E-03    0.0000E+00    1.5610E+00    0.0000E+00
     162.60000    8.3922E-03    0.0000E+00    1.6203E+00    0.0000E+00
     162.70000    8.3351E-03    0.0000E+00    1.6798E+00    0.0000E+00
     162.80000    8.2773E-03    0.0000E+00    1.7396E+00    0.0000E+00
     162.90000    8.2192E-03    0.0000E+00    1.7995E+00    0.0000E+00
     163.00000    8.1611E-03    0.0000E+00    1.8596E+00    0.0000E+00
     163.10000    8.1033E-03    0.0000E+00    1.9198E+00    0.0000E+00
     163.20000    8.0460E-03    0.0000E+00    1.9799E+00    0.0000E+00
     163.30000    7.9894E-03    0.0000E+00    2.0401E+00    0.0000E+00
     163.40000    7.9338E-03    0.0000E+00    2.1003E+00    0.0000E+00
     163.50000    7.8793E-03    0.0000E+00    2.1603E+00    0.0000E+00
     163.60000    7.8261E-03    0.0000E+00    2.2203E+00    0.0000E+00
     163.70000    7.7743E-03    0.0000E+00    2.2800E+00    0.0000E+00
     163.80000    7.7241E-03    0.0000E+00    2.3396E+00    0.0000E+00
     163.90000    7.6756E-03    0.0000E+00    2.3989E+00    0.0000E+00
     164.00000    7.6289E-03    0.0000E+00    2.4579E+00    0.0000E+00
     164.10000    7.5841E-03    0.0000E+00    2.5166E+00    0.0000E+00
     164.20000    7.5413E-03    0.0000E+00    2.5749E+00    0.0000E+00
     164.30000    7.5006E-03    0.0000E+00    2.6329E+00    0.0000E+00
     164.40000    7.3123E-03    0.0000E+00    2.6364E+00    0.0000E+00
     164.50000    7.1256E-03    0.0000E+00    2.6364E+00    0.0000E+00
     164.60000    6.9497E-03    0.0000E+00    2.6364E+00    0.0000E+00
     164.70000    6.9151E-03    0.0000E+00    2.6873E+00    0.0000E+00
     164.80000    6.8915E-03    0.0000E+00    2.7410E+00    0.0000E+00
     164.90000    6.8701E-03    0.0000E+00    2.7941E+00    0.0000E+00
     165.00000    6.8510E-03    0.0000E+00    2.8466E+00    0.0000E+00
     165.10000    6.8343E-03    0.0000E+00    2.8985E+00    0.0000E+00
     165.20000    6.8200E-03    0.0000E+00    2.9498E+00    0.0000E+00
     165.30000    6.8083E-03    0.0000E+00    3.0003E+00    0.0000E+00
     165.40000    6.7993E-03    0.0000E+00    3.0501E+00    0.0000E+00
     165.50000    6.7929E-03    0.0000E+00    3.0992E+00    0.0000E+00
     165.60000    6.7895E-03    0.0000E+00    3.1474E+00    0.0000E+00
     165.70000    6.7889E-03    0.0000E+00    3.1949E+00    0.0000E+00
     165.80000    6.7914E-03    0.0000E+00    3.2416E+00    0.0000E+00
     165.90000    6.7971E-03    0.0000E+00    3.2873E+00    0.0000E+00
     166.00000    6.8060E-03    0.0000E+00    3.3322E+00    0.0000E+00
     166.10000    6.8183E-03    0.0000E+00    3.3762E+00    0.0000E+00
     166.20000    6.8341E-03    0.0000E+00    3.4193E+00    0.0000E+00
     166.30000    6.8536E-03    0.0000E+00    3.4614E+00    0.0000E+00
     166.40000    6.8768E-03    0.0000E+00    3.5025E+00    0.0000E+00
     166.50000    6.9040E-03    0.0000E+00    3.5426E+00    0.0000E+00
     166.60000    6.9352E-03    0.0000E+00    3.5817E+00    0.0000E+00
     166.70000    6.9705E-03    0.0000E+00    3.6198E+00    0.0000E+00
     166.80000    7.0102E-03    0.0000E+00    3.6568E+00    0.0000E+00
     166.90000    7.0544E-03    0.0000E+00    3.6927E+00    0.0000E+00
     167.00000    7.1030E-03    0.0000E+00    3.7275E+00    0.0000E+00
     167.10000    7.1141E-03    0.0000E+00    3.7390E+00    0.0000E+00
     167.20000    7.1101E-03    0.0000E+00    3.7390E+00    0.0000E+00
     167.30000    7.1128E-03    0.0000E+00    3.7390E+00    0.0000E+00
     167.40000    7.1220E-03    0.0000E+00    3.7390E+00    0.0000E+00
     167.50000    7.1374E-03    0.0000E+00    3.7390E+00    0.0000E+00
     167.60000    7.1589E-03    0.0000E+00    3.7390E+00    0.0000E+00
     167.70000    7.1859E-03    0.0000E+00    3.7390E+00    0.0000E+00
     167.80000    7.2501E-03    0.0000E+00    3.7390E+00    0.0000E+00
     167.90000    7.3805E-03    0.0000E+00    3.7390E+00    0.0000E+00
     168.00000    7.5771E-03    0.0000E+00    3.7390E+00    0.0000E+00
     168.10000    7.8427E-03    0.0000E+00    3.7390E+00    0.0000E+00
     168.20000    8.1795E-03    0.0000E+00    3.7390E+00    0.0000E+00
     168.30000    8.5412E-03    0.0000E+00    3.7390E+00    0.0000E+00
     168.40000    8.9105E-03    0.0000E+00    3.7390E+00    0.0000E+00
     168.50000    9.2863E-03    0.0000E+00    3.7390E+00    0.0000E+00
     168.60000    9.6677E-03    0.0000E+00    3.7390E+00    0.0000E+00
     168.70000    1.0053E-02    0.0000E+00    3.7390E+00    0.0000E+00
     168.80000    1.0442E-02    0.0000E+00    3.7390E+00    0.0000E+00
     168.90000    1.0861E-02    0.0000E+00    3.7486E+00    0.0000E+00
     169.00000    1.1295E-02    0.0000E+00    3.7625E+00    0.0000E+00
     169.10000    1.1731E-02    0.0000E+00    3.7756E+00    0.0000E+00
     169.20000    1.2166E-02    0.0000E+00    3.7880E+00    0.0000E+00
     169.30000    1.2601E-02    0.0000E+00    3.7997E+00    0.0000E+00
     169.40000    1.3034E-02    0.0000E+00    3.8106E+00    0.0000E+00
     169.50000    1.3465E-02    0.0000E+00    3.8207E+00    0.0000E+00
     169.60000    1.3894E-02    0.0000E+00    3.8301E+00    0.0000E+00
     169.70000    1.4321E-02    0.0000E+00    3.8388E+00    0.0000E+00
     169.80000    1.4747E-02    0.0000E+00    3.8467E+00    0.0000E+00
     169.90000    1.5172E-02    0.0000E+00    3.8539E+00    0.0000E+00
     170.00000    1.5596E-02    0.0000E+00    3.8604E+00    0.0000E+00
     170.10000    1.6021E-02    0.0000E+00    3.8661E+00    0.0000E+00
     170.20000    1.6448E-02    0.0000E+00    3.8711E+00    0.0000E+00
     170.30000    1.6878E-02    0.0000E+00    3.8754E+00    0.0000E+00
     170.40000    1.7313E-02    0.0000E+00    3.8789E+00    0.0000E+00
     170.50000    1.7753E-02    0.0000E+00    3.8818E+00    0.0000E+00
     170.60000    1.8202E-02    0.0000E+00    3.8839E+00    0.0000E+00
     170.70000    1.8660E-02    0.0000E+00    3.8854E+00    0.0000E+00
     170.80000    1.9129E-02    0.0000E+00    3.8861E+00    0.0000E+00
     170.90000    1.9612E-02    0.0000E+00    3.8862E+00    0.0000E+00
     171.00000    2.0109E-02    0.0000E+00    3.8855E+00    0.0000E+00
     171.10000    2.0624E-02    0.0000E+00    3.8843E+00    0.0000E+00
     171.20000    2.1158E-02    0.0000E+00    3.8823E+00    0.0000E+00
     171.30000    2.1719E-02    0.0000E+00    3.8808E+00    0.0000E+00
     171.40000    2.2317E-02    0.0000E+00    3.8808E+00    0.0000E+00
     171.50000    2.2945E-02    0.0000E+00    3.8808E+00    0.0000E+00
     171.60000    2.3594E-02    0.0000E+00    3.8788E+00    0.0000E+00
     171.70000    2.4256E-02    0.0000E+00    3.8731E+00    0.0000E+00
     171.80000    2.4952E-02    0.0000E+00    3.8669E+00    0.0000E+00
     171.90000    2.5684E-02    0.0000E+00    3.8600E+00    0.0000E+00
     172.00000    2.6456E-02    0.0000E+00    3.8525E+00    0.0000E+00
     172.10000    2.7271E-02    0.0000E+00    3.8445E+00    0.0000E+00
     172.20000    2.8132E-02    0.0000E+00    3.8359E+00    0.0000E+00
     172.30000    2.9043E-02    0.0000E+00    3.8267E+00    0.0000E+00
     172.40000    3.0009E-02    0.0000E+00    3.8170E+00    0.0000E+00
     172.50000    3.1032E-02    0.0000E+00    3.8067E+00    0.0000E+00
     172.60000    3.2119E-02    0.0000E+00    3.7960E+00    0.0000E+00
     172.70000    3.3274E-02    0.0000E+00    3.7847E+00    0.0000E+00
     172.80000    3.4502E-02    0.0000E+00    3.7729E+00    0.0000E+00
     172.90000    3.5809E-02    0.0000E+00    3.7607E+00    0.0000E+00
     173.00000    3.7202E-02    0.0000E+00    3.7479E+00    0.0000E+00
     173.10000    3.8687E-02    0.0000E+00    3.7348E+00    0.0000E+00
     173.20000    4.0273E-02    0.0000E+00    3.7212E+00    0.0000E+00
     173.30000    4.1966E-02    0.0000E+00    3.7072E+00    0.0000E+00
     173.40000    4.3777E-02    0.0000E+00    3.6928E+00    0.0000E+00
     173.50000    4.5713E-02    0.0000E+00    3.6780E+00    0.0000E+00
     173.60000    4.7786E-02    0.0000E+00    3.6628E+00    0.0000E+00
     173.70000    5.0007E-02    0.0000E+00    3.6473E+00    0.0000E+00
     173.80000    5.2388E-02    0.0000E+00    3.6315E+00    0.0000E+00
     173.90000    5.4940E-02    0.0000E+00    3.6153E+00    0.0000E+00
     174.00000    5.7709E-02    0.0000E+00    3.6007E+00    0.0000E+00
     174.10000    6.0933E-02    0.0000E+00    3.6007E+00    0.0000E+00
     174.20000    6.4409E-02    0.0000E+00    3.6007E+00    0.0000E+00
     174.30000    6.8158E-02    0.0000E+00    3.6007E+00    0.0000E+00
     174.40000    7.2202E-02    0.0000E+00    3.6007E+00    0.0000E+00
     174.50000    7.6563E-02    0.0000E+00    3.6007E+00    0.0000E+00
     174.60000    8.1265E-02    0.0000E+00    3.6007E+00    0.0000E+00
     174.70000    8.6223E-02    0.0000E+00    3.6007E+00    0.0000E+00
     174.80000    9.0608E-02    0.0000E+00    3.6007E+00    0.0000E+00
     174.90000    9.4062E-02    0.0000E+00    3.6007E+00    0.0000E+00
     175.00000    9.6406E-02    0.0000E+00    3.6007E+00    0.0000E+00
     175.10000    9.7526E-02    0.0000E+00    3.6007E+00    0.0000E+00
     175.20000    9.7708E-02    0.0000E+00    3.6007E+00    0.0000E+00
     175.30000    9.7729E-02    0.0000E+00    3.6007E+00    0.0000E+00
     175.40000    9.7627E-02    0.0000E+00    3.6007E+00    0.0000E+00
     175.50000    9.7406E-02    0.0000E+00    3.6007E+00    0.0000E+00
     175.60000    9.7070E-02    0.0000E+00    3.6007E+00    0.0000E+00
     175.70000    9.6626E-02    0.0000E+00    3.6007E+00    0.0000E+00
     175.80000    9.6012E-02    0.0000E+00    3.5981E+00    0.0000E+00
     175.90000    9.4759E-02    0.0000E+00    3.5751E+00    0.0000E+00
     176.00000    9.3437E-02    0.0000E+00    3.5523E+00    0.0000E+00
     176.10000    9.2053E-02    0.0000E+00    3.5298E+00    0.0000E+00
     176.20000    9.0615E-02    0.0000E+00    3.5077E+00    0.0000E+00
     176.30000    8.9130E-02    0.0000E+00    3.4858E+00    0.0000E+00
     176.40000    8.7606E-02    0.0000E+00    3.4642E+00    0.0000E+00
     176.50000    8.6050E-02    0.0000E+00    3.4428E+00    0.0000E+00
     176.60000    8.4469E-02    0.0000E+00    3.4217E+00    0.0000E+00
     176.70000    8.2868E-02    0.0000E+00    3.4008E+00    0.0000E+00
     176.80000    8.1253E-02    0.0000E+00    3.3801E+00    0.0000E+00
     176.90000    7.9631E-02    0.0000E+00    3.3596E+00    0.0000E+00
     177.00000    7.8006E-02    0.0000E+00    3.3392E+00    0.0000E+00
     177.10000    7.6382E-02    0.0000E+00    3.3190E+00    0.0000E+00
     177.20000    7.4764E-02    0.0000E+00    3.2990E+00    0.0000E+00
     177.30000    7.3155E-02    0.0000E+00    3.2791E+00    0.0000E+00
     177.40000    7.1558E-02    0.0000E+00    3.2594E+00    0.0000E+00
     177.50000    6.9977E-02    0.0000E+00    3.2397E+00    0.0000E+00
     177.60000    6.8413E-02    0.0000E+00    3.2202E+00    0.0000E+00
     177.70000    6.6870E-02    0.0000E+00    3.2007E+00    0.0000E+00
     177.80000    6.5348E-02    0.0000E+00    3.1813E+00    0.0000E+00
     177.90000    6.3848E-02    0.0000E+00    3.1620E+00    0.0000E+00
     178.00000    6.2373E-02    0.0000E+00    3.1428E+00    0.0000E+00
     178.10000    6.0922E-02    0.0000E+00    3.1236E+00    0.0000E+00
     178.20000    5.9496E-02    0.0000E+00    3.1044E+00    0.0000E+00
     178.30000    5.8395E-02    0.0000E+00    3.1012E+00    0.0000E+00
     178.40000    5.7367E-02    0.0000E+00    3.1012E+00    0.0000E+00
     178.50000    5.6350E-02    0.0000E+00    3.1012E+00    0.0000E+00
     178.60000    5.5053E-02    0.0000E+00    3.0848E+00    0.0000E+00
     178.70000    5.3721E-02    0.0000E+00    3.0651E+00    0.0000E+00
     178.80000    5.2413E-02    0.0000E+00    3.0455E+00    0.0000E+00
     178.90000    5.1128E-02    0.0000E+00    3.0258E+00    0.0000E+00
     179.00000    4.9866E-02    0.0000E+00    3.0061E+00    0.0000E+00
     179.10000    4.8624E-02    0.0000E+00    2.9864E+00    0.0000E+00
     179.20000    4.7402E-02    0.0000E+00    2.9666E+00    0.0000E+00
     179.30000    4.6199E-02    0.0000E+00    2.9468E+00    0.0000E+00
     179.40000    4.5013E-02    0.0000E+00    2.9269E+00    0.0000E+00
     179.50000    4.3843E-02    0.0000E+00    2.9070E+00    0.0000E+00
     179.60000    4.2688E-02    0.0000E+00    2.8870E+00    0.0000E+00
     179.70000    4.1546E-02    0.0000E+00    2.8670E+00    0.0000E+00
     179.80000    4.0416E-02    0.0000E+00    2.8469E+00    0.0000E+00
     179.90000    3.9298E-02    0.0000E+00    2.8267E+00    0.0000E+00
     180.00000    3.8190E-02    0.0000E+00    2.8065E+00    0.0000E+00
     180.10000    3.7091E-02    0.0000E+00    2.7861E+00    0.0000E+00
     180.20000    3.6000E-02    0.0000E+00    2.7657E+00    0.0000E+00
     180.30000    3.4917E-02    0.0000E+00    2.7452E+00    0.0000E+00
     180.40000    3.3842E-02    0.0000E+00    2.7246E+00    0.0000E+00
     180.50000    3.2774E-02    0.0000E+00    2.7039E+00    0.0000E+00
     180.60000    3.1714E-02    0.0000E+00    2.6831E+00    0.0000E+00
     180.70000    3.0661E-02    0.0000E+00    2.6622E+00    0.0000E+00
     180.80000    2.9615E-02    0.0000E+00    2.6412E+00    0.0000E+00
     180.90000    2.8579E-02    0.0000E+00    2.6201E+00    0.0000E+00
     181.00000    2.7677E-02    0.0000E+00    2.6107E+00    0.0000E+00
     181.10000    2.6876E-02    0.0000E+00    2.6107E+00    0.0000E+00
     181.20000    2.6074E-02    0.0000E+00    2.6107E+00    0.0000E+00
     181.30000    2.5273E-02    0.0000E+00    2.6107E+00    0.0000E+00
     181.40000    2.4474E-02    0.0000E+00    2.6107E+00    0.0000E+00
     181.50000    2.3679E-02    0.0000E+00    2.6107E+00    0.0000E+00
     181.60000    2.2889E-02    0.0000E+00    2.6107E+00    0.0000E+00
     181.70000    2.2187E-02    0.0000E+00    2.6107E+00    0.0000E+00
     181.80000    2.1676E-02    0.0000E+00    2.6107E+00    0.0000E+00
     181.90000    2.1345E-02    0.0000E+00    2.6107E+00    0.0000E+00
     182.00000    2.1194E-02    0.0000E+00    2.6107E+00    0.0000E+00
     182.10000    2.1222E-02    0.0000E+00    2.6107E+00    0.0000E+00
     182.20000    2.1313E-02    0.0000E+00    2.6107E+00    0.0000E+00
     182.30000    2.1411E-02    0.0000E+00    2.6107E+00    0.0000E+00
     182.40000    2.1517E-02    0.0000E+00    2.6107E+00    0.0000E+00
     182.50000    2.1633E-02    0.0000E+00    2.6107E+00    0.0000E+00
     182.60000    2.1760E-02    0.0000E+00    2.6107E+00    0.0000E+00
     182.70000    2.1899E-02    0.0000E+00    2.6107E+00    0.0000E+00
     182.80000    2.1913E-02    0.0000E+00    2.5943E+00    0.0000E+00
     182.90000    2.1824E-02    0.0000E+00    2.5646E+00    0.0000E+00
     183.00000    2.1741E-02    0.0000E+00    2.5344E+00    0.0000E+00
     183.10000    2.1664E-02    0.0000E+00    2.5037E+00    0.0000E+00
     183.20000    2.1593E-02    0.0000E+00    2.4725E+00    0.0000E+00
     183.30000    2.1527E-02    0.0000E+00    2.4408E+00    0.0000E+00
     183.40000    2.1468E-02    0.0000E+00    2.4087E+00    0.0000E+00
     183.50000    2.1414E-02    0.0000E+00    2.3762E+00    0.0000E+00
     183.60000    2.1365E-02    0.0000E+00    2.3433E+00    0.0000E+00
     183.70000    2.1320E-02    0.0000E+00    2.3101E+00    0.0000E+00
     183.80000    2.1280E-02    0.0000E+00    2.2764E+00    0.0000E+00
     183.90000    2.1245E-02    0.0000E+00    2.2424E+00    0.0000E+00
     184.00000    2.1213E-02    0.0000E+00    2.2081E+00    0.0000E+00
     184.10000    2.1184E-02    0.0000E+00    2.1735E+00    0.0000E+00
     184.20000    2.1158E-02    0.0000E+00    2.1386E+00    0.0000E+00
     184.30000    2.1134E-02    0.0000E+00    2.1034E+00    0.0000E+00
     184.40000    2.1113E-02    0.0000E+00    2.0680E+00    0.0000E+00
     184.50000    2.1092E-02    0.0000E+00    2.0324E+00    0.0000E+00
     184.60000    2.1072E-02    0.0000E+00    1.9965E+00    0.0000E+00
     184.70000    2.1052E-02    0.0000E+00    1.9605E+00    0.0000E+00
     184.80000    2.1032E-02    0.0000E+00    1.9244E+00    0.0000E+00
     184.90000    2.1011E-02    0.0000E+00    1.8881E+00    0.0000E+00
     185.00000    2.0988E-02    0.0000E+00    1.8517E+00    0.0000E+00
     185.10000    2.0962E-02    0.0000E+00    1.8153E+00    0.0000E+00
     185.20000    2.1054E-02    0.0000E+00    1.7890E+00    0.0000E+00
     185.30000    2.1462E-02    0.0000E+00    1.7890E+00    0.0000E+00
     185.40000    2.1882E-02    0.0000E+00    1.7890E+00    0.0000E+00
     185.50000    2.2182E-02    0.0000E+00    1.7784E+00    0.0000E+00
     185.60000    2.2139E-02    0.0000E+00    1.7404E+00    0.0000E+00
     185.70000    2.2090E-02    0.0000E+00    1.7024E+00    0.0000E+00
     185.80000    2.2032E-02    0.0000E+00    1.6645E+00    0.0000E+00
     185.90000    2.1966E-02    0.0000E+00    1.6268E+00    0.0000E+00
     186.00000    2.1889E-02    0.0000E+00    1.5892E+00    0.0000E+00
     186.10000    2.1802E-02    0.0000E+00    1.5518E+00    0.0000E+00
     186.20000    2.1704E-02    0.0000E+00    1.5146E+00    0.0000E+00
     186.30000    2.1592E-02    0.0000E+00    1.4776E+00    0.0000E+00
     186.40000    2.1468E-02    0.0000E+00    1.4410E+00    0.0000E+00
     186.50000    2.1329E-02    0.0000E+00    1.4046E+00    0.0000E+00
     186.60000    2.1176E-02    0.0000E+00    1.3686E+00    0.0000E+00
     186.70000    2.1007E-02    0.0000E+00    1.3329E+00    0.0000E+00
     186.80000    2.0821E-02    0.0000E+00    1.2977E+00    0.0000E+00
     186.90000    2.0619E-02    0.0000E+00    1.2629E+00    0.0000E+00
     187.00000    2.0400E-02    0.0000E+00    1.2286E+00    0.0000E+00
     187.10000    2.0164E-02    0.0000E+00    1.1948E+00    0.0000E+00
     187.20000    1.9909E-02    0.0000E+00    1.1615E+00    0.0000E+00
     187.30000    1.9637E-02    0.0000E+00    1.1289E+00    0.0000E+00
     187.40000    1.9347E-02    0.0000E+00    1.0968E+00    0.0000E+00
     187.50000    1.9040E-02    0.0000E+00    1.0654E+00    0.0000E+00
     187.60000    1.8715E-02    0.0000E+00    1.0348E+00    0.0000E+00
     187.70000    1.8375E-02    0.0000E+00    1.0048E+00    0.0000E+00
     187.80000    1.8019E-02    0.0000E+00    9.7565E-01    0.0000E+00
     187.90000    1.7651E-02    0.0000E+00    9.4741E-01    0.0000E+00
     188.00000    1.7783E-02    0.0000E+00    9.4741E-01    0.0000E+00
     188.10000    1.7892E-02    0.0000E+00    9.4741E-01    0.0000E+00
     188.20000    1.7978E-02    0.0000E+00    9.4741E-01    0.0000E+00
     188.30000    1.8038E-02    0.0000E+00    9.4741E-01    0.0000E+00
     188.40000    1.8072E-02    0.0000E+00    9.4741E-01    0.0000E+00
     188.50000    1.8078E-02    0.0000E+00    9.4741E-01    0.0000E+00
     188.60000    1.8047E-02    0.0000E+00    9.4741E-01    0.0000E+00
     188.70000    1.7880E-02    0.0000E+00    9.4741E-01    0.0000E+00
     188.80000    1.7554E-02    0.0000E+00    9.4741E-01    0.0000E+00
     188.90000    1.7078E-02    0.0000E+00    9.4741E-01    0.0000E+00
     189.00000    1.6471E-02    0.0000E+00    9.4741E-01    0.0000E+00
     189.10000    1.5778E-02    0.0000E+00    9.4741E-01    0.0000E+00
     189.20000    1.5099E-02    0.0000E+00    9.4741E-01    0.0000E+00
     189.30000    1.4442E-02    0.0000E+00    9.4741E-01    0.0000E+00
     189.40000    1.3808E-02    0.0000E+00    9.4741E-01    0.0000E+00
     189.50000    1.3199E-02    0.0000E+00    9.4741E-01    0.0000E+00
     189.60000    1.2614E-02    0.0000E+00    9.4741E-01    0.0000E+00
     189.70000    1.2052E-02    0.0000E+00    9.4730E-01    0.0000E+00
     189.80000    1.1192E-02    0.0000E+00    9.2064E-01    0.0000E+00
     189.90000    1.0403E-02    0.0000E+00    8.9544E-01    0.0000E+00
     190.00000    9.6780E-03    0.0000E+00    8.7167E-01    0.0000E+00
     190.10000    9.0135E-03    0.0000E+00    8.4930E-01    0.0000E+00
     190.20000    8.4046E-03    0.0000E+00    8.2832E-01    0.0000E+00
     190.30000    7.8471E-03    0.0000E+00    8.0870E-01    0.0000E+00
     190.40000    7.3369E-03    0.0000E+00    7.9041E-01    0.0000E+00
     190.50000    6.8701E-03    0.0000E+00    7.7344E-01    0.0000E+00
     190.60000    6.4432E-03    0.0000E+00    7.5776E-01    0.0000E+00
     190.70000    6.0529E-03    0.0000E+00    7.4335E-01    0.0000E+00
     190.80000    5.6963E-03    0.0000E+00    7.3019E-01    0.0000E+00
     190.90000    5.3704E-03    0.0000E+00    7.1826E-01    0.0000E+00
     191.00000    5.0726E-03    0.0000E+00    7.0753E-01    0.0000E+00
     191.10000    4.8006E-03    0.0000E+00    6.9798E-01    0.0000E+00
     191.20000    4.5522E-03    0.0000E+00    6.8959E-01    0.0000E+00
     191.30000    4.3253E-03    0.0000E+00    6.8234E-01    0.0000E+00
     191.40000    4.1180E-03    0.0000E+00    6.7620E-01    0.0000E+00
     191.50000    3.9288E-03    0.0000E+00    6.7117E-01    0.0000E+00
     191.60000    3.7560E-03    0.0000E+00    6.6720E-01    0.0000E+00
     191.70000    3.5983E-03    0.0000E+00    6.6429E-01    0.0000E+00
     191.80000    3.4542E-03    0.0000E+00    6.6241E-01    0.0000E+00
     191.90000    3.3227E-03    0.0000E+00    6.6154E-01    0.0000E+00
     192.00000    3.2027E-03    0.0000E+00    6.6167E-01    0.0000E+00
     192.10000    3.0931E-03    0.0000E+00    6.6276E-01    0.0000E+00
     192.20000    2.9860E-03    0.0000E+00    6.6322E-01    0.0000E+00
     192.30000    2.8820E-03    0.0000E+00    6.6322E-01    0.0000E+00
     192.40000    2.7830E-03    0.0000E+00    6.6322E-01    0.0000E+00
     192.50000    2.6962E-03    0.0000E+00    6.6505E-01    0.0000E+00
     192.60000    2.6191E-03    0.0000E+00    6.6832E-01    0.0000E+00
     192.70000    2.5487E-03    0.0000E+00    6.7246E-01    0.0000E+00
     192.80000    2.4844E-03    0.0000E+00    6.7746E-01    0.0000E+00
     192.90000    2.4259E-03    0.0000E+00    6.8328E-01    0.0000E+00
     193.00000    2.3725E-03    0.0000E+00    6.8992E-01    0.0000E+00
     193.10000    2.3238E-03    0.0000E+00    6.9736E-01    0.0000E+00
     193.20000    2.2796E-03    0.0000E+00    7.0557E-01    0.0000E+00
     193.30000    2.2393E-03    0.0000E+00    7.1454E-01    0.0000E+00
     193.40000    2.2026E-03    0.0000E+00    7.2424E-01    0.0000E+00
     193.50000    2.1694E-03    0.0000E+00    7.3467E-01    0.0000E+00
     193.60000    2.1392E-03    0.0000E+00    7.4580E-01    0.0000E+00
     193.70000    2.1119E-03    0.0000E+00    7.5761E-01    0.0000E+00
     193.80000    2.0872E-03    0.0000E+00    7.7009E-01    0.0000E+00
     193.90000    2.0648E-03    0.0000E+00    7.8322E-01    0.0000E+00
     194.00000    2.0447E-03    0.0000E+00    7.9698E-01    0.0000E+00
     194.10000    2.0266E-03    0.0000E+00    8.1136E-01    0.0000E+00
     194.20000    2.0104E-03    0.0000E+00    8.2634E-01    0.0000E+00
     194.30000    1.9959E-03    0.0000E+00    8.4189E-01    0.0000E+00
     194.40000    1.9830E-03    0.0000E+00    8.5801E-01    0.0000E+00
     194.50000    1.9715E-03    0.0000E+00    8.7468E-01    0.0000E+00
     194.60000    1.9614E-03    0.0000E+00    8.9188E-01    0.0000E+00
     194.70000    1.9525E-03    0.0000E+00    9.0960E-01    0.0000E+00
     194.80000    1.9447E-03    0.0000E+00    9.2781E-01    0.0000E+00
     194.90000    1.9206E-03    0.0000E+00    9.3801E-01    0.0000E+00
     195.00000    1.8769E-03    0.0000E+00    9.3801E-01    0.0000E+00
     195.10000    1.8349E-03    0.0000E+00    9.3801E-01    0.0000E+00
     195.20000    1.7945E-03    0.0000E+00    9.3801E-01    0.0000E+00
     195.30000    1.7556E-03    0.0000E+00    9.3801E-01    0.0000E+00
     195.40000    1.7182E-03    0.0000E+00    9.3801E-01    0.0000E+00
     195.50000    1.6821E-03    0.0000E+00    9.3801E-01    0.0000E+00
     195.60000    1.6521E-03    0.0000E+00    9.3801E-01    0.0000E+00
     195.70000    1.6369E-03    0.0000E+00    9.3801E-01    0.0000E+00
     195.80000    1.6361E-03    0.0000E+00    9.3801E-01    0.0000E+00
     195.90000    1.6499E-03    0.0000E+00    9.3801E-01    0.0000E+00
     196.00000    1.6786E-03    0.0000E+00    9.3801E-01    0.0000E+00
     196.10000    1.7144E-03    0.0000E+00    9.3801E-01    0.0000E+00
     196.20000    1.7516E-03    0.0000E+00    9.3801E-01    0.0000E+00
     196.30000    1.7903E-03    0.0000E+00    9.3801E-01    0.0000E+00
     196.40000    1.8305E-03    0.0000E+00    9.3801E-01    0.0000E+00
     196.50000    1.8723E-03    0.0000E+00    9.3801E-01    0.0000E+00
     196.60000    1.9158E-03    0.0000E+00    9.3801E-01    0.0000E+00
     196.70000    1.9816E-03    0.0000E+00    9.4788E-01    0.0000E+00
     196.80000    2.0774E-03    0.0000E+00    9.7040E-01    0.0000E+00
     196.90000    2.1794E-03    0.0000E+00    9.9379E-01    0.0000E+00
     197.00000    2.2882E-03    0.0000E+00    1.0181E+00    0.0000E+00
     197.10000    2.4042E-03    0.0000E+00    1.0433E+00    0.0000E+00
     197.20000    2.5278E-03    0.0000E+00    1.0695E+00    0.0000E+00
     197.30000    2.6596E-03    0.0000E+00    1.0966E+00    0.0000E+00
     197.40000    2.8002E-03    0.0000E+00    1.1246E+00    0.0000E+00
     197.50000    2.9502E-03    0.0000E+00    1.1537E+00    0.0000E+00
     197.60000    3.1102E-03    0.0000E+00    1.1837E+00    0.0000E+00
     197.70000    3.2811E-03    0.0000E+00    1.2148E+00    0.0000E+00
     197.80000    3.4635E-03    0.0000E+00    1.2469E+00    0.0000E+00
     197.90000    3.6582E-03    0.0000E+00    1.2800E+00    0.0000E+00
     198.00000    3.8663E-03    0.0000E+00    1.3142E+00    0.0000E+00
     198.10000    4.0886E-03    0.0000E+00    1.3495E+00    0.0000E+00
     198.20000    4.3262E-03    0.0000E+00    1.3859E+00    0.0000E+00
     198.30000    4.5802E-03    0.0000E+00    1.4234E+00    0.0000E+00
     198.40000    4.8519E-03    0.0000E+00    1.4620E+00    0.0000E+00
     198.50000    5.1425E-03    0.0000E+00    1.5018E+00    0.0000E+00
     198.60000    5.4535E-03    0.0000E+00    1.5428E+00    0.0000E+00
     198.70000    5.7865E-03    0.0000E+00    1.5849E+00    0.0000E+00
     198.80000    6.1430E-03    0.0000E+00    1.6283E+00    0.0000E+00
     198.90000    6.5250E-03    0.0000E+00    1.6728E+00    0.0000E+00
     199.00000    6.9343E-03    0.0000E+00    1.7186E+00    0.0000E+00
     199.10000    7.3383E-03    0.0000E+00    1.7574E+00    0.0000E+00
     199.20000    7.5983E-03    0.0000E+00    1.7574E+00    0.0000E+00
     199.30000    7.8716E-03    0.0000E+00    1.7574E+00    0.0000E+00
     199.40000    8.1986E-03    0.0000E+00    1.7660E+00    0.0000E+00
     199.50000    8.7420E-03    0.0000E+00    1.8158E+00    0.0000E+00
     199.60000    9.3259E-03    0.0000E+00    1.8670E+00    0.0000E+00
     199.70000    9.9535E-03    0.0000E+00    1.9196E+00    0.0000E+00
     199.80000    1.0628E-02    0.0000E+00    1.9735E+00    0.0000E+00
     199.90000    1.1354E-02    0.0000E+00    2.0288E+00    0.0000E+00
     200.00000    1.2135E-02    0.0000E+00    2.0855E+00    0.0000E+00
     200.10000    1.2975E-02    0.0000E+00    2.1437E+00    0.0000E+00
     200.20000    1.3879E-02    0.0000E+00    2.2034E+00    0.0000E+00
     200.30000    1.4853E-02    0.0000E+00    2.2645E+00    0.0000E+00
     200.40000    1.5901E-02    0.0000E+00    2.3271E+00    0.0000E+00
     200.50000    1.7030E-02    0.0000E+00    2.3913E+00    0.0000E+00
     200.60000    1.8245E-02    0.0000E+00    2.4569E+00    0.0000E+00
     200.70000    1.9555E-02    0.0000E+00    2.5242E+00    0.0000E+00
     200.80000    2.0965E-02    0.0000E+00    2.5930E+00    0.0000E+00
     200.90000    2.2484E-02    0.0000E+00    2.6635E+00    0.0000E+00
     201.00000    2.4120E-02    0.0000E+00    2.7355E+00    0.0000E+00
     201.10000    2.5882E-02    0.0000E+00    2.8093E+00    0.0000E+00
     201.20000    2.7778E-02    0.0000E+00    2.8846E+00    0.0000E+00
     201.30000    2.9819E-02    0.0000E+00    2.9617E+00    0.0000E+00
     201.40000    3.2015E-02    0.0000E+00    3.0405E+00    0.0000E+00
     201.50000    3.4376E-02    0.0000E+00    3.1210E+00    0.0000E+00
     201.60000    3.6914E-02    0.0000E+00    3.2033E+00    0.0000E+00
     201.70000    3.9638E-02    0.0000E+00    3.2874E+00    0.0000E+00
     201.80000    4.2561E-02    0.0000E+00    3.3732E+00    0.0000E+00
     201.90000    4.4652E-02    0.0000E+00    3.3820E+00    0.0000E+00
     202.00000    4.6719E-02    0.0000E+00    3.3820E+00    0.0000E+00
     202.10000    4.8873E-02    0.0000E+00    3.3820E+00    0.0000E+00
     202.20000    5.1113E-02    0.0000E+00    3.3820E+00    0.0000E+00
     202.30000    5.3436E-02    0.0000E+00    3.3820E+00    0.0000E+00
     202.40000    5.5839E-02    0.0000E+00    3.3820E+00    0.0000E+00
     202.50000    5.8302E-02    0.0000E+00    3.3820E+00    0.0000E+00
     202.60000    6.0499E-02    0.0000E+00    3.3820E+00    0.0000E+00
     202.70000    6.2234E-02    0.0000E+00    3.3820E+00    0.0000E+00
     202.80000    6.3445E-02    0.0000E+00    3.3820E+00    0.0000E+00
     202.90000    6.4091E-02    0.0000E+00    3.3820E+00    0.0000E+00
     203.00000    6.4228E-02    0.0000E+00    3.3820E+00    0.0000E+00
     203.10000    6.4216E-02    0.0000E+00    3.3820E+00    0.0000E+00
     203.20000    6.4106E-02    0.0000E+00    3.3820E+00    0.0000E+00
     203.30000    6.3902E-02    0.0000E+00    3.3820E+00    0.0000E+00
     203.40000    6.3607E-02    0.0000E+00    3.3820E+00    0.0000E+00
     203.50000    6.3228E-02    0.0000E+00    3.3820E+00    0.0000E+00
     203.60000    6.2768E-02    0.0000E+00    3.3820E+00    0.0000E+00
     203.70000    6.3624E-02    0.0000E+00    3.4576E+00    0.0000E+00
     203.80000    6.4542E-02    0.0000E+00    3.5417E+00    0.0000E+00
     203.90000    6.5364E-02    0.0000E+00    3.6259E+00    0.0000E+00
     204.00000    6.6093E-02    0.0000E+00    3.7101E+00    0.0000E+00
     204.10000    6.6729E-02    0.0000E+00    3.7943E+00    0.0000E+00
     204.20000    6.7276E-02    0.0000E+00    3.8784E+00    0.0000E+00
     204.30000    6.7738E-02    0.0000E+00    3.9623E+00    0.0000E+00
     204.40000    6.8116E-02    0.0000E+00    4.0461E+00    0.0000E+00
     204.50000    6.8416E-02    0.0000E+00    4.1298E+00    0.0000E+00
     204.60000    6.8642E-02    0.0000E+00    4.2132E+00    0.0000E+00
     204.70000    6.8798E-02    0.0000E+00    4.2963E+00    0.0000E+00
     204.80000    6.8889E-02    0.0000E+00    4.3791E+00    0.0000E+00
     204.90000    6.8920E-02    0.0000E+00    4.4617E+00    0.0000E+00
     205.00000    6.8894E-02    0.0000E+00    4.5438E+00    0.0000E+00
     205.10000    6.8818E-02    0.0000E+00    4.6255E+00    0.0000E+00
     205.20000    6.8695E-02    0.0000E+00    4.7069E+00    0.0000E+00
     205.30000    6.8531E-02    0.0000E+00    4.7877E+00    0.0000E+00
     205.40000    6.8329E-02    0.0000E+00    4.8680E+00    0.0000E+00
     205.50000    6.8094E-02    0.0000E+00    4.9478E+00    0.0000E+00
     205.60000    6.7829E-02    0.0000E+00    5.0271E+00    0.0000E+00
     205.70000    6.7540E-02    0.0000E+00    5.1057E+00    0.0000E+00
     205.80000    6.7230E-02    0.0000E+00    5.1837E+00    0.0000E+00
     205.90000    6.6902E-02    0.0000E+00    5.2611E+00    0.0000E+00
     206.00000    6.6559E-02    0.0000E+00    5.3377E+00    0.0000E+00
     206.10000    6.5628E-02    0.0000E+00    5.3665E+00    0.0000E+00
     206.20000    6.4374E-02    0.0000E+00    5.3665E+00    0.0000E+00
     206.30000    6.3157E-02    0.0000E+00    5.3665E+00    0.0000E+00
     206.40000    6.2494E-02    0.0000E+00    5.4113E+00    0.0000E+00
     206.50000    6.2152E-02    0.0000E+00    5.4826E+00    0.0000E+00
     206.60000    6.1811E-02    0.0000E+00    5.5531E+00    0.0000E+00
     206.70000    6.1473E-02    0.0000E+00    5.6228E+00    0.0000E+00
     206.80000    6.1140E-02    0.0000E+00    5.6915E+00    0.0000E+00
     206.90000    6.0815E-02    0.0000E+00    5.7594E+00    0.0000E+00
     207.00000    6.0498E-02    0.0000E+00    5.8263E+00    0.0000E+00
     207.10000    6.0191E-02    0.0000E+00    5.8923E+00    0.0000E+00
     207.20000    5.9895E-02    0.0000E+00    5.9574E+00    0.0000E+00
     207.30000    5.9613E-02    0.0000E+00    6.0214E+00    0.0000E+00
     207.40000    5.9345E-02    0.0000E+00    6.0844E+00    0.0000E+00
     207.50000    5.9091E-02    0.0000E+00    6.1463E+00    0.0000E+00
     207.60000    5.8854E-02    0.0000E+00    6.2072E+00    0.0000E+00
     207.70000    5.8634E-02    0.0000E+00    6.2670E+00    0.0000E+00
     207.80000    5.8432E-02    0.0000E+00    6.3257E+00    0.0000E+00
     207.90000    5.8249E-02    0.0000E+00    6.3833E+00    0.0000E+00
     208.00000    5.8085E-02    0.0000E+00    6.4397E+00    0.0000E+00
     208.10000    5.7941E-02    0.0000E+00    6.4950E+00    0.0000E+00
     208.20000    5.7817E-02    0.0000E+00    6.5491E+00    0.0000E+00
     208.30000    5.7713E-02    0.0000E+00    6.6020E+00    0.0000E+00
     208.40000    5.7631E-02    0.0000E+00    6.6537E+00    0.0000E+00
     208.50000    5.7568E-02    0.0000E+00    6.7041E+00    0.0000E+00
     208.60000    5.7527E-02    0.0000E+00    6.7533E+00    0.0000E+00
     208.70000    5.7505E-02    0.0000E+00    6.8013E+00    0.0000E+00
     208.80000    5.7368E-02    0.0000E+00    6.8319E+00    0.0000E+00
     208.90000    5.7005E-02    0.0000E+00    6.8319E+00    0.0000E+00
     209.00000    5.6674E-02    0.0000E+00    6.8319E+00    0.0000E+00
     209.10000    5.6370E-02    0.0000E+00    6.8319E+00    0.0000E+00
     209.20000    5.6093E-02    0.0000E+00    6.8319E+00    0.0000E+00
     209.30000    5.5838E-02    0.0000E+00    6.8319E+00    0.0000E+00
     209.40000    5.5601E-02    0.0000E+00    6.8319E+00    0.0000E+00
     209.50000    5.5495E-02    0.0000E+00    6.8319E+00    0.0000E+00
     209.60000    5.5850E-02    0.0000E+00    6.8319E+00    0.0000E+00
     209.70000    5.6672E-02    0.0000E+00    6.8319E+00    0.0000E+00
     209.80000    5.7967E-02    0.0000E+00    6.8319E+00    0.0000E+00
     209.90000    5.9762E-02    0.0000E+00    6.8319E+00    0.0000E+00
     210.00000    6.1833E-02    0.0000E+00    6.8319E+00    0.0000E+00
     210.10000    6.3919E-02    0.0000E+00    6.8319E+00    0.0000E+00
     210.20000    6.6015E-02    0.0000E+00    6.8319E+00    0.0000E+00
     210.30000    6.8117E-02    0.0000E+00    6.8319E+00    0.0000E+00
     210.40000    7.0222E-02    0.0000E+00    6.8319E+00    0.0000E+00
     210.50000    7.2326E-02    0.0000E+00    6.8319E+00    0.0000E+00
     210.60000    7.4526E-02    0.0000E+00    6.8411E+00    0.0000E+00
     210.70000    7.6916E-02    0.0000E+00    6.8673E+00    0.0000E+00
     210.80000    7.9307E-02    0.0000E+00    6.8928E+00    0.0000E+00
     210.90000    8.1697E-02    0.0000E+00    6.9177E+00    0.0000E+00
     211.00000    8.4085E-02    0.0000E+00    6.9419E+00    0.0000E+00
     211.10000    8.6469E-02    0.0000E+00    6.9655E+00    0.0000E+00
     211.20000    8.8850E-02    0.0000E+00    6.9884E+00    0.0000E+00
     211.30000    9.1228E-02    0.0000E+00    7.0107E+00    0.0000E+00
     211.40000    9.3602E-02    0.0000E+00    7.0324E+00    0.0000E+00
     211.50000    9.5975E-02    0.0000E+00    7.0534E+00    0.0000E+00
     211.60000    9.8348E-02    0.0000E+00    7.0738E+00    0.0000E+00
     211.70000    1.0072E-01    0.0000E+00    7.0936E+00    0.0000E+00
     211.80000    1.0310E-01    0.0000E+00    7.1128E+00    0.0000E+00
     211.90000    1.0548E-01    0.0000E+00    7.1314E+00    0.0000E+00
     212.00000    1.0788E-01    0.0000E+00    7.1493E+00    0.0000E+00
     212.10000    1.1028E-01    0.0000E+00    7.1666E+00    0.0000E+00
     212.20000    1.1270E-01    0.0000E+00    7.1834E+00    0.0000E+00
     212.30000    1.1513E-01    0.0000E+00    7.1995E+00    0.0000E+00
     212.40000    1.1758E-01    0.0000E+00    7.2151E+00    0.0000E+00
     212.50000    1.2005E-01    0.0000E+00    7.2300E+00    0.0000E+00
     212.60000    1.2254E-01    0.0000E+00    7.2444E+00    0.0000E+00
     212.70000    1.2506E-01    0.0000E+00    7.2583E+00    0.0000E+00
     212.80000    1.2761E-01    0.0000E+00    7.2715E+00    0.0000E+00
     212.90000    1.3018E-01    0.0000E+00    7.2843E+00    0.0000E+00
     213.00000    1.3276E-01    0.0000E+00    7.2956E+00    0.0000E+00
     213.10000    1.3517E-01    0.0000E+00    7.2956E+00    0.0000E+00
     213.20000    1.3760E-01    0.0000E+00    7.2956E+00    0.0000E+00
     213.30000    1.4008E-01    0.0000E+00    7.2963E+00    0.0000E+00
     213.40000    1.4275E-01    0.0000E+00    7.3058E+00    0.0000E+00
     213.50000    1.4545E-01    0.0000E+00    7.3148E+00    0.0000E+00
     213.60000    1.4817E-01    0.0000E+00    7.3233E+00    0.0000E+00
     213.70000    1.5091E-01    0.0000E+00    7.3313E+00    0.0000E+00
     213.80000    1.5366E-01    0.0000E+00    7.3388E+00    0.0000E+00
     213.90000    1.5643E-01    0.0000E+00    7.3459E+00    0.0000E+00
     214.00000    1.5919E-01    0.0000E+00    7.3525E+00    0.0000E+00
     214.10000    1.6196E-01    0.0000E+00    7.3587E+00    0.0000E+00
     214.20000    1.6472E-01    0.0000E+00    7.3644E+00    0.0000E+00
     214.30000    1.6747E-01    0.0000E+00    7.3698E+00    0.0000E+00
     214.40000    1.7019E-01    0.0000E+00    7.3747E+00    0.0000E+00
     214.50000    1.7288E-01    0.0000E+00    7.3792E+00    0.0000E+00
     214.60000    1.7553E-01    0.0000E+00    7.3834E+00    0.0000E+00
     214.70000    1.7813E-01    0.0000E+00    7.3872E+00    0.0000E+00
     214.80000    1.8066E-01    0.0000E+00    7.3906E+00    0.0000E+00
     214.90000    1.8312E-01    0.0000E+00    7.3937E+00    0.0000E+00
     215.00000    1.8550E-01    0.0000E+00    7.3964E+00    0.0000E+00
     215.10000    1.8777E-01    0.0000E+00    7.3989E+00    0.0000E+00
     215.20000    1.8992E-01    0.0000E+00    7.4011E+00    0.0000E+00
     215.30000    1.9195E-01    0.0000E+00    7.4030E+00    0.0000E+00
     215.40000    1.9383E-01    0.0000E+00    7.4046E+00    0.0000E+00
     215.50000    1.9556E-01    0.0000E+00    7.4060E+00    0.0000E+00
     215.60000    1.9711E-01    0.0000E+00    7.4071E+00    0.0000E+00
     215.70000    1.9848E-01    0.0000E+00    7.4081E+00    0.0000E+00
     215.80000    1.9963E-01    0.0000E+00    7.4082E+00    0.0000E+00
     215.90000    2.0056E-01    0.0000E+00    7.4082E+00    0.0000E+00
     216.00000    2.0127E-01    0.0000E+00    7.4082E+00    0.0000E+00
     216.10000    2.0174E-01    0.0000E+00    7.4082E+00    0.0000E+00
     216.20000    2.0197E-01    0.0000E+00    7.4082E+00    0.0000E+00
     216.30000    2.0193E-01    0.0000E+00    7.4082E+00    0.0000E+00
     216.40000    2.0161E-01    0.0000E+00    7.4082E+00    0.0000E+00
     216.50000    1.9954E-01    0.0000E+00    7.4082E+00    0.0000E+00
     216.60000    1.9491E-01    0.0000E+00    7.4082E+00    0.0000E+00
     216.70000    1.8797E-01    0.0000E+00    7.4082E+00    0.0000E+00
     216.80000    1.7906E-01    0.0000E+00    7.4082E+00    0.0000E+00
     216.90000    1.6883E-01    0.0000E+00    7.4082E+00    0.0000E+00
     217.00000    1.5903E-01    0.0000E+00    7.4082E+00    0.0000E+00
     217.10000    1.4994E-01    0.0000E+00    7.4082E+00    0.0000E+00
     217.20000    1.4152E-01    0.0000E+00    7.4082E+00    0.0000E+00
     217.30000    1.3370E-01    0.0000E+00    7.4082E+00    0.0000E+00
     217.40000    1.2646E-01    0.0000E+00    7.4082E+00    0.0000E+00
     217.50000    1.1974E-01    0.0000E+00    7.4082E+00    0.0000E+00
     217.60000    1.1341E-01    0.0000E+00    7.4010E+00    0.0000E+00
     217.70000    1.0750E-01    0.0000E+00    7.3919E+00    0.0000E+00
     217.80000    1.0202E-01    0.0000E+00    7.3826E+00    0.0000E+00
     217.90000    9.6932E-02    0.0000E+00    7.3732E+00    0.0000E+00
     218.00000    9.2206E-02    0.0000E+00    7.3636E+00    0.0000E+00
     218.10000    8.7812E-02    0.0000E+00    7.3539E+00    0.0000E+00
     218.20000    8.3724E-02    0.0000E+00    7.3440E+00    0.0000E+00
     218.30000    7.9917E-02    0.0000E+00    7.3339E+00    0.0000E+00
     218.40000    7.6369E-02    0.0000E+00    7.3236E+00    0.0000E+00
     218.50000    7.3060E-02    0.0000E+00    7.3130E+00    0.0000E+00
     218.60000    6.9970E-02    0.0000E+00    7.3022E+00    0.0000E+00
     218.70000    6.7083E-02    0.0000E+00    7.2912E+00    0.0000E+00
     218.80000    6.4382E-02    0.0000E+00    7.2798E+00    0.0000E+00
     218.90000    6.1853E-02    0.0000E+00    7.2682E+00    0.0000E+00
     219.00000    5.9484E-02    0.0000E+00    7.2563E+00    0.0000E+00
     219.10000    5.7261E-02    0.0000E+00    7.2440E+00    0.0000E+00
     219.20000    5.5173E-02    0.0000E+00    7.2314E+00    0.0000E+00
     219.30000    5.3211E-02    0.0000E+00    7.2185E+00    0.0000E+00
     219.40000    5.1364E-02    0.0000E+00    7.2052E+00    0.0000E+00
     219.50000    4.9624E-02    0.0000E+00    7.1916E+00    0.0000E+00
     219.60000    4.7982E-02    0.0000E+00    7.1775E+00    0.0000E+00
     219.70000    4.6432E-02    0.0000E+00    7.1631E+00    0.0000E+00
     219.80000    4.4965E-02    0.0000E+00    7.1483E+00    0.0000E+00
     219.90000    4.3575E-02    0.0000E+00    7.1331E+00    0.0000E+00
     220.00000    4.2305E-02    0.0000E+00    7.1255E+00    0.0000E+00
     220.10000    4.1142E-02    0.0000E+00    7.1255E+00    0.0000E+00
     220.20000    4.0037E-02    0.0000E+00    7.1255E+00    0.0000E+00
     220.30000    3.8933E-02    0.0000E+00    7.1165E+00    0.0000E+00
     220.40000    3.7833E-02    0.0000E+00    7.0986E+00    0.0000E+00
     220.50000    3.6778E-02    0.0000E+00    7.0802E+00    0.0000E+00
     220.60000    3.5764E-02    0.0000E+00    7.0614E+00    0.0000E+00
     220.70000    3.4787E-02    0.0000E+00    7.0421E+00    0.0000E+00
     220.80000    3.3843E-02    0.0000E+00    7.0223E+00    0.0000E+00
     220.90000    3.2928E-02    0.0000E+00    7.0021E+00    0.0000E+00
     221.00000    3.2038E-02    0.0000E+00    6.9813E+00    0.0000E+00
     221.10000    3.1169E-02    0.0000E+00    6.9601E+00    0.0000E+00
     221.20000    3.0319E-02    0.0000E+00    6.9383E+00    0.0000E+00
     221.30000    2.9484E-02    0.0000E+00    6.9161E+00    0.0000E+00
     221.40000    2.8661E-02    0.0000E+00    6.8933E+00    0.0000E+00
     221.50000    2.7848E-02    0.0000E+00    6.8700E+00    0.0000E+00
     221.60000    2.7042E-02    0.0000E+00    6.8462E+00    0.0000E+00
     221.70000    2.6242E-02    0.0000E+00    6.8218E+00    0.0000E+00
     221.80000    2.5445E-02    0.0000E+00    6.7969E+00    0.0000E+00
     221.90000    2.4651E-02    0.0000E+00    6.7715E+00    0.0000E+00
     222.00000    2.3858E-02    0.0000E+00    6.7456E+00    0.0000E+00
     222.10000    2.3067E-02    0.0000E+00    6.7191E+00    0.0000E+00
     222.20000    2.2276E-02    0.0000E+00    6.6921E+00    0.0000E+00
     222.30000    2.1487E-02    0.0000E+00    6.6646E+00    0.0000E+00
     222.40000    2.0700E-02    0.0000E+00    6.6365E+00    0.0000E+00
     222.50000    1.9917E-02    0.0000E+00    6.6079E+00    0.0000E+00
     222.60000    1.9139E-02    0.0000E+00    6.5787E+00    0.0000E+00
     222.70000    1.8387E-02    0.0000E+00    6.5562E+00    0.0000E+00
     222.80000    1.7704E-02    0.0000E+00    6.5562E+00    0.0000E+00
     222.90000    1.7026E-02    0.0000E+00    6.5562E+00    0.0000E+00
     223.00000    1.6356E-02    0.0000E+00    6.5562E+00    0.0000E+00
     223.10000    1.5695E-02    0.0000E+00    6.5562E+00    0.0000E+00
     223.20000    1.5046E-02    0.0000E+00    6.5562E+00    0.0000E+00
     223.30000    1.4410E-02    0.0000E+00    6.5562E+00    0.0000E+00
     223.40000    1.3810E-02    0.0000E+00    6.5562E+00    0.0000E+00
     223.50000    1.3332E-02    0.0000E+00    6.5562E+00    0.0000E+00
     223.60000    1.2975E-02    0.0000E+00    6.5562E+00    0.0000E+00
     223.70000    1.2735E-02    0.0000E+00    6.5562E+00    0.0000E+00
     223.80000    1.2610E-02    0.0000E+00    6.5562E+00    0.0000E+00
     223.90000    1.2561E-02    0.0000E+00    6.5562E+00    0.0000E+00
     224.00000    1.2522E-02    0.0000E+00    6.5562E+00    0.0000E+00
     224.10000    1.2494E-02    0.0000E+00    6.5562E+00    0.0000E+00
     224.20000    1.2476E-02    0.0000E+00    6.5562E+00    0.0000E+00
     224.30000    1.2470E-02    0.0000E+00    6.5562E+00    0.0000E+00
     224.40000    1.2476E-02    0.0000E+00    6.5562E+00    0.0000E+00
     224.50000    1.2471E-02    0.0000E+00    6.5447E+00    0.0000E+00
     224.60000    1.2408E-02    0.0000E+00    6.4962E+00    0.0000E+00
     224.70000    1.2355E-02    0.0000E+00    6.4465E+00    0.0000E+00
     224.80000    1.2311E-02    0.0000E+00    6.3956E+00    0.0000E+00
     224.90000    1.2277E-02    0.0000E+00    6.3436E+00    0.0000E+00
     225.00000    1.2251E-02    0.0000E+00    6.2906E+00    0.0000E+00
     225.10000    1.2235E-02    0.0000E+00    6.2364E+00    0.0000E+00
     225.20000    1.2228E-02    0.0000E+00    6.1811E+00    0.0000E+00
     225.30000    1.2229E-02    0.0000E+00    6.1248E+00    0.0000E+00
     225.40000    1.2239E-02    0.0000E+00    6.0675E+00    0.0000E+00
     225.50000    1.2258E-02    0.0000E+00    6.0092E+00    0.0000E+00
     225.60000    1.2285E-02    0.0000E+00    5.9499E+00    0.0000E+00
     225.70000    1.2321E-02    0.0000E+00    5.8896E+00    0.0000E+00
     225.80000    1.2365E-02    0.0000E+00    5.8284E+00    0.0000E+00
     225.90000    1.2417E-02    0.0000E+00    5.7663E+00    0.0000E+00
     226.00000    1.2477E-02    0.0000E+00    5.7034E+00    0.0000E+00
     226.10000    1.2546E-02    0.0000E+00    5.6396E+00    0.0000E+00
     226.20000    1.2624E-02    0.0000E+00    5.5750E+00    0.0000E+00
     226.30000    1.2709E-02    0.0000E+00    5.5096E+00    0.0000E+00
     226.40000    1.2804E-02    0.0000E+00    5.4434E+00    0.0000E+00
     226.50000    1.2907E-02    0.0000E+00    5.3765E+00    0.0000E+00
     226.60000    1.3019E-02    0.0000E+00    5.3089E+00    0.0000E+00
     226.70000    1.3139E-02    0.0000E+00    5.2407E+00    0.0000E+00
     226.80000    1.3269E-02    0.0000E+00    5.1718E+00    0.0000E+00
     226.90000    1.3409E-02    0.0000E+00    5.1023E+00    0.0000E+00
     227.00000    1.3739E-02    0.0000E+00    5.0998E+00    0.0000E+00
     227.10000    1.4098E-02    0.0000E+00    5.0998E+00    0.0000E+00
     227.20000    1.4478E-02    0.0000E+00    5.0998E+00    0.0000E+00
     227.30000    1.4675E-02    0.0000E+00    5.0290E+00    0.0000E+00
     227.40000    1.4877E-02    0.0000E+00    4.9550E+00    0.0000E+00
     227.50000    1.5090E-02    0.0000E+00    4.8807E+00    0.0000E+00
     227.60000    1.5315E-02    0.0000E+00    4.8060E+00    0.0000E+00
     227.70000    1.5554E-02    0.0000E+00    4.7309E+00    0.0000E+00
     227.80000    1.5805E-02    0.0000E+00    4.6555E+00    0.0000E+00
     227.90000    1.6071E-02    0.0000E+00    4.5798E+00    0.0000E+00
     228.00000    1.6351E-02    0.0000E+00    4.5039E+00    0.0000E+00
     228.10000    1.6646E-02    0.0000E+00    4.4278E+00    0.0000E+00
     228.20000    1.6957E-02    0.0000E+00    4.3516E+00    0.0000E+00
     228.30000    1.7284E-02    0.0000E+00    4.2752E+00    0.0000E+00
     228.40000    1.7629E-02    0.0000E+00    4.1988E+00    0.0000E+00
     228.50000    1.7993E-02    0.0000E+00    4.1223E+00    0.0000E+00
     228.60000    1.8376E-02    0.0000E+00    4.0459E+00    0.0000E+00
     228.70000    1.8779E-02    0.0000E+00    3.9696E+00    0.0000E+00
     228.80000    1.9203E-02    0.0000E+00    3.8933E+00    0.0000E+00
     228.90000    1.9650E-02    0.0000E+00    3.8173E+00    0.0000E+00
     229.00000    2.0120E-02    0.0000E+00    3.7414E+00    0.0000E+00
     229.10000    2.0616E-02    0.0000E+00    3.6657E+00    0.0000E+00
     229.20000    2.1137E-02    0.0000E+00    3.5904E+00    0.0000E+00
     229.30000    2.1687E-02    0.0000E+00    3.5154E+00    0.0000E+00
     229.40000    2.2265E-02    0.0000E+00    3.4408E+00    0.0000E+00
     229.50000    2.2875E-02    0.0000E+00    3.3667E+00    0.0000E+00
     229.60000    2.3517E-02    0.0000E+00    3.2931E+00    0.0000E+00
     229.70000    2.4570E-02    0.0000E+00    3.2702E+00    0.0000E+00
     229.80000    2.5875E-02    0.0000E+00    3.2702E+00    0.0000E+00
     229.90000    2.7275E-02    0.0000E+00    3.2702E+00    0.0000E+00
     230.00000    2.8778E-02    0.0000E+00    3.2702E+00    0.0000E+00
     230.10000    3.0391E-02    0.0000E+00    3.2702E+00    0.0000E+00
     230.20000    3.2123E-02    0.0000E+00    3.2702E+00    0.0000E+00
     230.30000    3.3981E-02    0.0000E+00    3.2702E+00    0.0000E+00
     230.40000    3.5827E-02    0.0000E+00    3.2702E+00    0.0000E+00
     230.50000    3.7498E-02    0.0000E+00    3.2702E+00    0.0000E+00
     230.60000    3.8943E-02    0.0000E+00    3.2702E+00    0.0000E+00
     230.70000    4.0114E-02    0.0000E+00    3.2702E+00    0.0000E+00
     230.80000    4.0990E-02    0.0000E+00    3.2702E+00    0.0000E+00
     230.90000    4.1773E-02    0.0000E+00    3.2702E+00    0.0000E+00
     231.00000    4.2523E-02    0.0000E+00    3.2702E+00    0.0000E+00
     231.10000    4.3238E-02    0.0000E+00    3.2702E+00    0.0000E+00
     231.20000    4.3915E-02    0.0000E+00    3.2702E+00    0.0000E+00
     231.30000    4.4550E-02    0.0000E+00    3.2702E+00    0.0000E+00
     231.40000    4.5140E-02    0.0000E+00    3.2702E+00    0.0000E+00
     231.50000    4.4972E-02    0.0000E+00    3.2194E+00    0.0000E+00
     231.60000    4.4440E-02    0.0000E+00    3.1472E+00    0.0000E+00
     231.70000    4.3866E-02    0.0000E+00    3.0772E+00    0.0000E+00
     231.80000    4.3253E-02    0.0000E+00    3.0091E+00    0.0000E+00
     231.90000    4.2603E-02    0.0000E+00    2.9430E+00    0.0000E+00
     232.00000    4.1919E-02    0.0000E+00    2.8789E+00    0.0000E+00
     232.10000    4.1203E-02    0.0000E+00    2.8168E+00    0.0000E+00
     232.20000    4.0459E-02    0.0000E+00    2.7565E+00    0.0000E+00
     232.30000    3.9688E-02    0.0000E+00    2.6982E+00    0.0000E+00
     232.40000    3.8895E-02    0.0000E+00    2.6416E+00    0.0000E+00
     232.50000    3.8082E-02    0.0000E+00    2.5870E+00    0.0000E+00
     232.60000    3.7252E-02    0.0000E+00    2.5341E+00    0.0000E+00
     232.70000    3.6409E-02    0.0000E+00    2.4830E+00    0.0000E+00
     232.80000    3.5556E-02    0.0000E+00    2.4337E+00    0.0000E+00
     232.90000    3.4696E-02    0.0000E+00    2.3861E+00    0.0000E+00
     233.00000    3.3831E-02    0.0000E+00    2.3402E+00    0.0000E+00
     233.10000    3.2966E-02    0.0000E+00    2.2960E+00    0.0000E+00
     233.20000    3.2102E-02    0.0000E+00    2.2534E+00    0.0000E+00
     233.30000    3.1242E-02    0.0000E+00    2.2125E+00    0.0000E+00
     233.40000    3.0389E-02    0.0000E+00    2.1731E+00    0.0000E+00
     233.50000    2.9546E-02    0.0000E+00    2.1354E+00    0.0000E+00
     233.60000    2.8713E-02    0.0000E+00    2.0992E+00    0.0000E+00
     233.70000    2.7893E-02    0.0000E+00    2.0645E+00    0.0000E+00
     233.80000    2.7088E-02    0.0000E+00    2.0314E+00    0.0000E+00
     233.90000    2.6468E-02    0.0000E+00    2.0126E+00    0.0000E+00
     234.00000    2.6085E-02    0.0000E+00    2.0126E+00    0.0000E+00
     234.10000    2.5691E-02    0.0000E+00    2.0126E+00    0.0000E+00
     234.20000    2.5131E-02    0.0000E+00    2.0002E+00    0.0000E+00
     234.30000    2.4362E-02    0.0000E+00    1.9713E+00    0.0000E+00
     234.40000    2.3616E-02    0.0000E+00    1.9437E+00    0.0000E+00
     234.50000    2.2893E-02    0.0000E+00    1.9174E+00    0.0000E+00
     234.60000    2.2193E-02    0.0000E+00    1.8925E+00    0.0000E+00
     234.70000    2.1516E-02    0.0000E+00    1.8690E+00    0.0000E+00
     234.80000    2.0863E-02    0.0000E+00    1.8467E+00    0.0000E+00
     234.90000    2.0233E-02    0.0000E+00    1.8257E+00    0.0000E+00
     235.00000    1.9628E-02    0.0000E+00    1.8059E+00    0.0000E+00
     235.10000    1.9045E-02    0.0000E+00    1.7874E+00    0.0000E+00
     235.20000    1.8485E-02    0.0000E+00    1.7701E+00    0.0000E+00
     235.30000    1.7948E-02    0.0000E+00    1.7539E+00    0.0000E+00
     235.40000    1.7433E-02    0.0000E+00    1.7390E+00    0.0000E+00
     235.50000    1.6940E-02    0.0000E+00    1.7251E+00    0.0000E+00
     235.60000    1.6468E-02    0.0000E+00    1.7124E+00    0.0000E+00
     235.70000    1.6016E-02    0.0000E+00    1.7008E+00    0.0000E+00
     235.80000    1.5585E-02    0.0000E+00    1.6903E+00    0.0000E+00
     235.90000    1.5173E-02    0.0000E+00    1.6808E+00    0.0000E+00
     236.00000    1.4780E-02    0.0000E+00    1.6724E+00    0.0000E+00
     236.10000    1.4405E-02    0.0000E+00    1.6650E+00    0.0000E+00
     236.20000    1.4047E-02    0.0000E+00    1.6586E+00    0.0000E+00
     236.30000    1.3706E-02    0.0000E+00    1.6531E+00    0.0000E+00
     236.40000    1.3382E-02    0.0000E+00    1.6486E+00    0.0000E+00
     236.50000    1.3073E-02    0.0000E+00    1.6451E+00    0.0000E+00
     236.60000    1.2781E-02    0.0000E+00    1.6428E+00    0.0000E+00
     236.70000    1.2514E-02    0.0000E+00    1.6428E+00    0.0000E+00
     236.80000    1.2254E-02    0.0000E+00    1.6428E+00    0.0000E+00
     236.90000    1.2000E-02    0.0000E+00    1.6428E+00    0.0000E+00
     237.00000    1.1753E-02    0.0000E+00    1.6428E+00    0.0000E+00
     237.10000    1.1511E-02    0.0000E+00    1.6428E+00    0.0000E+00
     237.20000    1.1277E-02    0.0000E+00    1.6428E+00    0.0000E+00
     237.30000    1.1060E-02    0.0000E+00    1.6428E+00    0.0000E+00
     237.40000    1.0930E-02    0.0000E+00    1.6428E+00    0.0000E+00
     237.50000    1.0896E-02    0.0000E+00    1.6428E+00    0.0000E+00
     237.60000    1.0956E-02    0.0000E+00    1.6428E+00    0.0000E+00
     237.70000    1.1112E-02    0.0000E+00    1.6428E+00    0.0000E+00
     237.80000    1.1340E-02    0.0000E+00    1.6428E+00    0.0000E+00
     237.90000    1.1576E-02    0.0000E+00    1.6428E+00    0.0000E+00
     238.00000    1.1819E-02    0.0000E+00    1.6428E+00    0.0000E+00
     238.10000    1.2068E-02    0.0000E+00    1.6428E+00    0.0000E+00
     238.20000    1.2324E-02    0.0000E+00    1.6428E+00    0.0000E+00
     238.30000    1.2586E-02    0.0000E+00    1.6428E+00    0.0000E+00
     238.40000    1.2857E-02    0.0000E+00    1.6431E+00    0.0000E+00
     238.50000    1.3155E-02    0.0000E+00    1.6460E+00    0.0000E+00
     238.60000    1.3468E-02    0.0000E+00    1.6498E+00    0.0000E+00
     238.70000    1.3797E-02    0.0000E+00    1.6545E+00    0.0000E+00
     238.80000    1.4142E-02    0.0000E+00    1.6602E+00    0.0000E+00
     238.90000    1.4504E-02    0.0000E+00    1.6669E+00    0.0000E+00
     239.00000    1.4884E-02    0.0000E+00    1.6746E+00    0.0000E+00
     239.10000    1.5283E-02    0.0000E+00    1.6833E+00    0.0000E+00
     239.20000    1.5700E-02    0.0000E+00    1.6930E+00    0.0000E+00
     239.30000    1.6137E-02    0.0000E+00    1.7039E+00    0.0000E+00
     239.40000    1.6594E-02    0.0000E+00    1.7158E+00    0.0000E+00
     239.50000    1.7071E-02    0.0000E+00    1.7288E+00    0.0000E+00
     239.60000    1.7570E-02    0.0000E+00    1.7429E+00    0.0000E+00
     239.70000    1.8091E-02    0.0000E+00    1.7582E+00    0.0000E+00
     239.80000    1.8634E-02    0.0000E+00    1.7746E+00    0.0000E+00
     239.90000    1.9200E-02    0.0000E+00    1.7923E+00    0.0000E+00
     240.00000    1.9789E-02    0.0000E+00    1.8111E+00    0.0000E+00
     240.10000    2.0401E-02    0.0000E+00    1.8312E+00    0.0000E+00
     240.20000    2.1037E-02    0.0000E+00    1.8526E+00    0.0000E+00
     240.30000    2.1697E-02    0.0000E+00    1.8752E+00    0.0000E+00
     240.40000    2.2380E-02    0.0000E+00    1.8991E+00    0.0000E+00
     240.50000    2.3086E-02    0.0000E+00    1.9244E+00    0.0000E+00
     240.60000    2.3816E-02    0.0000E+00    1.9510E+00    0.0000E+00
     240.70000    2.4568E-02    0.0000E+00    1.9790E+00    0.0000E+00
     240.80000    2.5343E-02    0.0000E+00    2.0083E+00    0.0000E+00
     240.90000    2.5799E-02    0.0000E+00    2.0126E+00    0.0000E+00
     241.00000    2.6190E-02    0.0000E+00    2.0126E+00    0.0000E+00
     241.10000    2.6569E-02    0.0000E+00    2.0126E+00    0.0000E+00
     241.20000    2.7304E-02    0.0000E+00    2.0402E+00    0.0000E+00
     241.30000    2.8113E-02    0.0000E+00    2.0738E+00    0.0000E+00
     241.40000    2.8937E-02    0.0000E+00    2.1088E+00    0.0000E+00
     241.50000    2.9773E-02    0.0000E+00    2.1455E+00    0.0000E+00
     241.60000    3.0619E-02    0.0000E+00    2.1836E+00    0.0000E+00
     241.70000    3.1474E-02    0.0000E+00    2.2234E+00    0.0000E+00
     241.80000    3.2335E-02    0.0000E+00    2.2648E+00    0.0000E+00
     241.90000    3.3200E-02    0.0000E+00    2.3078E+00    0.0000E+00
     242.00000    3.4065E-02    0.0000E+00    2.3524E+00    0.0000E+00
     242.10000    3.4929E-02    0.0000E+00    2.3988E+00    0.0000E+00
     242.20000    3.5787E-02    0.0000E+00    2.4469E+00    0.0000E+00
     242.30000    3.6638E-02    0.0000E+00    2.4967E+00    0.0000E+00
     242.40000    3.7478E-02    0.0000E+00    2.5482E+00    0.0000E+00
     242.50000    3.8303E-02    0.0000E+00    2.6016E+00    0.0000E+00
     242.60000    3.9111E-02    0.0000E+00    2.6567E+00    0.0000E+00
     242.70000    3.9899E-02    0.0000E+00    2.7138E+00    0.0000E+00
     242.80000    4.0663E-02    0.0000E+00    2.7726E+00    0.0000E+00
     242.90000    4.1400E-02    0.0000E+00    2.8334E+00    0.0000E+00
     243.00000    4.2107E-02    0.0000E+00    2.8961E+00    0.0000E+00
     243.10000    4.2782E-02    0.0000E+00    2.9607E+00    0.0000E+00
     243.20000    4.3422E-02    0.0000E+00    3.0273E+00    0.0000E+00
     243.30000    4.4025E-02    0.0000E+00    3.0959E+00    0.0000E+00
     243.40000    4.4588E-02    0.0000E+00    3.1665E+00    0.0000E+00
     243.50000    4.5109E-02    0.0000E+00    3.2392E+00    0.0000E+00
     243.60000    4.4985E-02    0.0000E+00    3.2702E+00    0.0000E+00
     243.70000    4.4382E-02    0.0000E+00    3.2702E+00    0.0000E+00
     243.80000    4.3736E-02    0.0000E+00    3.2702E+00    0.0000E+00
     243.90000    4.3049E-02    0.0000E+00    3.2702E+00    0.0000E+00
     244.00000    4.2323E-02    0.0000E+00    3.2702E+00    0.0000E+00
     244.10000    4.1564E-02    0.0000E+00    3.2702E+00    0.0000E+00
     244.20000    4.0773E-02    0.0000E+00    3.2702E+00    0.0000E+00
     244.30000    3.9826E-02    0.0000E+00    3.2702E+00    0.0000E+00
     244.40000    3.8578E-02    0.0000E+00    3.2702E+00    0.0000E+00
     244.50000    3.7067E-02    0.0000E+00    3.2702E+00    0.0000E+00
     244.60000    3.5343E-02    0.0000E+00    3.2702E+00    0.0000E+00
     244.70000    3.3466E-02    0.0000E+00    3.2702E+00    0.0000E+00
     244.80000    3.1642E-02    0.0000E+00    3.2702E+00    0.0000E+00
     244.90000    2.9944E-02    0.0000E+00    3.2702E+00    0.0000E+00
     245.00000    2.8361E-02    0.0000E+00    3.2702E+00    0.0000E+00
     245.10000    2.6887E-02    0.0000E+00    3.2702E+00    0.0000E+00
     245.20000    2.5513E-02    0.0000E+00    3.2702E+00    0.0000E+00
     245.30000    2.4232E-02    0.0000E+00    3.2702E+00    0.0000E+00
     245.40000    2.3340E-02    0.0000E+00    3.3129E+00    0.0000E+00
     245.50000    2.2707E-02    0.0000E+00    3.3867E+00    0.0000E+00
     245.60000    2.2106E-02    0.0000E+00    3.4610E+00    0.0000E+00
     245.70000    2.1535E-02    0.0000E+00    3.5357E+00    0.0000E+00
     245.80000    2.0994E-02    0.0000E+00    3.6108E+00    0.0000E+00
     245.90000    2.0479E-02    0.0000E+00    3.6862E+00    0.0000E+00
     246.00000    1.9991E-02    0.0000E+00    3.7619E+00    0.0000E+00
     246.10000    1.9527E-02    0.0000E+00    3.8378E+00    0.0000E+00
     246.20000    1.9086E-02    0.0000E+00    3.9139E+00    0.0000E+00
     246.30000    1.8668E-02    0.0000E+00    3.9902E+00    0.0000E+00
     246.40000    1.8270E-02    0.0000E+00    4.0666E+00    0.0000E+00
     246.50000    1.7893E-02    0.0000E+00    4.1430E+00    0.0000E+00
     246.60000    1.7534E-02    0.0000E+00    4.2195E+00    0.0000E+00
     246.70000    1.7194E-02    0.0000E+00    4.2959E+00    0.0000E+00
     246.80000    1.6871E-02    0.0000E+00    4.3722E+00    0.0000E+00
     246.90000    1.6564E-02    0.0000E+00    4.4484E+00    0.0000E+00
     247.00000    1.6273E-02    0.0000E+00    4.5244E+00    0.0000E+00
     247.10000    1.5997E-02    0.0000E+00    4.6003E+00    0.0000E+00
     247.20000    1.5736E-02    0.0000E+00    4.6759E+00    0.0000E+00
     247.30000    1.5488E-02    0.0000E+00    4.7512E+00    0.0000E+00
     247.40000    1.5253E-02    0.0000E+00    4.8262E+00    0.0000E+00
     247.50000    1.5031E-02    0.0000E+00    4.9008E+00    0.0000E+00
     247.60000    1.4821E-02    0.0000E+00    4.9751E+00    0.0000E+00
     247.70000    1.4623E-02    0.0000E+00    5.0489E+00    0.0000E+00
     247.80000    1.4373E-02    0.0000E+00    5.0998E+00    0.0000E+00
     247.90000    1.3999E-02    0.0000E+00    5.0998E+00    0.0000E+00
     248.00000    1.3646E-02    0.0000E+00    5.0998E+00    0.0000E+00
     248.10000    1.3370E-02    0.0000E+00    5.1211E+00    0.0000E+00
     248.20000    1.3233E-02    0.0000E+00    5.1905E+00    0.0000E+00
     248.30000    1.3106E-02    0.0000E+00    5.2592E+00    0.0000E+00
     248.40000    1.2988E-02    0.0000E+00    5.3273E+00    0.0000E+00
     248.50000    1.2878E-02    0.0000E+00    5.3947E+00    0.0000E+00
     248.60000    1.2777E-02    0.0000E+00    5.4614E+00    0.0000E+00
     248.70000    1.2685E-02    0.0000E+00    5.5273E+00    0.0000E+00
     248.80000    1.2602E-02    0.0000E+00    5.5925E+00    0.0000E+00
     248.90000    1.2527E-02    0.0000E+00    5.6569E+00    0.0000E+00
     249.00000    1.2460E-02    0.0000E+00    5.7205E+00    0.0000E+00
     249.10000    1.2402E-02    0.0000E+00    5.7832E+00    0.0000E+00
     249.20000    1.2352E-02    0.0000E+00    5.8451E+00    0.0000E+00
     249.30000    1.2310E-02    0.0000E+00    5.9060E+00    0.0000E+00
     249.40000    1.2277E-02    0.0000E+00    5.9660E+00    0.0000E+00
     249.50000    1.2252E-02    0.0000E+00    6.0250E+00    0.0000E+00
     249.60000    1.2236E-02    0.0000E+00    6.0831E+00    0.0000E+00
     249.70000    1.2228E-02    0.0000E+00    6.1401E+00    0.0000E+00
     249.80000    1.2229E-02    0.0000E+00    6.1962E+00    0.0000E+00
     249.90000    1.2239E-02    0.0000E+00    6.2511E+00    0.0000E+00
     250.00000    1.2257E-02    0.0000E+00    6.3050E+00    0.0000E+00
     250.10000    1.2285E-02    0.0000E+00    6.3578E+00    0.0000E+00
     250.20000    1.2322E-02    0.0000E+00    6.4095E+00    0.0000E+00
     250.30000    1.2368E-02    0.0000E+00    6.4600E+00    0.0000E+00
     250.40000    1.2424E-02    0.0000E+00    6.5094E+00    0.0000E+00
     250.50000    1.2487E-02    0.0000E+00    6.5562E+00    0.0000E+00
     250.60000    1.2473E-02    0.0000E+00    6.5562E+00    0.0000E+00
     250.70000    1.2471E-02    0.0000E+00    6.5562E+00    0.0000E+00
     250.80000    1.2480E-02    0.0000E+00    6.5562E+00    0.0000E+00
     250.90000    1.2500E-02    0.0000E+00    6.5562E+00    0.0000E+00
     251.00000    1.2532E-02    0.0000E+00    6.5562E+00    0.0000E+00
     251.10000    1.2573E-02    0.0000E+00    6.5562E+00    0.0000E+00
     251.20000    1.2632E-02    0.0000E+00    6.5562E+00    0.0000E+00
     251.30000    1.2788E-02    0.0000E+00    6.5562E+00    0.0000E+00
     251.40000    1.3060E-02    0.0000E+00    6.5562E+00    0.0000E+00
     251.50000    1.3449E-02    0.0000E+00    6.5562E+00    0.0000E+00
     251.60000    1.3961E-02    0.0000E+00    6.5562E+00    0.0000E+00
     251.70000    1.4581E-02    0.0000E+00    6.5562E+00    0.0000E+00
     251.80000    1.5221E-02    0.0000E+00    6.5562E+00    0.0000E+00
     251.90000    1.5873E-02    0.0000E+00    6.5562E+00    0.0000E+00
     252.00000    1.6537E-02    0.0000E+00    6.5562E+00    0.0000E+00
     252.10000    1.7209E-02    0.0000E+00    6.5562E+00    0.0000E+00
     252.20000    1.7888E-02    0.0000E+00    6.5562E+00    0.0000E+00
     252.30000    1.8575E-02    0.0000E+00    6.5571E+00    0.0000E+00
     252.40000    1.9349E-02    0.0000E+00    6.5867E+00    0.0000E+00
     252.50000    2.0128E-02    0.0000E+00    6.6157E+00    0.0000E+00
     252.60000    2.0913E-02    0.0000E+00    6.6441E+00    0.0000E+00
     252.70000    2.1700E-02    0.0000E+00    6.6721E+00    0.0000E+00
     252.80000    2.2490E-02    0.0000E+00    6.6995E+00    0.0000E+00
     252.90000    2.3281E-02    0.0000E+00    6.7263E+00    0.0000E+00
     253.00000    2.4073E-02    0.0000E+00    6.7527E+00    0.0000E+00
     253.10000    2.4866E-02    0.0000E+00    6.7785E+00    0.0000E+00
     253.20000    2.5660E-02    0.0000E+00    6.8037E+00    0.0000E+00
     253.30000    2.6458E-02    0.0000E+00    6.8284E+00    0.0000E+00
     253.40000    2.7260E-02    0.0000E+00    6.8526E+00    0.0000E+00
     253.50000    2.8067E-02    0.0000E+00    6.8763E+00    0.0000E+00
     253.60000    2.8883E-02    0.0000E+00    6.8995E+00    0.0000E+00
     253.70000    2.9708E-02    0.0000E+00    6.9221E+00    0.0000E+00
     253.80000    3.0547E-02    0.0000E+00    6.9443E+00    0.0000E+00
     253.90000    3.1402E-02    0.0000E+00    6.9659E+00    0.0000E+00
     254.00000    3.2276E-02    0.0000E+00    6.9870E+00    0.0000E+00
     254.10000    3.3173E-02    0.0000E+00    7.0076E+00    0.0000E+00
     254.20000    3.4096E-02    0.0000E+00    7.0277E+00    0.0000E+00
     254.30000    3.5048E-02    0.0000E+00    7.0474E+00    0.0000E+00
     254.40000    3.6035E-02    0.0000E+00    7.0665E+00    0.0000E+00
     254.50000    3.7059E-02    0.0000E+00    7.0852E+00    0.0000E+00
     254.60000    3.8126E-02    0.0000E+00    7.1035E+00    0.0000E+00
     254.70000    3.9239E-02    0.0000E+00    7.1212E+00    0.0000E+00
     254.80000    4.0330E-02    0.0000E+00    7.1255E+00    0.0000E+00
     254.90000    4.1451E-02    0.0000E+00    7.1255E+00    0.0000E+00
     255.00000    4.2630E-02    0.0000E+00    7.1255E+00    0.0000E+00
     255.10000    4.3944E-02    0.0000E+00    7.1372E+00    0.0000E+00
     255.20000    4.5354E-02    0.0000E+00    7.1523E+00    0.0000E+00
     255.30000    4.6842E-02    0.0000E+00    7.1671E+00    0.0000E+00
     255.40000    4.8417E-02    0.0000E+00    7.1814E+00    0.0000E+00
     255.50000    5.0085E-02    0.0000E+00    7.1953E+00    0.0000E+00
     255.60000    5.1853E-02    0.0000E+00    7.2089E+00    0.0000E+00
     255.70000    5.3730E-02    0.0000E+00    7.2220E+00    0.0000E+00
     255.80000    5.5725E-02    0.0000E+00    7.2349E+00    0.0000E+00
     255.90000    5.7848E-02    0.0000E+00    7.2474E+00    0.0000E+00
     256.00000    6.0110E-02    0.0000E+00    7.2595E+00    0.0000E+00
     256.10000    6.2521E-02    0.0000E+00    7.2714E+00    0.0000E+00
     256.20000    6.5095E-02    0.0000E+00    7.2829E+00    0.0000E+00
     256.30000    6.7845E-02    0.0000E+00    7.2942E+00    0.0000E+00
     256.40000    7.0785E-02    0.0000E+00    7.3052E+00    0.0000E+00
     256.50000    7.3932E-02    0.0000E+00    7.3159E+00    0.0000E+00
     256.60000    7.7304E-02    0.0000E+00    7.3264E+00    0.0000E+00
     256.70000    8.0920E-02    0.0000E+00    7.3367E+00    0.0000E+00
     256.80000    8.4801E-02    0.0000E+00    7.3467E+00    0.0000E+00
     256.90000    8.8969E-02    0.0000E+00    7.3566E+00    0.0000E+00
     257.00000    9.3450E-02    0.0000E+00    7.3662E+00    0.0000E+00
     257.10000    9.8271E-02    0.0000E+00    7.3757E+00    0.0000E+00
     257.20000    1.0346E-01    0.0000E+00    7.3851E+00    0.0000E+00
     257.30000    1.0905E-01    0.0000E+00    7.3943E+00    0.0000E+00
     257.40000    1.1508E-01    0.0000E+00    7.4035E+00    0.0000E+00
     257.50000    1.2151E-01    0.0000E+00    7.4082E+00    0.0000E+00
     257.60000    1.2837E-01    0.0000E+00    7.4082E+00    0.0000E+00
     257.70000    1.3576E-01    0.0000E+00    7.4082E+00    0.0000E+00
     257.80000    1.4373E-01    0.0000E+00    7.4082E+00    0.0000E+00
     257.90000    1.5233E-01    0.0000E+00    7.4082E+00    0.0000E+00
     258.00000    1.6161E-01    0.0000E+00    7.4082E+00    0.0000E+00
     258.10000    1.7161E-01    0.0000E+00    7.4082E+00    0.0000E+00
     258.20000    1.8164E-01    0.0000E+00    7.4082E+00    0.0000E+00
     258.30000    1.9006E-01    0.0000E+00    7.4082E+00    0.0000E+00
     258.40000    1.9641E-01    0.0000E+00    7.4082E+00    0.0000E+00
     258.50000    2.0036E-01    0.0000E+00    7.4082E+00    0.0000E+00
     258.60000    2.0174E-01    0.0000E+00    7.4082E+00    0.0000E+00
     258.70000    2.0197E-01    0.0000E+00    7.4082E+00    0.0000E+00
     258.80000    2.0193E-01    0.0000E+00    7.4082E+00    0.0000E+00
     258.90000    2.0164E-01    0.0000E+00    7.4082E+00    0.0000E+00
     259.00000    2.0110E-01    0.0000E+00    7.4082E+00    0.0000E+00
     259.10000    2.0033E-01    0.0000E+00    7.4082E+00    0.0000E+00
     259.20000    1.9934E-01    0.0000E+00    7.4082E+00    0.0000E+00
     259.30000    1.9813E-01    0.0000E+00    7.4078E+00    0.0000E+00
     259.40000    1.9671E-01    0.0000E+00    7.4068E+00    0.0000E+00
     259.50000    1.9511E-01    0.0000E+00    7.4056E+00    0.0000E+00
     259.60000    1.9334E-01    0.0000E+00    7.4042E+00    0.0000E+00
     259.70000    1.9141E-01    0.0000E+00    7.4025E+00    0.0000E+00
     259.80000    1.8935E-01    0.0000E+00    7.4005E+00    0.0000E+00
     259.90000    1.8716E-01    0.0000E+00    7.3983E+00    0.0000E+00
     260.00000    1.8486E-01    0.0000E+00    7.3957E+00    0.0000E+00
     260.10000    1.8247E-01    0.0000E+00    7.3929E+00    0.0000E+00
     260.20000    1.7999E-01    0.0000E+00    7.3897E+00    0.0000E+00
     260.30000    1.7743E-01    0.0000E+00    7.3862E+00    0.0000E+00
     260.40000    1.7482E-01    0.0000E+00    7.3823E+00    0.0000E+00
     260.50000    1.7216E-01    0.0000E+00    7.3780E+00    0.0000E+00
     260.60000    1.6946E-01    0.0000E+00    7.3734E+00    0.0000E+00
     260.70000    1.6673E-01    0.0000E+00    7.3684E+00    0.0000E+00
     260.80000    1.6398E-01    0.0000E+00    7.3629E+00    0.0000E+00
     260.90000    1.6121E-01    0.0000E+00    7.3571E+00    0.0000E+00
     261.00000    1.5844E-01    0.0000E+00    7.3508E+00    0.0000E+00
     261.10000    1.5568E-01    0.0000E+00    7.3440E+00    0.0000E+00
     261.20000    1.5292E-01    0.0000E+00    7.3368E+00    0.0000E+00
     261.30000    1.5017E-01    0.0000E+00    7.3292E+00    0.0000E+00
     261.40000    1.4743E-01    0.0000E+00    7.3210E+00    0.0000E+00
     261.50000    1.4472E-01    0.0000E+00    7.3124E+00    0.0000E+00
     261.60000    1.4203E-01    0.0000E+00    7.3033E+00    0.0000E+00
     261.70000    1.3940E-01    0.0000E+00    7.2956E+00    0.0000E+00
     261.80000    1.3694E-01    0.0000E+00    7.2956E+00    0.0000E+00
     261.90000    1.3451E-01    0.0000E+00    7.2956E+00    0.0000E+00
     262.00000    1.3207E-01    0.0000E+00    7.2932E+00    0.0000E+00
     262.10000    1.2948E-01    0.0000E+00    7.2809E+00    0.0000E+00
     262.20000    1.2692E-01    0.0000E+00    7.2680E+00    0.0000E+00
     262.30000    1.2438E-01    0.0000E+00    7.2546E+00    0.0000E+00
     262.40000    1.2187E-01    0.0000E+00    7.2406E+00    0.0000E+00
     262.50000    1.1938E-01    0.0000E+00    7.2260E+00    0.0000E+00
     262.60000    1.1692E-01    0.0000E+00    7.2109E+00    0.0000E+00
     262.70000    1.1447E-01    0.0000E+00    7.1952E+00    0.0000E+00
     262.80000    1.1204E-01    0.0000E+00    7.1789E+00    0.0000E+00
     262.90000    1.0963E-01    0.0000E+00    7.1620E+00    0.0000E+00
     263.00000    1.0723E-01    0.0000E+00    7.1445E+00    0.0000E+00
     263.10000    1.0484E-01    0.0000E+00    7.1264E+00    0.0000E+00
     263.20000    1.0246E-01    0.0000E+00    7.1077E+00    0.0000E+00
     263.30000    1.0008E-01    0.0000E+00    7.0883E+00    0.0000E+00
     263.40000    9.7706E-02    0.0000E+00    7.0684E+00    0.0000E+00
     263.50000    9.5333E-02    0.0000E+00    7.0478E+00    0.0000E+00
     263.60000    9.2960E-02    0.0000E+00    7.0266E+00    0.0000E+00
     263.70000    9.0585E-02    0.0000E+00    7.0047E+00    0.0000E+00
     263.80000    8.8207E-02    0.0000E+00    6.9823E+00    0.0000E+00
     263.90000    8.5825E-02    0.0000E+00    6.9592E+00    0.0000E+00
     264.00000    8.3439E-02    0.0000E+00    6.9354E+00    0.0000E+00
     264.10000    8.1051E-02    0.0000E+00    6.9110E+00    0.0000E+00
     264.20000    7.8660E-02    0.0000E+00    6.8860E+00    0.0000E+00
     264.30000    7.6269E-02    0.0000E+00    6.8603E+00    0.0000E+00
     264.40000    7.3880E-02    0.0000E+00    6.8339E+00    0.0000E+00
     264.50000    7.1757E-02    0.0000E+00    6.8319E+00    0.0000E+00
     264.60000    6.9653E-02    0.0000E+00    6.8319E+00    0.0000E+00
     264.70000    6.7548E-02    0.0000E+00    6.8319E+00    0.0000E+00
     264.80000    6.5447E-02    0.0000E+00    6.8319E+00    0.0000E+00
     264.90000    6.3354E-02    0.0000E+00    6.8319E+00    0.0000E+00
     265.00000    6.1271E-02    0.0000E+00    6.8319E+00    0.0000E+00
     265.10000    5.9225E-02    0.0000E+00    6.8319E+00    0.0000E+00
     265.20000    5.7569E-02    0.0000E+00    6.8319E+00    0.0000E+00
     265.30000    5.6403E-02    0.0000E+00    6.8319E+00    0.0000E+00
     265.40000    5.5707E-02    0.0000E+00    6.8319E+00    0.0000E+00
     265.50000    5.5481E-02    0.0000E+00    6.8319E+00    0.0000E+00
     265.60000    5.5663E-02    0.0000E+00    6.8319E+00    0.0000E+00
     265.70000    5.5905E-02    0.0000E+00    6.8319E+00    0.0000E+00
     265.80000    5.6166E-02    0.0000E+00    6.8319E+00    0.0000E+00
     265.90000    5.6450E-02    0.0000E+00    6.8319E+00    0.0000E+00
     266.00000    5.6760E-02    0.0000E+00    6.8319E+00    0.0000E+00
     266.10000    5.7100E-02    0.0000E+00    6.8319E+00    0.0000E+00
     266.20000    5.7472E-02    0.0000E+00    6.8319E+00    0.0000E+00
     266.30000    5.7509E-02    0.0000E+00    6.7884E+00    0.0000E+00
     266.40000    5.7536E-02    0.0000E+00    6.7401E+00    0.0000E+00
     266.50000    5.7583E-02    0.0000E+00    6.6906E+00    0.0000E+00
     266.60000    5.7651E-02    0.0000E+00    6.6398E+00    0.0000E+00
     266.70000    5.7739E-02    0.0000E+00    6.5878E+00    0.0000E+00
     266.80000    5.7848E-02    0.0000E+00    6.5346E+00    0.0000E+00
     266.90000    5.7978E-02    0.0000E+00    6.4802E+00    0.0000E+00
     267.00000    5.8127E-02    0.0000E+00    6.4246E+00    0.0000E+00
     267.10000    5.8297E-02    0.0000E+00    6.3678E+00    0.0000E+00
     267.20000    5.8485E-02    0.0000E+00    6.3100E+00    0.0000E+00
     267.30000    5.8692E-02    0.0000E+00    6.2510E+00    0.0000E+00
     267.40000    5.8917E-02    0.0000E+00    6.1909E+00    0.0000E+00
     267.50000    5.9158E-02    0.0000E+00    6.1297E+00    0.0000E+00
     267.60000    5.9416E-02    0.0000E+00    6.0674E+00    0.0000E+00
     267.70000    5.9688E-02    0.0000E+00    6.0042E+00    0.0000E+00
     267.80000    5.9974E-02    0.0000E+00    5.9399E+00    0.0000E+00
     267.90000    6.0273E-02    0.0000E+00    5.8746E+00    0.0000E+00
     268.00000    6.0582E-02    0.0000E+00    5.8083E+00    0.0000E+00
     268.10000    6.0902E-02    0.0000E+00    5.7411E+00    0.0000E+00
     268.20000    6.1230E-02    0.0000E+00    5.6730E+00    0.0000E+00
     268.30000    6.1564E-02    0.0000E+00    5.6040E+00    0.0000E+00
     268.40000    6.1903E-02    0.0000E+00    5.5341E+00    0.0000E+00
     268.50000    6.2244E-02    0.0000E+00    5.4634E+00    0.0000E+00
     268.60000    6.2586E-02    0.0000E+00    5.3919E+00    0.0000E+00
     268.70000    6.3482E-02    0.0000E+00    5.3665E+00    0.0000E+00
     268.80000    6.4710E-02    0.0000E+00    5.3665E+00    0.0000E+00
     268.90000    6.5974E-02    0.0000E+00    5.3665E+00    0.0000E+00
     269.00000    6.6653E-02    0.0000E+00    5.3171E+00    0.0000E+00
     269.10000    6.6992E-02    0.0000E+00    5.2402E+00    0.0000E+00
     269.20000    6.7316E-02    0.0000E+00    5.1627E+00    0.0000E+00
     269.30000    6.7621E-02    0.0000E+00    5.0845E+00    0.0000E+00
     269.40000    6.7904E-02    0.0000E+00    5.0057E+00    0.0000E+00
     269.50000    6.8160E-02    0.0000E+00    4.9263E+00    0.0000E+00
     269.60000    6.8387E-02    0.0000E+00    4.8463E+00    0.0000E+00
     269.70000    6.8579E-02    0.0000E+00    4.7659E+00    0.0000E+00
     269.80000    6.8733E-02    0.0000E+00    4.6849E+00    0.0000E+00
     269.90000    6.8843E-02    0.0000E+00    4.6035E+00    0.0000E+00
     270.00000    6.8906E-02    0.0000E+00    4.5216E+00    0.0000E+00
     270.10000    6.8917E-02    0.0000E+00    4.4394E+00    0.0000E+00
     270.20000    6.8871E-02    0.0000E+00    4.3568E+00    0.0000E+00
     270.30000    6.8763E-02    0.0000E+00    4.2738E+00    0.0000E+00
     270.40000    6.8588E-02    0.0000E+00    4.1906E+00    0.0000E+00
     270.50000    6.8343E-02    0.0000E+00    4.1072E+00    0.0000E+00
     270.60000    6.8022E-02    0.0000E+00    4.0235E+00    0.0000E+00
     270.70000    6.7621E-02    0.0000E+00    3.9396E+00    0.0000E+00
     270.80000    6.7137E-02    0.0000E+00    3.8556E+00    0.0000E+00
     270.90000    6.6566E-02    0.0000E+00    3.7715E+00    0.0000E+00
     271.00000    6.5905E-02    0.0000E+00    3.6873E+00    0.0000E+00
     271.10000    6.5151E-02    0.0000E+00    3.6031E+00    0.0000E+00
     271.20000    6.4303E-02    0.0000E+00    3.5190E+00    0.0000E+00
     271.30000    6.3359E-02    0.0000E+00    3.4348E+00    0.0000E+00
     271.40000    6.2900E-02    0.0000E+00    3.3820E+00    0.0000E+00
     271.50000    6.3339E-02    0.0000E+00    3.3820E+00    0.0000E+00
     271.60000    6.3696E-02    0.0000E+00    3.3820E+00    0.0000E+00
     271.70000    6.3966E-02    0.0000E+00    3.3820E+00    0.0000E+00
     271.80000    6.4145E-02    0.0000E+00    3.3820E+00    0.0000E+00
     271.90000    6.4229E-02    0.0000E+00    3.3820E+00    0.0000E+00
     272.00000    6.4214E-02    0.0000E+00    3.3820E+00    0.0000E+00
     272.10000    6.3973E-02    0.0000E+00    3.3820E+00    0.0000E+00
     272.20000    6.3172E-02    0.0000E+00    3.3820E+00    0.0000E+00
     272.30000    6.1814E-02    0.0000E+00    3.3820E+00    0.0000E+00
     272.40000    5.9947E-02    0.0000E+00    3.3820E+00    0.0000E+00
     272.50000    5.7639E-02    0.0000E+00    3.3820E+00    0.0000E+00
     272.60000    5.5181E-02    0.0000E+00    3.3820E+00    0.0000E+00
     272.70000    5.2800E-02    0.0000E+00    3.3820E+00    0.0000E+00
     272.80000    5.0499E-02    0.0000E+00    3.3820E+00    0.0000E+00
     272.90000    4.8282E-02    0.0000E+00    3.3820E+00    0.0000E+00
     273.00000    4.6151E-02    0.0000E+00    3.3820E+00    0.0000E+00
     273.10000    4.4108E-02    0.0000E+00    3.3820E+00    0.0000E+00
     273.20000    4.1750E-02    0.0000E+00    3.3498E+00    0.0000E+00
     273.30000    3.8882E-02    0.0000E+00    3.2645E+00    0.0000E+00
     273.40000    3.6209E-02    0.0000E+00    3.1809E+00    0.0000E+00
     273.50000    3.3721E-02    0.0000E+00    3.0991E+00    0.0000E+00
     273.60000    3.1405E-02    0.0000E+00    3.0190E+00    0.0000E+00
     273.70000    2.9252E-02    0.0000E+00    2.9407E+00    0.0000E+00
     273.80000    2.7251E-02    0.0000E+00    2.8641E+00    0.0000E+00
     273.90000    2.5392E-02    0.0000E+00    2.7891E+00    0.0000E+00
     274.00000    2.3666E-02    0.0000E+00    2.7159E+00    0.0000E+00
     274.10000    2.2062E-02    0.0000E+00    2.6443E+00    0.0000E+00
     274.20000    2.0573E-02    0.0000E+00    2.5743E+00    0.0000E+00
     274.30000    1.9191E-02    0.0000E+00    2.5059E+00    0.0000E+00
     274.40000    1.7908E-02    0.0000E+00    2.4390E+00    0.0000E+00
     274.50000    1.6716E-02    0.0000E+00    2.3738E+00    0.0000E+00
     274.60000    1.5610E-02    0.0000E+00    2.3100E+00    0.0000E+00
     274.70000    1.4582E-02    0.0000E+00    2.2478E+00    0.0000E+00
     274.80000    1.3628E-02    0.0000E+00    2.1871E+00    0.0000E+00
     274.90000    1.2742E-02    0.0000E+00    2.1278E+00    0.0000E+00
     275.00000    1.1918E-02    0.0000E+00    2.0701E+00    0.0000E+00
     275.10000    1.1153E-02    0.0000E+00    2.0137E+00    0.0000E+00
     275.20000    1.0441E-02    0.0000E+00    1.9588E+00    0.0000E+00
     275.30000    9.7793E-03    0.0000E+00    1.9052E+00    0.0000E+00
     275.40000    9.1638E-03    0.0000E+00    1.8530E+00    0.0000E+00
     275.50000    8.5912E-03    0.0000E+00    1.8022E+00    0.0000E+00
     275.60000    8.0796E-03    0.0000E+00    1.7574E+00    0.0000E+00
     275.70000    7.7963E-03    0.0000E+00    1.7574E+00    0.0000E+00
     275.80000    7.5267E-03    0.0000E+00    1.7574E+00    0.0000E+00
     275.90000    7.2513E-03    0.0000E+00    1.7529E+00    0.0000E+00
     276.00000    6.8208E-03    0.0000E+00    1.7061E+00    0.0000E+00
     276.10000    6.4191E-03    0.0000E+00    1.6606E+00    0.0000E+00
     276.20000    6.0442E-03    0.0000E+00    1.6164E+00    0.0000E+00
     276.30000    5.6942E-03    0.0000E+00    1.5734E+00    0.0000E+00
     276.40000    5.3673E-03    0.0000E+00    1.5316E+00    0.0000E+00
     276.50000    5.0619E-03    0.0000E+00    1.4909E+00    0.0000E+00
     276.60000    4.7766E-03    0.0000E+00    1.4515E+00    0.0000E+00
     276.70000    4.5098E-03    0.0000E+00    1.4131E+00    0.0000E+00
     276.80000    4.2603E-03    0.0000E+00    1.3759E+00    0.0000E+00
     276.90000    4.0270E-03    0.0000E+00    1.3399E+00    0.0000E+00
     277.00000    3.8086E-03    0.0000E+00    1.3049E+00    0.0000E+00
     277.10000    3.6043E-03    0.0000E+00    1.2710E+00    0.0000E+00
     277.20000    3.4129E-03    0.0000E+00    1.2381E+00    0.0000E+00
     277.30000    3.2338E-03    0.0000E+00    1.2063E+00    0.0000E+00
     277.40000    3.0659E-03    0.0000E+00    1.1755E+00    0.0000E+00
     277.50000    2.9087E-03    0.0000E+00    1.1457E+00    0.0000E+00
     277.60000    2.7613E-03    0.0000E+00    1.1169E+00    0.0000E+00
     277.70000    2.6231E-03    0.0000E+00    1.0891E+00    0.0000E+00
     277.80000    2.4936E-03    0.0000E+00    1.0623E+00    0.0000E+00
     277.90000    2.3721E-03    0.0000E+00    1.0364E+00    0.0000E+00
     278.00000    2.2581E-03    0.0000E+00    1.0114E+00    0.0000E+00
     278.10000    2.1512E-03    0.0000E+00    9.8738E-01    0.0000E+00
     278.20000    2.0509E-03    0.0000E+00    9.6422E-01    0.0000E+00
     278.30000    1.9567E-03    0.0000E+00    9.4195E-01    0.0000E+00
     278.40000    1.9038E-03    0.0000E+00    9.3801E-01    0.0000E+00
     278.50000    1.8608E-03    0.0000E+00    9.3801E-01    0.0000E+00
     278.60000    1.8195E-03    0.0000E+00    9.3801E-01    0.0000E+00
     278.70000    1.7797E-03    0.0000E+00    9.3801E-01    0.0000E+00
     278.80000    1.7414E-03    0.0000E+00    9.3801E-01    0.0000E+00
     278.90000    1.7046E-03    0.0000E+00    9.3801E-01    0.0000E+00
     279.00000    1.6693E-03    0.0000E+00    9.3801E-01    0.0000E+00
     279.10000    1.6447E-03    0.0000E+00    9.3801E-01    0.0000E+00
     279.20000    1.6349E-03    0.0000E+00    9.3801E-01    0.0000E+00
     279.30000    1.6395E-03    0.0000E+00    9.3801E-01    0.0000E+00
     279.40000    1.6587E-03    0.0000E+00    9.3801E-01    0.0000E+00
     279.50000    1.6917E-03    0.0000E+00    9.3801E-01    0.0000E+00
     279.60000    1.7281E-03    0.0000E+00    9.3801E-01    0.0000E+00
     279.70000    1.7660E-03    0.0000E+00    9.3801E-01    0.0000E+00
     279.80000    1.8053E-03    0.0000E+00    9.3801E-01    0.0000E+00
     279.90000    1.8461E-03    0.0000E+00    9.3801E-01    0.0000E+00
     280.00000    1.8886E-03    0.0000E+00    9.3801E-01    0.0000E+00
     280.10000    1.9327E-03    0.0000E+00    9.3801E-01    0.0000E+00
     280.20000    1.9467E-03    0.0000E+00    9.2284E-01    0.0000E+00
     280.30000    1.9548E-03    0.0000E+00    9.0475E-01    0.0000E+00
     280.40000    1.9640E-03    0.0000E+00    8.8718E-01    0.0000E+00
     280.50000    1.9745E-03    0.0000E+00    8.7012E-01    0.0000E+00
     280.60000    1.9863E-03    0.0000E+00    8.5360E-01    0.0000E+00
     280.70000    1.9997E-03    0.0000E+00    8.3763E-01    0.0000E+00
     280.80000    2.0146E-03    0.0000E+00    8.2223E-01    0.0000E+00
     280.90000    2.0313E-03    0.0000E+00    8.0741E-01    0.0000E+00
     281.00000    2.0500E-03    0.0000E+00    7.9320E-01    0.0000E+00
     281.10000    2.0707E-03    0.0000E+00    7.7961E-01    0.0000E+00
     281.20000    2.0936E-03    0.0000E+00    7.6665E-01    0.0000E+00
     281.30000    2.1190E-03    0.0000E+00    7.5435E-01    0.0000E+00
     281.40000    2.1471E-03    0.0000E+00    7.4272E-01    0.0000E+00
     281.50000    2.1781E-03    0.0000E+00    7.3178E-01    0.0000E+00
     281.60000    2.2122E-03    0.0000E+00    7.2154E-01    0.0000E+00
     281.70000    2.2498E-03    0.0000E+00    7.1204E-01    0.0000E+00
     281.80000    2.2911E-03    0.0000E+00    7.0327E-01    0.0000E+00
     281.90000    2.3366E-03    0.0000E+00    6.9527E-01    0.0000E+00
     282.00000    2.3864E-03    0.0000E+00    6.8805E-01    0.0000E+00
     282.10000    2.4412E-03    0.0000E+00    6.8163E-01    0.0000E+00
     282.20000    2.5012E-03    0.0000E+00    6.7602E-01    0.0000E+00
     282.30000    2.5671E-03    0.0000E+00    6.7126E-01    0.0000E+00
     282.40000    2.6392E-03    0.0000E+00    6.6735E-01    0.0000E+00
     282.50000    2.7183E-03    0.0000E+00    6.6431E-01    0.0000E+00
     282.60000    2.8093E-03    0.0000E+00    6.6322E-01    0.0000E+00
     282.70000    2.9096E-03    0.0000E+00    6.6322E-01    0.0000E+00
     282.80000    3.0150E-03    0.0000E+00    6.6322E-01    0.0000E+00
     282.90000    3.1218E-03    0.0000E+00    6.6237E-01    0.0000E+00
     283.00000    3.2341E-03    0.0000E+00    6.6154E-01    0.0000E+00
     283.10000    3.3571E-03    0.0000E+00    6.6168E-01    0.0000E+00
     283.20000    3.4919E-03    0.0000E+00    6.6282E-01    0.0000E+00
     283.30000    3.6395E-03    0.0000E+00    6.6498E-01    0.0000E+00
     283.40000    3.8012E-03    0.0000E+00    6.6817E-01    0.0000E+00
     283.50000    3.9783E-03    0.0000E+00    6.7242E-01    0.0000E+00
     283.60000    4.1722E-03    0.0000E+00    6.7775E-01    0.0000E+00
     283.70000    4.3846E-03    0.0000E+00    6.8419E-01    0.0000E+00
     283.80000    4.6171E-03    0.0000E+00    6.9175E-01    0.0000E+00
     283.90000    4.8718E-03    0.0000E+00    7.0045E-01    0.0000E+00
     284.00000    5.1505E-03    0.0000E+00    7.1031E-01    0.0000E+00
     284.10000    5.4556E-03    0.0000E+00    7.2137E-01    0.0000E+00
     284.20000    5.7896E-03    0.0000E+00    7.3363E-01    0.0000E+00
     284.30000    6.1551E-03    0.0000E+00    7.4713E-01    0.0000E+00
     284.40000    6.5549E-03    0.0000E+00    7.6188E-01    0.0000E+00
     284.50000    6.9922E-03    0.0000E+00    7.7790E-01    0.0000E+00
     284.60000    7.4704E-03    0.0000E+00    7.9523E-01    0.0000E+00
     284.70000    7.9931E-03    0.0000E+00    8.1387E-01    0.0000E+00
     284.80000    8.5641E-03    0.0000E+00    8.3386E-01    0.0000E+00
     284.90000    9.1875E-03    0.0000E+00    8.5522E-01    0.0000E+00
     285.00000    9.8678E-03    0.0000E+00    8.7796E-01    0.0000E+00
     285.10000    1.0610E-02    0.0000E+00    9.0212E-01    0.0000E+00
     285.20000    1.1418E-02    0.0000E+00    9.2771E-01    0.0000E+00
     285.30000    1.2203E-02    0.0000E+00    9.4741E-01    0.0000E+00
     285.40000    1.2770E-02    0.0000E+00    9.4741E-01    0.0000E+00
     285.50000    1.3361E-02    0.0000E+00    9.4741E-01    0.0000E+00
     285.60000    1.3977E-02    0.0000E+00    9.4741E-01    0.0000E+00
     285.70000    1.4617E-02    0.0000E+00    9.4741E-01    0.0000E+00
     285.80000    1.5280E-02    0.0000E+00    9.4741E-01    0.0000E+00
     285.90000    1.5966E-02    0.0000E+00    9.4741E-01    0.0000E+00
     286.00000    1.6647E-02    0.0000E+00    9.4741E-01    0.0000E+00
     286.10000    1.7221E-02    0.0000E+00    9.4741E-01    0.0000E+00
     286.20000    1.7657E-02    0.0000E+00    9.4741E-01    0.0000E+00
     286.30000    1.7941E-02    0.0000E+00    9.4741E-01    0.0000E+00
     286.40000    1.8064E-02    0.0000E+00    9.4741E-01    0.0000E+00
     286.50000    1.8079E-02    0.0000E+00    9.4741E-01    0.0000E+00
     286.60000    1.8065E-02    0.0000E+00    9.4741E-01    0.0000E+00
     286.70000    1.8025E-02    0.0000E+00    9.4741E-01    0.0000E+00
     286.80000    1.7957E-02    0.0000E+00    9.4741E-01    0.0000E+00
     286.90000    1.7865E-02    0.0000E+00    9.4741E-01    0.0000E+00
     287.00000    1.7749E-02    0.0000E+00    9.4741E-01    0.0000E+00
     287.10000    1.7750E-02    0.0000E+00    9.5488E-01    0.0000E+00
     287.20000    1.8117E-02    0.0000E+00    9.8346E-01    0.0000E+00
     287.30000    1.8469E-02    0.0000E+00    1.0128E+00    0.0000E+00
     287.40000    1.8805E-02    0.0000E+00    1.0430E+00    0.0000E+00
     287.50000    1.9124E-02    0.0000E+00    1.0739E+00    0.0000E+00
     287.60000    1.9427E-02    0.0000E+00    1.1054E+00    0.0000E+00
     287.70000    1.9712E-02    0.0000E+00    1.1376E+00    0.0000E+00
     287.80000    1.9980E-02    0.0000E+00    1.1705E+00    0.0000E+00
     287.90000    2.0229E-02    0.0000E+00    1.2039E+00    0.0000E+00
     288.00000    2.0461E-02    0.0000E+00    1.2378E+00    0.0000E+00
     288.10000    2.0676E-02    0.0000E+00    1.2722E+00    0.0000E+00
     288.20000    2.0873E-02    0.0000E+00    1.3072E+00    0.0000E+00
     288.30000    2.1054E-02    0.0000E+00    1.3425E+00    0.0000E+00
     288.40000    2.1219E-02    0.0000E+00    1.3783E+00    0.0000E+00
     288.50000    2.1368E-02    0.0000E+00    1.4144E+00    0.0000E+00
     288.60000    2.1503E-02    0.0000E+00    1.4509E+00    0.0000E+00
     288.70000    2.1624E-02    0.0000E+00    1.4876E+00    0.0000E+00
     288.80000    2.1732E-02    0.0000E+00    1.5246E+00    0.0000E+00
     288.90000    2.1827E-02    0.0000E+00    1.5619E+00    0.0000E+00
     289.00000    2.1911E-02    0.0000E+00    1.5993E+00    0.0000E+00
     289.10000    2.1985E-02    0.0000E+00    1.6370E+00    0.0000E+00
     289.20000    2.2049E-02    0.0000E+00    1.6748E+00    0.0000E+00
     289.30000    2.2104E-02    0.0000E+00    1.7127E+00    0.0000E+00
     289.40000    2.2151E-02    0.0000E+00    1.7506E+00    0.0000E+00
     289.50000    2.2192E-02    0.0000E+00    1.7887E+00    0.0000E+00
     289.60000    2.1768E-02    0.0000E+00    1.7890E+00    0.0000E+00
     289.70000    2.1351E-02    0.0000E+00    1.7890E+00    0.0000E+00
     289.80000    2.0946E-02    0.0000E+00    1.7890E+00    0.0000E+00
     289.90000    2.0970E-02    0.0000E+00    1.8252E+00    0.0000E+00
     290.00000    2.0994E-02    0.0000E+00    1.8616E+00    0.0000E+00
     290.10000    2.1017E-02    0.0000E+00    1.8979E+00    0.0000E+00
     290.20000    2.1038E-02    0.0000E+00    1.9342E+00    0.0000E+00
     290.30000    2.1058E-02    0.0000E+00    1.9703E+00    0.0000E+00
     290.40000    2.1077E-02    0.0000E+00    2.0062E+00    0.0000E+00
     290.50000    2.1097E-02    0.0000E+00    2.0420E+00    0.0000E+00
     290.60000    2.1118E-02    0.0000E+00    2.0776E+00    0.0000E+00
     290.70000    2.1141E-02    0.0000E+00    2.1129E+00    0.0000E+00
     290.80000    2.1165E-02    0.0000E+00    2.1480E+00    0.0000E+00
     290.90000    2.1192E-02    0.0000E+00    2.1829E+00    0.0000E+00
     291.00000    2.1221E-02    0.0000E+00    2.2174E+00    0.0000E+00
     291.10000    2.1254E-02    0.0000E+00    2.2516E+00    0.0000E+00
     291.20000    2.1291E-02    0.0000E+00    2.2856E+00    0.0000E+00
     291.30000    2.1332E-02    0.0000E+00    2.3191E+00    0.0000E+00
     291.40000    2.1377E-02    0.0000E+00    2.3523E+00    0.0000E+00
     291.50000    2.1428E-02    0.0000E+00    2.3851E+00    0.0000E+00
     291.60000    2.1483E-02    0.0000E+00    2.4175E+00    0.0000E+00
     291.70000    2.1545E-02    0.0000E+00    2.4494E+00    0.0000E+00
     291.80000    2.1611E-02    0.0000E+00    2.4809E+00    0.0000E+00
     291.90000    2.1684E-02    0.0000E+00    2.5120E+00    0.0000E+00
     292.00000    2.1763E-02    0.0000E+00    2.5426E+00    0.0000E+00
     292.10000    2.1847E-02    0.0000E+00    2.5727E+00    0.0000E+00
     292.20000    2.1938E-02    0.0000E+00    2.6023E+00    0.0000E+00
     292.30000    2.1860E-02    0.0000E+00    2.6107E+00    0.0000E+00
     292.40000    2.1725E-02    0.0000E+00    2.6107E+00    0.0000E+00
     292.50000    2.1601E-02    0.0000E+00    2.6107E+00    0.0000E+00
     292.60000    2.1487E-02    0.0000E+00    2.6107E+00    0.0000E+00
     292.70000    2.1383E-02    0.0000E+00    2.6107E+00    0.0000E+00
     292.80000    2.1287E-02    0.0000E+00    2.6107E+00    0.0000E+00
     292.90000    2.1198E-02    0.0000E+00    2.6107E+00    0.0000E+00
     293.00000    2.1217E-02    0.0000E+00    2.6107E+00    0.0000E+00
     293.10000    2.1417E-02    0.0000E+00    2.6107E+00    0.0000E+00
     293.20000    2.1796E-02    0.0000E+00    2.6107E+00    0.0000E+00
     293.30000    2.2357E-02    0.0000E+00    2.6107E+00    0.0000E+00
     293.40000    2.3102E-02    0.0000E+00    2.6107E+00    0.0000E+00
     293.50000    2.3894E-02    0.0000E+00    2.6107E+00    0.0000E+00
     293.60000    2.4690E-02    0.0000E+00    2.6107E+00    0.0000E+00
     293.70000    2.5490E-02    0.0000E+00    2.6107E+00    0.0000E+00
     293.80000    2.6291E-02    0.0000E+00    2.6107E+00    0.0000E+00
     293.90000    2.7093E-02    0.0000E+00    2.6107E+00    0.0000E+00
     294.00000    2.7894E-02    0.0000E+00    2.6107E+00    0.0000E+00
     294.10000    2.8858E-02    0.0000E+00    2.6258E+00    0.0000E+00
     294.20000    2.9897E-02    0.0000E+00    2.6469E+00    0.0000E+00
     294.30000    3.0945E-02    0.0000E+00    2.6678E+00    0.0000E+00
     294.40000    3.2000E-02    0.0000E+00    2.6887E+00    0.0000E+00
     294.50000    3.3062E-02    0.0000E+00    2.7095E+00    0.0000E+00
     294.60000    3.4132E-02    0.0000E+00    2.7301E+00    0.0000E+00
     294.70000    3.5210E-02    0.0000E+00    2.7507E+00    0.0000E+00
     294.80000    3.6294E-02    0.0000E+00    2.7712E+00    0.0000E+00
     294.90000    3.7387E-02    0.0000E+00    2.7916E+00    0.0000E+00
     295.00000    3.8489E-02    0.0000E+00    2.8119E+00    0.0000E+00
     295.10000    3.9599E-02    0.0000E+00    2.8322E+00    0.0000E+00
     295.20000    4.0721E-02    0.0000E+00    2.8523E+00    0.0000E+00
     295.30000    4.1853E-02    0.0000E+00    2.8724E+00    0.0000E+00
     295.40000    4.2999E-02    0.0000E+00    2.8925E+00    0.0000E+00
     295.50000    4.4158E-02    0.0000E+00    2.9124E+00    0.0000E+00
     295.60000    4.5332E-02    0.0000E+00    2.9323E+00    0.0000E+00
     295.70000    4.6522E-02    0.0000E+00    2.9522E+00    0.0000E+00
     295.80000    4.7731E-02    0.0000E+00    2.9720E+00    0.0000E+00
     295.90000    4.8958E-02    0.0000E+00    2.9917E+00    0.0000E+00
     296.00000    5.0205E-02    0.0000E+00    3.0114E+00    0.0000E+00
     296.10000    5.1474E-02    0.0000E+00    3.0311E+00    0.0000E+00
     296.20000    5.2765E-02    0.0000E+00    3.0508E+00    0.0000E+00
     296.30000    5.4079E-02    0.0000E+00    3.0705E+00    0.0000E+00
     296.40000    5.5418E-02    0.0000E+00    3.0901E+00    0.0000E+00
     296.50000    5.6624E-02    0.0000E+00    3.1012E+00    0.0000E+00
     296.60000    5.7644E-02    0.0000E+00    3.1012E+00    0.0000E+00
     296.70000    5.8675E-02    0.0000E+00    3.1012E+00    0.0000E+00
     296.80000    5.9879E-02    0.0000E+00    3.1096E+00    0.0000E+00
     296.90000    6.1312E-02    0.0000E+00    3.1287E+00    0.0000E+00
     297.00000    6.2769E-02    0.0000E+00    3.1480E+00    0.0000E+00
     297.10000    6.4251E-02    0.0000E+00    3.1672E+00    0.0000E+00
     297.20000    6.5757E-02    0.0000E+00    3.1866E+00    0.0000E+00
     297.30000    6.7285E-02    0.0000E+00    3.2060E+00    0.0000E+00
     297.40000    6.8834E-02    0.0000E+00    3.2254E+00    0.0000E+00
     297.50000    7.0403E-02    0.0000E+00    3.2450E+00    0.0000E+00
     297.60000    7.1988E-02    0.0000E+00    3.2647E+00    0.0000E+00
     297.70000    7.3589E-02    0.0000E+00    3.2845E+00    0.0000E+00
     297.80000    7.5200E-02    0.0000E+00    3.3044E+00    0.0000E+00
     297.90000    7.6821E-02    0.0000E+00    3.3245E+00    0.0000E+00
     298.00000    7.8445E-02    0.0000E+00    3.3447E+00    0.0000E+00
     298.10000    8.0070E-02    0.0000E+00    3.3651E+00    0.0000E+00
     298.20000    8.1691E-02    0.0000E+00    3.3857E+00    0.0000E+00
     298.30000    8.3302E-02    0.0000E+00    3.4064E+00    0.0000E+00
     298.40000    8.4899E-02    0.0000E+00    3.4274E+00    0.0000E+00
     298.50000    8.6474E-02    0.0000E+00    3.4486E+00    0.0000E+00
     298.60000    8.8022E-02    0.0000E+00    3.4700E+00    0.0000E+00
     298.70000    8.9536E-02    0.0000E+00    3.4917E+00    0.0000E+00
     298.80000    9.1009E-02    0.0000E+00    3.5137E+00    0.0000E+00
     298.90000    9.2433E-02    0.0000E+00    3.5359E+00    0.0000E+00
     299.00000    9.3801E-02    0.0000E+00    3.5584E+00    0.0000E+00
     299.10000    9.5105E-02    0.0000E+00    3.5813E+00    0.0000E+00
     299.20000    9.6238E-02    0.0000E+00    3.6007E+00    0.0000E+00
     299.30000    9.6757E-02    0.0000E+00    3.6007E+00    0.0000E+00
     299.40000    9.7172E-02    0.0000E+00    3.6007E+00    0.0000E+00
     299.50000    9.7477E-02    0.0000E+00    3.6007E+00    0.0000E+00
     299.60000    9.7667E-02    0.0000E+00    3.6007E+00    0.0000E+00
     299.70000    9.7736E-02    0.0000E+00    3.6007E+00    0.0000E+00
     299.80000    9.7680E-02    0.0000E+00    3.6007E+00    0.0000E+00
     299.90000    9.7348E-02    0.0000E+00    3.6007E+00    0.0000E+00
     300.00000    9.5890E-02    0.0000E+00    3.6007E+00    0.0000E+00
     300.10000    9.3231E-02    0.0000E+00    3.6007E+00    0.0000E+00
     300.20000    8.9505E-02    0.0000E+00    3.6007E+00    0.0000E+00
     300.30000    8.4906E-02    0.0000E+00    3.6007E+00    0.0000E+00
     300.40000    7.9958E-02    0.0000E+00    3.6007E+00    0.0000E+00
     300.50000    7.5351E-02    0.0000E+00    3.6007E+00    0.0000E+00
     300.60000    7.1078E-02    0.0000E+00    3.6007E+00    0.0000E+00
     300.70000    6.7116E-02    0.0000E+00    3.6007E+00    0.0000E+00
     300.80000    6.3443E-02    0.0000E+00    3.6007E+00    0.0000E+00
     300.90000    6.0037E-02    0.0000E+00    3.6007E+00    0.0000E+00
     301.00000    5.6920E-02    0.0000E+00    3.6033E+00    0.0000E+00
     301.10000    5.4232E-02    0.0000E+00    3.6197E+00    0.0000E+00
     301.20000    5.1727E-02    0.0000E+00    3.6358E+00    0.0000E+00
     301.30000    4.9391E-02    0.0000E+00    3.6515E+00    0.0000E+00
     301.40000    4.7211E-02    0.0000E+00    3.6669E+00    0.0000E+00
     301.50000    4.5176E-02    0.0000E+00    3.6820E+00    0.0000E+00
     301.60000    4.3275E-02    0.0000E+00    3.6967E+00    0.0000E+00
     301.70000    4.1497E-02    0.0000E+00    3.7110E+00    0.0000E+00
     301.80000    3.9834E-02    0.0000E+00    3.7249E+00    0.0000E+00
     301.90000    3.8276E-02    0.0000E+00    3.7384E+00    0.0000E+00
     302.00000    3.6816E-02    0.0000E+00    3.7514E+00    0.0000E+00
     302.10000    3.5447E-02    0.0000E+00    3.7640E+00    0.0000E+00
     302.20000    3.4162E-02    0.0000E+00    3.7761E+00    0.0000E+00
     302.30000    3.2954E-02    0.0000E+00    3.7878E+00    0.0000E+00
     302.40000    3.1819E-02    0.0000E+00    3.7989E+00    0.0000E+00
     302.50000    3.0750E-02    0.0000E+00    3.8096E+00    0.0000E+00
     302.60000    2.9742E-02    0.0000E+00    3.8197E+00    0.0000E+00
     302.70000    2.8792E-02    0.0000E+00    3.8293E+00    0.0000E+00
     302.80000    2.7895E-02    0.0000E+00    3.8383E+00    0.0000E+00
     302.90000    2.7046E-02    0.0000E+00    3.8467E+00    0.0000E+00
     303.00000    2.6243E-02    0.0000E+00    3.8546E+00    0.0000E+00
     303.10000    2.5482E-02    0.0000E+00    3.8619E+00    0.0000E+00
     303.20000    2.4760E-02    0.0000E+00    3.8686E+00    0.0000E+00
     303.30000    2.4074E-02    0.0000E+00    3.8747E+00    0.0000E+00
     303.40000    2.3420E-02    0.0000E+00    3.8802E+00    0.0000E+00
     303.50000    2.2772E-02    0.0000E+00    3.8808E+00    0.0000E+00
     303.60000    2.2152E-02    0.0000E+00    3.8808E+00    0.0000E+00
     303.70000    2.1562E-02    0.0000E+00    3.8808E+00    0.0000E+00
     303.80000    2.1011E-02    0.0000E+00    3.8829E+00    0.0000E+00
     303.90000    2.0483E-02    0.0000E+00    3.8847E+00    0.0000E+00
     304.00000    1.9973E-02    0.0000E+00    3.8858E+00    0.0000E+00
     304.10000    1.9480E-02    0.0000E+00    3.8862E+00    0.0000E+00
     304.20000    1.9001E-02    0.0000E+00    3.8860E+00    0.0000E+00
     304.30000    1.8535E-02    0.0000E+00    3.8850E+00    0.0000E+00
     304.40000    1.8080E-02    0.0000E+00    3.8834E+00    0.0000E+00
     304.50000    1.7634E-02    0.0000E+00    3.8811E+00    0.0000E+00
     304.60000    1.7195E-02    0.0000E+00    3.8780E+00    0.0000E+00
     304.70000    1.6761E-02    0.0000E+00    3.8743E+00    0.0000E+00
     304.80000    1.6332E-02    0.0000E+00    3.8698E+00    0.0000E+00
     304.90000    1.5906E-02    0.0000E+00    3.8646E+00    0.0000E+00
     305.00000    1.5481E-02    0.0000E+00    3.8587E+00    0.0000E+00
     305.10000    1.5057E-02    0.0000E+00    3.8520E+00    0.0000E+00
     305.20000    1.4632E-02    0.0000E+00    3.8447E+00    0.0000E+00
     305.30000    1.4206E-02    0.0000E+00    3.8365E+00    0.0000E+00
     305.40000    1.3778E-02    0.0000E+00    3.8277E+00    0.0000E+00
     305.50000    1.3349E-02    0.0000E+00    3.8181E+00    0.0000E+00
     305.60000    1.2917E-02    0.0000E+00    3.8077E+00    0.0000E+00
     305.70000    1.2484E-02    0.0000E+00    3.7966E+00    0.0000E+00
     305.80000    1.2049E-02    0.0000E+00    3.7848E+00    0.0000E+00
     305.90000    1.1613E-02    0.0000E+00    3.7722E+00    0.0000E+00
     306.00000    1.1178E-02    0.0000E+00    3.7588E+00    0.0000E+00
     306.10000    1.0743E-02    0.0000E+00    3.7447E+00    0.0000E+00
     306.20000    1.0337E-02    0.0000E+00    3.7390E+00    0.0000E+00
     306.30000    9.9486E-03    0.0000E+00    3.7390E+00    0.0000E+00
     306.40000    9.5641E-03    0.0000E+00    3.7390E+00    0.0000E+00
     306.50000    9.1841E-03    0.0000E+00    3.7390E+00    0.0000E+00
     306.60000    8.8099E-03    0.0000E+00    3.7390E+00    0.0000E+00
     306.70000    8.4426E-03    0.0000E+00    3.7390E+00    0.0000E+00
     306.80000    8.0831E-03    0.0000E+00    3.7390E+00    0.0000E+00
     306.90000    7.7638E-03    0.0000E+00    3.7390E+00    0.0000E+00
     307.00000    7.5173E-03    0.0000E+00    3.7390E+00    0.0000E+00
     307.10000    7.3387E-03    0.0000E+00    3.7390E+00    0.0000E+00
     307.20000    7.2261E-03    0.0000E+00    3.7390E+00    0.0000E+00
     307.30000    7.1781E-03    0.0000E+00    3.7390E+00    0.0000E+00
     307.40000    7.1525E-03    0.0000E+00    3.7390E+00    0.0000E+00
     307.50000    7.1327E-03    0.0000E+00    3.7390E+00    0.0000E+00
     307.60000    7.1188E-03    0.0000E+00    3.7390E+00    0.0000E+00
     307.70000    7.1114E-03    0.0000E+00    3.7390E+00    0.0000E+00
     307.80000    7.1105E-03    0.0000E+00    3.7390E+00    0.0000E+00
     307.90000    7.1164E-03    0.0000E+00    3.7390E+00    0.0000E+00
     308.00000    7.0894E-03    0.0000E+00    3.7182E+00    0.0000E+00
     308.10000    7.0420E-03    0.0000E+00    3.6831E+00    0.0000E+00
     308.20000    6.9991E-03    0.0000E+00    3.6469E+00    0.0000E+00
     308.30000    6.9605E-03    0.0000E+00    3.6096E+00    0.0000E+00
     308.40000    6.9263E-03    0.0000E+00    3.5713E+00    0.0000E+00
     308.50000    6.8962E-03    0.0000E+00    3.5319E+00    0.0000E+00
     308.60000    6.8701E-03    0.0000E+00    3.4915E+00    0.0000E+00
     308.70000    6.8479E-03    0.0000E+00    3.4501E+00    0.0000E+00
     308.80000    6.8295E-03    0.0000E+00    3.4077E+00    0.0000E+00
     308.90000    6.8146E-03    0.0000E+00    3.3644E+00    0.0000E+00
     309.00000    6.8032E-03    0.0000E+00    3.3202E+00    0.0000E+00
     309.10000    6.7952E-03    0.0000E+00    3.2750E+00    0.0000E+00
     309.20000    6.7904E-03    0.0000E+00    3.2290E+00    0.0000E+00
     309.30000    6.7888E-03    0.0000E+00    3.1822E+00    0.0000E+00
     309.40000    6.7901E-03    0.0000E+00    3.1345E+00    0.0000E+00
     309.50000    6.7944E-03    0.0000E+00    3.0860E+00    0.0000E+00
     309.60000    6.8014E-03    0.0000E+00    3.0367E+00    0.0000E+00
     309.70000    6.8112E-03    0.0000E+00    2.9867E+00    0.0000E+00
     309.80000    6.8236E-03    0.0000E+00    2.9360E+00    0.0000E+00
     309.90000    6.8386E-03    0.0000E+00    2.8846E+00    0.0000E+00
     310.00000    6.8559E-03    0.0000E+00    2.8325E+00    0.0000E+00
     310.10000    6.8757E-03    0.0000E+00    2.7798E+00    0.0000E+00
     310.20000    6.8977E-03    0.0000E+00    2.7265E+00    0.0000E+00
     310.30000    6.9219E-03    0.0000E+00    2.6727E+00    0.0000E+00
     310.40000    6.9962E-03    0.0000E+00    2.6364E+00    0.0000E+00
     310.50000    7.1750E-03    0.0000E+00    2.6364E+00    0.0000E+00
     310.60000    7.3648E-03    0.0000E+00    2.6364E+00    0.0000E+00
     310.70000    7.5114E-03    0.0000E+00    2.6173E+00    0.0000E+00
     310.80000    7.5527E-03    0.0000E+00    2.5592E+00    0.0000E+00
     310.90000    7.5960E-03    0.0000E+00    2.5008E+00    0.0000E+00
     311.00000    7.6414E-03    0.0000E+00    2.4420E+00    0.0000E+00
     311.10000    7.6886E-03    0.0000E+00    2.3829E+00    0.0000E+00
     311.20000    7.7375E-03    0.0000E+00    2.3235E+00    0.0000E+00
     311.30000    7.7882E-03    0.0000E+00    2.2639E+00    0.0000E+00
     311.40000    7.8403E-03    0.0000E+00    2.2041E+00    0.0000E+00
     311.50000    7.8939E-03    0.0000E+00    2.1441E+00    0.0000E+00
     311.60000    7.9487E-03    0.0000E+00    2.0840E+00    0.0000E+00
     311.70000    8.0046E-03    0.0000E+00    2.0239E+00    0.0000E+00
     311.80000    8.0614E-03    0.0000E+00    1.9637E+00    0.0000E+00
     311.90000    8.1189E-03    0.0000E+00    1.9035E+00    0.0000E+00
     312.00000    8.1768E-03    0.0000E+00    1.8433E+00    0.0000E+00
     312.10000    8.2350E-03    0.0000E+00    1.7833E+00    0.0000E+00
     312.20000    8.2930E-03    0.0000E+00    1.7234E+00    0.0000E+00
     312.30000    8.3506E-03    0.0000E+00    1.6637E+00    0.0000E+00
     312.40000    8.4074E-03    0.0000E+00    1.6042E+00    0.0000E+00
     312.50000    8.4631E-03    0.0000E+00    1.5450E+00    0.0000E+00
     312.60000    8.5170E-03    0.0000E+00    1.4862E+00    0.0000E+00
     312.70000    8.5688E-03    0.0000E+00    1.4277E+00    0.0000E+00
     312.80000    8.6177E-03    0.0000E+00    1.3696E+00    0.0000E+00
     312.90000    8.6632E-03    0.0000E+00    1.3120E+00    0.0000E+00
     313.00000    8.7046E-03    0.0000E+00    1.2549E+00    0.0000E+00
     313.10000    8.7637E-03    0.0000E+00    1.2015E+00    0.0000E+00
     313.20000    9.2245E-03    0.0000E+00    1.2015E+00    0.0000E+00
     313.30000    9.7189E-03    0.0000E+00    1.2015E+00    0.0000E+00
     313.40000    1.0250E-02    0.0000E+00    1.2015E+00    0.0000E+00
     313.50000    1.0819E-02    0.0000E+00    1.2015E+00    0.0000E+00
     313.60000    1.1431E-02    0.0000E+00    1.2015E+00    0.0000E+00
     313.70000    1.2087E-02    0.0000E+00    1.2015E+00    0.0000E+00
     313.80000    1.2784E-02    0.0000E+00    1.2015E+00    0.0000E+00
     313.90000    1.3444E-02    0.0000E+00    1.2015E+00    0.0000E+00
     314.00000    1.4034E-02    0.0000E+00    1.2015E+00    0.0000E+00
     314.10000    1.4533E-02    0.0000E+00    1.2015E+00    0.0000E+00
     314.20000    1.4925E-02    0.0000E+00    1.2015E+00    0.0000E+00
     314.30000    1.5227E-02    0.0000E+00    1.2015E+00    0.0000E+00
     314.40000    1.5513E-02    0.0000E+00    1.2015E+00    0.0000E+00
     314.50000    1.5787E-02    0.0000E+00    1.2015E+00    0.0000E+00
     314.60000    1.6047E-02    0.0000E+00    1.2015E+00    0.0000E+00
     314.70000    1.6292E-02    0.0000E+00    1.2015E+00    0.0000E+00
     314.80000    1.6522E-02    0.0000E+00    1.2015E+00    0.0000E+00
     314.90000    1.6688E-02    0.0000E+00    1.1982E+00    0.0000E+00
     315.00000    1.6060E-02    0.0000E+00    1.1398E+00    0.0000E+00
     315.10000    1.5423E-02    0.0000E+00    1.0833E+00    0.0000E+00
     315.20000    1.4777E-02    0.0000E+00    1.0286E+00    0.0000E+00
     315.30000    1.4127E-02    0.0000E+00    9.7559E-01    0.0000E+00
     315.40000    1.3474E-02    0.0000E+00    9.2435E-01    0.0000E+00
     315.50000    1.2821E-02    0.0000E+00    8.7481E-01    0.0000E+00
     315.60000    1.2170E-02    0.0000E+00    8.2695E-01    0.0000E+00
     315.70000    1.1524E-02    0.0000E+00    7.8074E-01    0.0000E+00
     315.80000    1.0885E-02    0.0000E+00    7.3617E-01    0.0000E+00
     315.90000    1.0255E-02    0.0000E+00    6.9319E-01    0.0000E+00
     316.00000    9.6361E-03    0.0000E+00    6.5178E-01    0.0000E+00
     316.10000    9.0303E-03    0.0000E+00    6.1193E-01    0.0000E+00
     316.20000    8.4395E-03    0.0000E+00    5.7360E-01    0.0000E+00
     316.30000    7.8653E-03    0.0000E+00    5.3676E-01    0.0000E+00
     316.40000    7.3091E-03    0.0000E+00    5.0140E-01    0.0000E+00
     316.50000    6.7722E-03    0.0000E+00    4.6748E-01    0.0000E+00
     316.60000    6.2558E-03    0.0000E+00    4.3498E-01    0.0000E+00
     316.70000    5.7606E-03    0.0000E+00    4.0387E-01    0.0000E+00
     316.80000    5.2874E-03    0.0000E+00    3.7414E-01    0.0000E+00
     316.90000    4.8368E-03    0.0000E+00    3.4575E-01    0.0000E+00
     317.00000    4.4091E-03    0.0000E+00    3.1868E-01    0.0000E+00
     317.10000    4.0046E-03    0.0000E+00    2.9290E-01    0.0000E+00
     317.20000    3.6232E-03    0.0000E+00    2.6840E-01    0.0000E+00
     317.30000    3.2650E-03    0.0000E+00    2.4514E-01    0.0000E+00
     317.40000    3.1536E-03    0.0000E+00    2.4017E-01    0.0000E+00
     317.50000    3.1069E-03    0.0000E+00    2.4017E-01    0.0000E+00
     317.60000    3.0589E-03    0.0000E+00    2.4017E-01    0.0000E+00
     317.70000    2.8007E-03    0.0000E+00    2.2349E-01    0.0000E+00
     317.80000    2.5029E-03    0.0000E+00    2.0311E-01    0.0000E+00
     317.90000    2.2267E-03    0.0000E+00    1.8385E-01    0.0000E+00
     318.00000    1.9714E-03    0.0000E+00    1.6570E-01    0.0000E+00
     318.10000    1.7363E-03    0.0000E+00    1.4862E-01    0.0000E+00
     318.20000    1.5205E-03    0.0000E+00    1.3261E-01    0.0000E+00
     318.30000    1.3232E-03    0.0000E+00    1.1763E-01    0.0000E+00
     318.40000    1.1436E-03    0.0000E+00    1.0366E-01    0.0000E+00
     318.50000    9.8087E-04    0.0000E+00    9.0680E-02    0.0000E+00
     318.60000    8.3407E-04    0.0000E+00    7.8669E-02    0.0000E+00
     318.70000    7.0236E-04    0.0000E+00    6.7605E-02    0.0000E+00
     318.80000    5.8488E-04    0.0000E+00    5.7464E-02    0.0000E+00
     318.90000    4.8079E-04    0.0000E+00    4.8226E-02    0.0000E+00
     319.00000    3.8926E-04    0.0000E+00    3.9869E-02    0.0000E+00
     319.10000    3.0948E-04    0.0000E+00    3.2372E-02    0.0000E+00
     319.20000    2.4068E-04    0.0000E+00    2.5714E-02    0.0000E+00
     319.30000    1.8210E-04    0.0000E+00    1.9873E-02    0.0000E+00
     319.40000    1.3301E-04    0.0000E+00    1.4829E-02    0.0000E+00
     319.50000    9.2732E-05    0.0000E+00    1.0561E-02    0.0000E+00
     319.60000    6.0590E-05    0.0000E+00    7.0495E-03    0.0000E+00
     319.70000    3.5956E-05    0.0000E+00    4.2739E-03    0.0000E+00
     319.80000    1.8234E-05    0.0000E+00    2.2141E-03    0.0000E+00
     319.90000    6.8562E-06    0.0000E+00    8.5051E-04    0.0000E+00
     320.00000    1.2894E-06    0.0000E+00    1.6339E-04    0.0000E+00
     320.10000    5.2186E-07    0.0000E+00    6.7549E-05    0.0000E+00
     320.20000    5.1094E-07    0.0000E+00    6.7549E-05    0.0000E+00
     320.30000    5.0028E-07    0.0000E+00    6.7549E-05    0.0000E+00
     320.40000    4.8988E-07    0.0000E+00    6.7549E-05    0.0000E+00
     320.50000    4.7976E-07    0.0000E+00    6.7549E-05    0.0000E+00
     320.60000    4.6989E-07    0.0000E+00    6.7549E-05    0.0000E+00
     320.70000    4.6029E-07    0.0000E+00    6.7549E-05    0.0000E+00
     320.80000    4.5238E-07    0.0000E+00    6.7549E-05    0.0000E+00
     320.90000    4.4848E-07    0.0000E+00    6.7549E-05    0.0000E+00
     321.00000    4.4845E-07    0.0000E+00    6.7549E-05    0.0000E+00
     321.10000    4.5230E-07    0.0000E+00    6.7549E-05    0.0000E+00
     321.20000    4.6014E-07    0.0000E+00    6.7549E-05    0.0000E+00
     321.30000    4.6966E-07    0.0000E+00    6.7549E-05    0.0000E+00
     321.40000    4.7944E-07    0.0000E+00    6.7549E-05    0.0000E+00
     321.50000    4.8947E-07    0.0000E+00    6.7549E-05    0.0000E+00
     321.60000    4.9976E-07    0.0000E+00    6.7549E-05    0.0000E+00
     321.70000    5.1031E-07    0.0000E+00    6.7549E-05    0.0000E+00
     321.80000    5.2112E-07    0.0000E+00    6.7549E-05    0.0000E+00
     321.90000    5.3220E-07    0.0000E+00    6.7549E-05    0.0000E+00
     322.00000    5.4353E-07    0.0000E+00    6.7549E-05    0.0000E+00
     322.10000    5.5512E-07    0.0000E+00    6.7549E-05    0.0000E+00
     322.20000    5.6697E-07    0.0000E+00    6.7549E-05    0.0000E+00
     322.30000    5.7907E-07    0.0000E+00    6.7549E-05    0.0000E+00
     322.40000    5.9141E-07    0.0000E+00    6.7549E-05    0.0000E+00
     322.50000    6.0399E-07    0.0000E+00    6.7549E-05    0.0000E+00
     322.60000    6.1679E-07    0.0000E+00    6.7549E-05    0.0000E+00
     322.70000    6.2982E-07    0.0000E+00    6.7549E-05    0.0000E+00
     322.80000    6.4305E-07    0.0000E+00    6.7549E-05    0.0000E+00
     322.90000    6.5647E-07    0.0000E+00    6.7549E-05    0.0000E+00
     323.00000    6.7006E-07    0.0000E+00    6.7549E-05    0.0000E+00
     323.10000    6.8381E-07    0.0000E+00    6.7549E-05    0.0000E+00
     323.20000    6.9770E-07    0.0000E+00    6.7549E-05    0.0000E+00
     323.30000    7.1170E-07    0.0000E+00    6.7549E-05    0.0000E+00
     323.40000    7.2578E-07    0.0000E+00    6.7549E-05    0.0000E+00
     323.50000    7.3992E-07    0.0000E+00    6.7549E-05    0.0000E+00
     323.60000    7.5409E-07    0.0000E+00    6.7549E-05    0.0000E+00
     323.70000    7.6766E-07    0.0000E+00    6.7549E-05    0.0000E+00
     323.80000    7.7621E-07    0.0000E+00    6.7549E-05    0.0000E+00
     323.90000    7.7856E-07    0.0000E+00    6.7549E-05    0.0000E+00
     324.00000    7.7463E-07    0.0000E+00    6.7549E-05    0.0000E+00
     324.10000    7.6456E-07    0.0000E+00    6.7549E-05    0.0000E+00
     324.20000    7.5031E-07    0.0000E+00    6.7549E-05    0.0000E+00
     324.30000    7.3590E-07    0.0000E+00    6.7549E-05    0.0000E+00
     324.40000    7.2154E-07    0.0000E+00    6.7549E-05    0.0000E+00
     324.50000    7.0726E-07    0.0000E+00    6.7549E-05    0.0000E+00
     324.60000    6.9308E-07    0.0000E+00    6.7549E-05    0.0000E+00
     324.70000    6.7904E-07    0.0000E+00    6.7549E-05    0.0000E+00
     324.80000    6.6515E-07    0.0000E+00    6.7549E-05    0.0000E+00
     324.90000    6.5143E-07    0.0000E+00    6.7549E-05    0.0000E+00
     325.00000    6.3790E-07    0.0000E+00    6.7549E-05    0.0000E+00
     325.10000    6.2458E-07    0.0000E+00    6.7549E-05    0.0000E+00
     325.20000    6.1148E-07    0.0000E+00    6.7549E-05    0.0000E+00
     325.30000    5.9861E-07    0.0000E+00    6.7549E-05    0.0000E+00
     325.40000    5.8598E-07    0.0000E+00    6.7549E-05    0.0000E+00
     325.50000    5.7360E-07    0.0000E+00    6.7549E-05    0.0000E+00
     325.60000    5.6148E-07    0.0000E+00    6.7549E-05    0.0000E+00
     325.70000    5.4962E-07    0.0000E+00    6.7549E-05    0.0000E+00
     325.80000    5.3802E-07    0.0000E+00    6.7549E-05    0.0000E+00
     325.90000    5.2668E-07    0.0000E+00    6.7549E-05    0.0000E+00
     326.00000    5.1561E-07    0.0000E+00    6.7549E-05    0.0000E+00
     326.10000    5.0481E-07    0.0000E+00    6.7549E-05    0.0000E+00
     326.20000    4.9428E-07    0.0000E+00    6.7549E-05    0.0000E+00
     326.30000    4.8402E-07    0.0000E+00    6.7549E-05    0.0000E+00
     326.40000    4.7402E-07    0.0000E+00    6.7549E-05    0.0000E+00
     326.50000    4.6428E-07    0.0000E+00    6.7549E-05    0.0000E+00
     326.60000    4.5481E-07    0.0000E+00    6.7549E-05    0.0000E+00
     326.70000    4.4774E-07    0.0000E+00    6.7549E-05    0.0000E+00
     326.80000    4.4465E-07    0.0000E+00    6.7549E-05    0.0000E+00
     326.90000    4.4538E-07    0.0000E+00    6.7549E-05    0.0000E+00
     327.00000    4.4999E-07    0.0000E+00    6.7549E-05    0.0000E+00
     327.10000    4.5841E-07    0.0000E+00    6.7549E-05    0.0000E+00
     327.20000    4.6791E-07    0.0000E+00    6.7549E-05    0.0000E+00
     327.30000    4.7767E-07    0.0000E+00    6.7549E-05    0.0000E+00
     327.40000    4.8768E-07    0.0000E+00    6.7549E-05    0.0000E+00
     327.50000    4.9795E-07    0.0000E+00    6.7549E-05    0.0000E+00
     327.60000    5.0849E-07    0.0000E+00    6.7549E-05    0.0000E+00
     327.70000    5.1929E-07    0.0000E+00    6.7549E-05    0.0000E+00
     327.80000    5.3034E-07    0.0000E+00    6.7549E-05    0.0000E+00
     327.90000    5.4166E-07    0.0000E+00    6.7549E-05    0.0000E+00
     328.00000    5.5324E-07    0.0000E+00    6.7549E-05    0.0000E+00
     328.10000    5.6508E-07    0.0000E+00    6.7549E-05    0.0000E+00
     328.20000    5.7716E-07    0.0000E+00    6.7549E-05    0.0000E+00
     328.30000    5.8949E-07    0.0000E+00    6.7549E-05    0.0000E+00
     328.40000    6.0206E-07    0.0000E+00    6.7549E-05    0.0000E+00
     328.50000    6.1486E-07    0.0000E+00    6.7549E-05    0.0000E+00
     328.60000    6.2788E-07    0.0000E+00    6.7549E-05    0.0000E+00
     328.70000    6.4111E-07    0.0000E+00    6.7549E-05    0.0000E+00
     328.80000    6.5453E-07    0.0000E+00    6.7549E-05    0.0000E+00
     328.90000    6.6812E-07    0.0000E+00    6.7549E-05    0.0000E+00
     329.00000    6.8188E-07    0.0000E+00    6.7549E-05    0.0000E+00
     329.10000    6.9577E-07    0.0000E+00    6.7549E-05    0.0000E+00
     329.20000    7.0978E-07    0.0000E+00    6.7549E-05    0.0000E+00
     329.30000    7.2387E-07    0.0000E+00    6.7549E-05    0.0000E+00
     329.40000    7.3803E-07    0.0000E+00    6.7549E-05    0.0000E+00
     329.50000    7.5221E-07    0.0000E+00    6.7549E-05    0.0000E+00
     329.60000    7.6518E-07    0.0000E+00    6.7549E-05    0.0000E+00
     329.70000    7.7258E-07    0.0000E+00    6.7549E-05    0.0000E+00
     329.80000    7.7380E-07    0.0000E+00    6.7549E-05    0.0000E+00
     329.90000    7.6878E-07    0.0000E+00    6.7549E-05    0.0000E+00
     330.00000    7.5772E-07    0.0000E+00    6.7549E-05    0.0000E+00
     330.10000    7.4351E-07    0.0000E+00    6.7549E-05    0.0000E+00
     330.20000    7.2931E-07    0.0000E+00    6.7549E-05    0.0000E+00
     330.30000    7.1516E-07    0.0000E+00    6.7549E-05    0.0000E+00
     330.40000    7.0109E-07    0.0000E+00    6.7549E-05    0.0000E+00
     330.50000    6.8713E-07    0.0000E+00    6.7549E-05    0.0000E+00
     330.60000    6.7329E-07    0.0000E+00    6.7549E-05    0.0000E+00
     330.70000    6.5961E-07    0.0000E+00    6.7549E-05    0.0000E+00
     330.80000    6.4610E-07    0.0000E+00    6.7549E-05    0.0000E+00
     330.90000    6.3278E-07    0.0000E+00    6.7549E-05    0.0000E+00
     331.00000    6.1966E-07    0.0000E+00    6.7549E-05    0.0000E+00
     331.10000    6.0676E-07    0.0000E+00    6.7549E-05    0.0000E+00
     331.20000    5.9408E-07    0.0000E+00    6.7549E-05    0.0000E+00
     331.30000    5.8164E-07    0.0000E+00    6.7549E-05    0.0000E+00
     331.40000    5.6945E-07    0.0000E+00    6.7549E-05    0.0000E+00
     331.50000    5.5750E-07    0.0000E+00    6.7549E-05    0.0000E+00
     331.60000    5.4581E-07    0.0000E+00    6.7549E-05    0.0000E+00
     331.70000    5.3438E-07    0.0000E+00    6.7549E-05    0.0000E+00
     331.80000    5.2321E-07    0.0000E+00    6.7549E-05    0.0000E+00
     331.90000    5.1230E-07    0.0000E+00    6.7549E-05    0.0000E+00
     332.00000    5.0166E-07    0.0000E+00    6.7549E-05    0.0000E+00
     332.10000    4.9127E-07    0.0000E+00    6.7549E-05    0.0000E+00
     332.20000    4.8115E-07    0.0000E+00    6.7549E-05    0.0000E+00
     332.30000    4.7129E-07    0.0000E+00    6.7549E-05    0.0000E+00
     332.40000    4.6169E-07    0.0000E+00    6.7549E-05    0.0000E+00
     332.50000    4.5246E-07    0.0000E+00    6.7549E-05    0.0000E+00
     332.60000    4.4628E-07    0.0000E+00    6.7549E-05    0.0000E+00
     332.70000    4.4402E-07    0.0000E+00    6.7549E-05    0.0000E+00
     332.80000    4.4558E-07    0.0000E+00    6.7549E-05    0.0000E+00
     332.90000    4.5104E-07    0.0000E+00    6.7549E-05    0.0000E+00
     333.00000    4.6000E-07    0.0000E+00    6.7549E-05    0.0000E+00
     333.10000    4.6961E-07    0.0000E+00    6.7549E-05    0.0000E+00
     333.20000    4.7948E-07    0.0000E+00    6.7549E-05    0.0000E+00
     333.30000    4.8962E-07    0.0000E+00    6.7549E-05    0.0000E+00
     333.40000    5.0002E-07    0.0000E+00    6.7549E-05    0.0000E+00
     333.50000    5.1069E-07    0.0000E+00    6.7549E-05    0.0000E+00
     333.60000    5.2162E-07    0.0000E+00    6.7549E-05    0.0000E+00
     333.70000    5.3282E-07    0.0000E+00    6.7549E-05    0.0000E+00
     333.80000    5.4429E-07    0.0000E+00    6.7549E-05    0.0000E+00
     333.90000    5.5602E-07    0.0000E+00    6.7549E-05    0.0000E+00
     334.00000    5.6802E-07    0.0000E+00    6.7549E-05    0.0000E+00
     334.10000    5.8027E-07    0.0000E+00    6.7549E-05    0.0000E+00
     334.20000    5.9276E-07    0.0000E+00    6.7549E-05    0.0000E+00
     334.30000    6.0551E-07    0.0000E+00    6.7549E-05    0.0000E+00
     334.40000    6.1849E-07    0.0000E+00    6.7549E-05    0.0000E+00
     334.50000    6.3169E-07    0.0000E+00    6.7549E-05    0.0000E+00
     334.60000    6.4510E-07    0.0000E+00    6.7549E-05    0.0000E+00
     334.70000    6.5871E-07    0.0000E+00    6.7549E-05    0.0000E+00
     334.80000    6.7250E-07    0.0000E+00    6.7549E-05    0.0000E+00
     334.90000    6.8646E-07    0.0000E+00    6.7549E-05    0.0000E+00
     335.00000    7.0055E-07    0.0000E+00    6.7549E-05    0.0000E+00
     335.10000    7.1476E-07    0.0000E+00    6.7549E-05    0.0000E+00
     335.20000    7.2906E-07    0.0000E+00    6.7549E-05    0.0000E+00
     335.30000    7.4342E-07    0.0000E+00    6.7549E-05    0.0000E+00
     335.40000    7.5780E-07    0.0000E+00    6.7549E-05    0.0000E+00
     335.50000    7.7010E-07    0.0000E+00    6.7549E-05    0.0000E+00
     335.60001    7.7646E-07    0.0000E+00    6.7549E-05    0.0000E+00
     335.70001    7.7658E-07    0.0000E+00    6.7549E-05    0.0000E+00
     335.80001    7.7045E-07    0.0000E+00    6.7549E-05    0.0000E+00
     335.90001    7.5838E-07    0.0000E+00    6.7549E-05    0.0000E+00
     336.00001    7.4423E-07    0.0000E+00    6.7549E-05    0.0000E+00
     336.10001    7.3010E-07    0.0000E+00    6.7549E-05    0.0000E+00
     336.20001    7.1601E-07    0.0000E+00    6.7549E-05    0.0000E+00
     336.30001    7.0199E-07    0.0000E+00    6.7549E-05    0.0000E+00
     336.40001    6.8808E-07    0.0000E+00    6.7549E-05    0.0000E+00
     336.50001    6.7430E-07    0.0000E+00    6.7549E-05    0.0000E+00
     336.60001    6.6066E-07    0.0000E+00    6.7549E-05    0.0000E+00
     336.70001    6.4719E-07    0.0000E+00    6.7549E-05    0.0000E+00
     336.80001    6.3390E-07    0.0000E+00    6.7549E-05    0.0000E+00
     336.90001    6.2082E-07    0.0000E+00    6.7549E-05    0.0000E+00
     337.00001    6.0795E-07    0.0000E+00    6.7549E-05    0.0000E+00
     337.10001    5.9530E-07    0.0000E+00    6.7549E-05    0.0000E+00
     337.20001    5.8289E-07    0.0000E+00    6.7549E-05    0.0000E+00
     337.30001    5.7072E-07    0.0000E+00    6.7549E-05    0.0000E+00
     337.40001    5.5879E-07    0.0000E+00    6.7549E-05    0.0000E+00
     337.50001    5.4712E-07    0.0000E+00    6.7549E-05    0.0000E+00
     337.60001    5.3571E-07    0.0000E+00    6.7549E-05    0.0000E+00
     337.70001    5.2455E-07    0.0000E+00    6.7549E-05    0.0000E+00
     337.80001    5.1365E-07    0.0000E+00    6.7549E-05    0.0000E+00
     337.90001    5.0302E-07    0.0000E+00    6.7549E-05    0.0000E+00
     338.00001    4.9264E-07    0.0000E+00    6.7549E-05    0.0000E+00
     338.10001    4.8253E-07    0.0000E+00    6.7549E-05    0.0000E+00
     338.20001    4.7267E-07    0.0000E+00    6.7549E-05    0.0000E+00
     338.30001    4.6307E-07    0.0000E+00    6.7549E-05    0.0000E+00
     338.40001    4.5414E-07    0.0000E+00    6.7549E-05    0.0000E+00
     338.50001    4.4873E-07    0.0000E+00    6.7549E-05    0.0000E+00
     338.60001    4.4724E-07    0.0000E+00    6.7549E-05    0.0000E+00
     338.70001    4.4961E-07    0.0000E+00    6.7549E-05    0.0000E+00
     338.80001    4.5592E-07    0.0000E+00    6.7549E-05    0.0000E+00
     338.90001    4.6529E-07    0.0000E+00    6.7549E-05    0.0000E+00
     339.00001    4.7504E-07    0.0000E+00    6.7549E-05    0.0000E+00
     339.10001    4.8505E-07    0.0000E+00    6.7549E-05    0.0000E+00
     339.20001    4.9532E-07    0.0000E+00    6.7549E-05    0.0000E+00
     339.30001    5.0586E-07    0.0000E+00    6.7549E-05    0.0000E+00
     339.40001    5.1667E-07    0.0000E+00    6.7549E-05    0.0000E+00
     339.50001    5.2775E-07    0.0000E+00    6.7549E-05    0.0000E+00
     339.60001    5.3910E-07    0.0000E+00    6.7549E-05    0.0000E+00
     339.70001    5.5071E-07    0.0000E+00    6.7549E-05    0.0000E+00
     339.80001    5.6258E-07    0.0000E+00    6.7549E-05    0.0000E+00
     339.90001    5.7472E-07    0.0000E+00    6.7549E-05    0.0000E+00
     340.00001    5.8710E-07    0.0000E+00    6.7549E-05    0.0000E+00
     340.10001    5.9974E-07    0.0000E+00    6.7549E-05    0.0000E+00
     340.20001    6.1262E-07    0.0000E+00    6.7549E-05    0.0000E+00
     340.30001    6.2573E-07    0.0000E+00    6.7549E-05    0.0000E+00
     340.40001    6.3906E-07    0.0000E+00    6.7549E-05    0.0000E+00
     340.50001    6.5259E-07    0.0000E+00    6.7549E-05    0.0000E+00
     340.60001    6.6632E-07    0.0000E+00    6.7549E-05    0.0000E+00
     340.70001    6.8022E-07    0.0000E+00    6.7549E-05    0.0000E+00
     340.80001    6.9427E-07    0.0000E+00    6.7549E-05    0.0000E+00
     340.90001    7.0845E-07    0.0000E+00    6.7549E-05    0.0000E+00
     341.00001    7.2274E-07    0.0000E+00    6.7549E-05    0.0000E+00
     341.10001    7.3710E-07    0.0000E+00    6.7549E-05    0.0000E+00
     341.20001    7.5151E-07    0.0000E+00    6.7549E-05    0.0000E+00
     341.30001    7.6593E-07    0.0000E+00    6.7549E-05    0.0000E+00
     341.40001    7.7712E-07    0.0000E+00    6.7549E-05    0.0000E+00
     341.50001    7.8221E-07    0.0000E+00    6.7549E-05    0.0000E+00
     341.60001    7.8098E-07    0.0000E+00    6.7549E-05    0.0000E+00
     341.70001    7.7348E-07    0.0000E+00    6.7549E-05    0.0000E+00
     341.80001    7.6037E-07    0.0000E+00    6.7549E-05    0.0000E+00
     341.90001    7.4604E-07    0.0000E+00    6.7549E-05    0.0000E+00
     342.00001    7.3173E-07    0.0000E+00    6.7549E-05    0.0000E+00
     342.10001    7.1747E-07    0.0000E+00    6.7549E-05    0.0000E+00
     342.20001    7.0330E-07    0.0000E+00    6.7549E-05    0.0000E+00
     342.30001    6.8924E-07    0.0000E+00    6.7549E-05    0.0000E+00
     342.40001    6.7531E-07    0.0000E+00    6.7549E-05    0.0000E+00
     342.50001    6.6153E-07    0.0000E+00    6.7549E-05    0.0000E+00
     342.60001    6.4794E-07    0.0000E+00    6.7549E-05    0.0000E+00
     342.70001    6.3453E-07    0.0000E+00    6.7549E-05    0.0000E+00
     342.80001    6.2133E-07    0.0000E+00    6.7549E-05    0.0000E+00
     342.90001    6.0836E-07    0.0000E+00    6.7549E-05    0.0000E+00
     343.00001    5.9561E-07    0.0000E+00    6.7549E-05    0.0000E+00
     343.10001    5.8310E-07    0.0000E+00    6.7549E-05    0.0000E+00
     343.20001    5.7084E-07    0.0000E+00    6.7549E-05    0.0000E+00
     343.30001    5.5884E-07    0.0000E+00    6.7549E-05    0.0000E+00
     343.40001    5.4709E-07    0.0000E+00    6.7549E-05    0.0000E+00
     343.50001    5.3561E-07    0.0000E+00    6.7549E-05    0.0000E+00
     343.60001    5.2438E-07    0.0000E+00    6.7549E-05    0.0000E+00
     343.70001    5.1343E-07    0.0000E+00    6.7549E-05    0.0000E+00
     343.80001    5.0274E-07    0.0000E+00    6.7549E-05    0.0000E+00
     343.90001    4.9231E-07    0.0000E+00    6.7549E-05    0.0000E+00
     344.00001    4.8215E-07    0.0000E+00    6.7549E-05    0.0000E+00
     344.10001    4.7225E-07    0.0000E+00    6.7549E-05    0.0000E+00
     344.20001    4.6260E-07    0.0000E+00    6.7549E-05    0.0000E+00
     344.30001    4.5407E-07    0.0000E+00    6.7549E-05    0.0000E+00
     344.40001    4.4939E-07    0.0000E+00    6.7549E-05    0.0000E+00
     344.50001    4.4861E-07    0.0000E+00    6.7549E-05    0.0000E+00
     344.60001    4.5170E-07    0.0000E+00    6.7549E-05    0.0000E+00
     344.70001    4.5879E-07    0.0000E+00    6.7549E-05    0.0000E+00
     344.80001    4.6829E-07    0.0000E+00    6.7549E-05    0.0000E+00
     344.90001    4.7804E-07    0.0000E+00    6.7549E-05    0.0000E+00
     345.00001    4.8806E-07    0.0000E+00    6.7549E-05    0.0000E+00
     345.10001    4.9833E-07    0.0000E+00    6.7549E-05    0.0000E+00
     345.20001    5.0887E-07    0.0000E+00    6.7549E-05    0.0000E+00
     345.30001    5.1967E-07    0.0000E+00    6.7549E-05    0.0000E+00
     345.40001    5.3074E-07    0.0000E+00    6.7549E-05    0.0000E+00
     345.50001    5.4206E-07    0.0000E+00    6.7549E-05    0.0000E+00
     345.60001    5.5365E-07    0.0000E+00    6.7549E-05    0.0000E+00
     345.70001    5.6549E-07    0.0000E+00    6.7549E-05    0.0000E+00
     345.80001    5.7758E-07    0.0000E+00    6.7549E-05    0.0000E+00
     345.90001    5.8992E-07    0.0000E+00    6.7549E-05    0.0000E+00
     346.00001    6.0250E-07    0.0000E+00    6.7549E-05    0.0000E+00
     346.10001    6.1532E-07    0.0000E+00    6.7549E-05    0.0000E+00
     346.20001    6.2835E-07    0.0000E+00    6.7549E-05    0.0000E+00
     346.30001    6.4160E-07    0.0000E+00    6.7549E-05    0.0000E+00
     346.40001    6.5503E-07    0.0000E+00    6.7549E-05    0.0000E+00
     346.50001    6.6865E-07    0.0000E+00    6.7549E-05    0.0000E+00
     346.60001    6.8243E-07    0.0000E+00    6.7549E-05    0.0000E+00
     346.70001    6.9635E-07    0.0000E+00    6.7549E-05    0.0000E+00
     346.80001    7.1038E-07    0.0000E+00    6.7549E-05    0.0000E+00
     346.90001    7.2451E-07    0.0000E+00    6.7549E-05    0.0000E+00
     347.00001    7.3870E-07    0.0000E+00    6.7549E-05    0.0000E+00
     347.10001    7.5292E-07    0.0000E+00    6.7549E-05    0.0000E+00
     347.20001    7.6695E-07    0.0000E+00    6.7549E-05    0.0000E+00
     347.30001    7.7675E-07    0.0000E+00    6.7549E-05    0.0000E+00
     347.40001    7.8039E-07    0.0000E+00    6.7549E-05    0.0000E+00
     347.50001    7.7772E-07    0.0000E+00    6.7549E-05    0.0000E+00
     347.60001    7.6885E-07    0.0000E+00    6.7549E-05    0.0000E+00
     347.70001    7.5498E-07    0.0000E+00    6.7549E-05    0.0000E+00
     347.80001    7.4054E-07    0.0000E+00    6.7549E-05    0.0000E+00
     347.90001    7.2614E-07    0.0000E+00    6.7549E-05    0.0000E+00
     348.00001    7.1181E-07    0.0000E+00    6.7549E-05    0.0000E+00
     348.10001    6.9758E-07    0.0000E+00    6.7549E-05    0.0000E+00
     348.20001    6.8347E-07    0.0000E+00    6.7549E-05    0.0000E+00
     348.30001    6.6951E-07    0.0000E+00    6.7549E-05    0.0000E+00
     348.40001    6.5572E-07    0.0000E+00    6.7549E-05    0.0000E+00
     348.50001    6.4212E-07    0.0000E+00    6.7549E-05    0.0000E+00
     348.60001    6.2872E-07    0.0000E+00    6.7549E-05    0.0000E+00
     348.70001    6.1553E-07    0.0000E+00    6.7549E-05    0.0000E+00
     348.80001    6.0258E-07    0.0000E+00    6.7549E-05    0.0000E+00
     348.90001    5.8986E-07    0.0000E+00    6.7549E-05    0.0000E+00
     349.00001    5.7739E-07    0.0000E+00    6.7549E-05    0.0000E+00
     349.10001    5.6518E-07    0.0000E+00    6.7549E-05    0.0000E+00
     349.20001    5.5322E-07    0.0000E+00    6.7549E-05    0.0000E+00
     349.30001    5.4153E-07    0.0000E+00    6.7549E-05    0.0000E+00
     349.40001    5.3011E-07    0.0000E+00    6.7549E-05    0.0000E+00
     349.50001    5.1895E-07    0.0000E+00    6.7549E-05    0.0000E+00
     349.60001    5.0806E-07    0.0000E+00    6.7549E-05    0.0000E+00
     349.70001    4.9744E-07    0.0000E+00    6.7549E-05    0.0000E+00
     349.80001    4.8709E-07    0.0000E+00    6.7549E-05    0.0000E+00
     349.90001    4.7700E-07    0.0000E+00    6.7549E-05    0.0000E+00
     350.00001    4.6718E-07    0.0000E+00    6.7549E-05    0.0000E+00
     350.10001    4.5761E-07    0.0000E+00    6.7549E-05    0.0000E+00
     350.20001    4.4974E-07    0.0000E+00    6.7549E-05    0.0000E+00
     350.30001    4.4584E-07    0.0000E+00    6.7549E-05    0.0000E+00
     350.40001    4.4580E-07    0.0000E+00    6.7549E-05    0.0000E+00
     350.50001    4.4962E-07    0.0000E+00    6.7549E-05    0.0000E+00
     350.60001    4.5741E-07    0.0000E+00    6.7549E-05    0.0000E+00
     350.70001    4.6686E-07    0.0000E+00    6.7549E-05    0.0000E+00
     350.80001    4.7657E-07    0.0000E+00    6.7549E-05    0.0000E+00
     350.90001    4.8653E-07    0.0000E+00    6.7549E-05    0.0000E+00
     351.00001    4.9675E-07    0.0000E+00    6.7549E-05    0.0000E+00
     351.10001    5.0723E-07    0.0000E+00    6.7549E-05    0.0000E+00
     351.20001    5.1797E-07    0.0000E+00    6.7549E-05    0.0000E+00
     351.30001    5.2897E-07    0.0000E+00    6.7549E-05    0.0000E+00
     351.40001    5.4023E-07    0.0000E+00    6.7549E-05    0.0000E+00
     351.50001    5.5175E-07    0.0000E+00    6.7549E-05    0.0000E+00
     351.60001    5.6353E-07    0.0000E+00    6.7549E-05    0.0000E+00
     351.70001    5.7555E-07    0.0000E+00    6.7549E-05    0.0000E+00
     351.80001    5.8782E-07    0.0000E+00    6.7549E-05    0.0000E+00
     351.90001    6.0032E-07    0.0000E+00    6.7549E-05    0.0000E+00
     352.00001    6.1305E-07    0.0000E+00    6.7549E-05    0.0000E+00
     352.10001    6.2601E-07    0.0000E+00    6.7549E-05    0.0000E+00
     352.20001    6.3916E-07    0.0000E+00    6.7549E-05    0.0000E+00
     352.30001    6.5252E-07    0.0000E+00    6.7549E-05    0.0000E+00
     352.40001    6.6604E-07    0.0000E+00    6.7549E-05    0.0000E+00
     352.50001    6.7973E-07    0.0000E+00    6.7549E-05    0.0000E+00
     352.60001    6.9355E-07    0.0000E+00    6.7549E-05    0.0000E+00
     352.70001    7.0749E-07    0.0000E+00    6.7549E-05    0.0000E+00
     352.80001    7.2152E-07    0.0000E+00    6.7549E-05    0.0000E+00
     352.90001    7.3561E-07    0.0000E+00    6.7549E-05    0.0000E+00
     353.00001    7.4973E-07    0.0000E+00    6.7549E-05    0.0000E+00
     353.10001    7.6327E-07    0.0000E+00    6.7549E-05    0.0000E+00
     353.20001    7.7181E-07    0.0000E+00    6.7549E-05    0.0000E+00
     353.30001    7.7420E-07    0.0000E+00    6.7549E-05    0.0000E+00
     353.40001    7.7034E-07    0.0000E+00    6.7549E-05    0.0000E+00
     353.50001    7.6038E-07    0.0000E+00    6.7549E-05    0.0000E+00
     353.60001    7.4627E-07    0.0000E+00    6.7549E-05    0.0000E+00
     353.70001    7.3199E-07    0.0000E+00    6.7549E-05    0.0000E+00
     353.80001    7.1776E-07    0.0000E+00    6.7549E-05    0.0000E+00
     353.90001    7.0361E-07    0.0000E+00    6.7549E-05    0.0000E+00
     354.00001    6.8956E-07    0.0000E+00    6.7549E-05    0.0000E+00
     354.10001    6.7564E-07    0.0000E+00    6.7549E-05    0.0000E+00
     354.20001    6.6187E-07    0.0000E+00    6.7549E-05    0.0000E+00
     354.30001    6.4828E-07    0.0000E+00    6.7549E-05    0.0000E+00
     354.40001    6.3487E-07    0.0000E+00    6.7549E-05    0.0000E+00
     354.50001    6.2167E-07    0.0000E+00    6.7549E-05    0.0000E+00
     354.60001    6.0868E-07    0.0000E+00    6.7549E-05    0.0000E+00
     354.70001    5.9592E-07    0.0000E+00    6.7549E-05    0.0000E+00
     354.80001    5.8340E-07    0.0000E+00    6.7549E-05    0.0000E+00
     354.90001    5.7113E-07    0.0000E+00    6.7549E-05    0.0000E+00
     355.00001    5.5910E-07    0.0000E+00    6.7549E-05    0.0000E+00
     355.10001    5.4734E-07    0.0000E+00    6.7549E-05    0.0000E+00
     355.20001    5.3583E-07    0.0000E+00    6.7549E-05    0.0000E+00
     355.30001    5.2459E-07    0.0000E+00    6.7549E-05    0.0000E+00
     355.40001    5.1361E-07    0.0000E+00    6.7549E-05    0.0000E+00
     355.50001    5.0289E-07    0.0000E+00    6.7549E-05    0.0000E+00
     355.60001    4.9244E-07    0.0000E+00    6.7549E-05    0.0000E+00
     355.70001    4.8226E-07    0.0000E+00    6.7549E-05    0.0000E+00
     355.80001    4.7233E-07    0.0000E+00    6.7549E-05    0.0000E+00
     355.90001    4.6267E-07    0.0000E+00    6.7549E-05    0.0000E+00
     356.00001    4.5326E-07    0.0000E+00    6.7549E-05    0.0000E+00
     356.10001    4.4626E-07    0.0000E+00    6.7549E-05    0.0000E+00
     356.20001    4.4321E-07    0.0000E+00    6.7549E-05    0.0000E+00
     356.30001    4.4398E-07    0.0000E+00    6.7549E-05    0.0000E+00
     356.40001    4.4861E-07    0.0000E+00    6.7549E-05    0.0000E+00
     356.50001    4.5704E-07    0.0000E+00    6.7549E-05    0.0000E+00
     356.60001    4.6656E-07    0.0000E+00    6.7549E-05    0.0000E+00
     356.70001    4.7633E-07    0.0000E+00    6.7549E-05    0.0000E+00
     356.80001    4.8636E-07    0.0000E+00    6.7549E-05    0.0000E+00
     356.90001    4.9665E-07    0.0000E+00    6.7549E-05    0.0000E+00
     357.00001    5.0721E-07    0.0000E+00    6.7549E-05    0.0000E+00
     357.10001    5.1803E-07    0.0000E+00    6.7549E-05    0.0000E+00
     357.20001    5.2912E-07    0.0000E+00    6.7549E-05    0.0000E+00
     357.30001    5.4047E-07    0.0000E+00    6.7549E-05    0.0000E+00
     357.40001    5.5208E-07    0.0000E+00    6.7549E-05    0.0000E+00
     357.50001    5.6395E-07    0.0000E+00    6.7549E-05    0.0000E+00
     357.60001    5.7608E-07    0.0000E+00    6.7549E-05    0.0000E+00
     357.70001    5.8845E-07    0.0000E+00    6.7549E-05    0.0000E+00
     357.80001    6.0107E-07    0.0000E+00    6.7549E-05    0.0000E+00
     357.90001    6.1392E-07    0.0000E+00    6.7549E-05    0.0000E+00
     358.00001    6.2700E-07    0.0000E+00    6.7549E-05    0.0000E+00
     358.10001    6.4029E-07    0.0000E+00    6.7549E-05    0.0000E+00
     358.20001    6.5377E-07    0.0000E+00    6.7549E-05    0.0000E+00
     358.30001    6.6744E-07    0.0000E+00    6.7549E-05    0.0000E+00
     358.40001    6.8127E-07    0.0000E+00    6.7549E-05    0.0000E+00
     358.50001    6.9525E-07    0.0000E+00    6.7549E-05    0.0000E+00
     358.60001    7.0934E-07    0.0000E+00    6.7549E-05    0.0000E+00
     358.70001    7.2353E-07    0.0000E+00    6.7549E-05    0.0000E+00
     358.80001    7.3778E-07    0.0000E+00    6.7549E-05    0.0000E+00
     358.90001    7.5206E-07    0.0000E+00    6.7549E-05    0.0000E+00
     359.00001    7.6514E-07    0.0000E+00    6.7549E-05    0.0000E+00
     359.10001    7.7265E-07    0.0000E+00    6.7549E-05    0.0000E+00
     359.20001    7.7398E-07    0.0000E+00    6.7549E-05    0.0000E+00
     359.30001    7.6907E-07    0.0000E+00    6.7549E-05    0.0000E+00
     359.40001    7.5812E-07    0.0000E+00    6.7549E-05    0.0000E+00
     359.50001    7.4400E-07    0.0000E+00    6.7549E-05    0.0000E+00
     359.60001    7.2989E-07    0.0000E+00    6.7549E-05    0.0000E+00
     359.70001    7.1582E-07    0.0000E+00    6.7549E-05    0.0000E+00
     359.80001    7.0183E-07    0.0000E+00    6.7549E-05    0.0000E+00
     359.90001    6.8793E-07    0.0000E+00    6.7549E-05    0.0000E+00
     360.00001    6.7416E-07    0.0000E+00    6.7549E-05    0.0000E+00
     360.10001    6.6053E-07    0.0000E+00    6.7549E-05    0.0000E+00
     360.20001    6.4708E-07    0.0000E+00    6.7549E-05    0.0000E+00
     360.30001    6.3380E-07    0.0000E+00    6.7549E-05    0.0000E+00
     360.40001    6.2072E-07    0.0000E+00    6.7549E-05    0.0000E+00
     360.50001    6.0786E-07    0.0000E+00    6.7549E-05    0.0000E+00
     360.60001    5.9522E-07    0.0000E+00    6.7549E-05    0.0000E+00
     360.70001    5.8281E-07    0.0000E+00    6.7549E-05    0.0000E+00
     360.80001    5.7064E-07    0.0000E+00    6.7549E-05    0.0000E+00
     360.90001    5.5872E-07    0.0000E+00    6.7549E-05    0.0000E+00
     361.00001    5.4705E-07    0.0000E+00    6.7549E-05    0.0000E+00
     361.10001    5.3563E-07    0.0000E+00    6.7549E-05    0.0000E+00
     361.20001    5.2448E-07    0.0000E+00    6.7549E-05    0.0000E+00
     361.30001    5.1358E-07    0.0000E+00    6.7549E-05    0.0000E+00
     361.40001    5.0295E-07    0.0000E+00    6.7549E-05    0.0000E+00
     361.50001    4.9257E-07    0.0000E+00    6.7549E-05    0.0000E+00
     361.60001    4.8246E-07    0.0000E+00    6.7549E-05    0.0000E+00
     361.70001    4.7260E-07    0.0000E+00    6.7549E-05    0.0000E+00
     361.80001    4.6300E-07    0.0000E+00    6.7549E-05    0.0000E+00
     361.90001    4.5377E-07    0.0000E+00    6.7549E-05    0.0000E+00
     362.00001    4.4760E-07    0.0000E+00    6.7549E-05    0.0000E+00
     362.10001    4.4536E-07    0.0000E+00    6.7549E-05    0.0000E+00
     362.20001    4.4695E-07    0.0000E+00    6.7549E-05    0.0000E+00
     362.30001    4.5245E-07    0.0000E+00    6.7549E-05    0.0000E+00
     362.40001    4.6146E-07    0.0000E+00    6.7549E-05    0.0000E+00
     362.50001    4.7113E-07    0.0000E+00    6.7549E-05    0.0000E+00
     362.60001    4.8106E-07    0.0000E+00    6.7549E-05    0.0000E+00
     362.70001    4.9126E-07    0.0000E+00    6.7549E-05    0.0000E+00
     362.80001    5.0172E-07    0.0000E+00    6.7549E-05    0.0000E+00
     362.90001    5.1245E-07    0.0000E+00    6.7549E-05    0.0000E+00
     363.00001    5.2344E-07    0.0000E+00    6.7549E-05    0.0000E+00
     363.10001    5.3471E-07    0.0000E+00    6.7549E-05    0.0000E+00
     363.20001    5.4624E-07    0.0000E+00    6.7549E-05    0.0000E+00
     363.30001    5.5804E-07    0.0000E+00    6.7549E-05    0.0000E+00
     363.40001    5.7010E-07    0.0000E+00    6.7549E-05    0.0000E+00
     363.50001    5.8242E-07    0.0000E+00    6.7549E-05    0.0000E+00
     363.60001    5.9499E-07    0.0000E+00    6.7549E-05    0.0000E+00
     363.70001    6.0781E-07    0.0000E+00    6.7549E-05    0.0000E+00
     363.80001    6.2085E-07    0.0000E+00    6.7549E-05    0.0000E+00
     363.90001    6.3413E-07    0.0000E+00    6.7549E-05    0.0000E+00
     364.00001    6.4761E-07    0.0000E+00    6.7549E-05    0.0000E+00
     364.10001    6.6129E-07    0.0000E+00    6.7549E-05    0.0000E+00
     364.20001    6.7515E-07    0.0000E+00    6.7549E-05    0.0000E+00
     364.30001    6.8918E-07    0.0000E+00    6.7549E-05    0.0000E+00
     364.40001    7.0334E-07    0.0000E+00    6.7549E-05    0.0000E+00
     364.50001    7.1761E-07    0.0000E+00    6.7549E-05    0.0000E+00
     364.60001    7.3197E-07    0.0000E+00    6.7549E-05    0.0000E+00
     364.70001    7.4639E-07    0.0000E+00    6.7549E-05    0.0000E+00
     364.80001    7.6084E-07    0.0000E+00    6.7549E-05    0.0000E+00
     364.90001    7.7318E-07    0.0000E+00    6.7549E-05    0.0000E+00
     365.00001    7.7956E-07    0.0000E+00    6.7549E-05    0.0000E+00
     365.10001    7.7967E-07    0.0000E+00    6.7549E-05    0.0000E+00
     365.20001    7.7350E-07    0.0000E+00    6.7549E-05    0.0000E+00
     365.30001    7.6137E-07    0.0000E+00    6.7549E-05    0.0000E+00
     365.40001    7.4715E-07    0.0000E+00    6.7549E-05    0.0000E+00
     365.50001    7.3294E-07    0.0000E+00    6.7549E-05    0.0000E+00
     365.60001    7.1877E-07    0.0000E+00    6.7549E-05    0.0000E+00
     365.70001    7.0468E-07    0.0000E+00    6.7549E-05    0.0000E+00
     365.80001    6.9069E-07    0.0000E+00    6.7549E-05    0.0000E+00
     365.90001    6.7682E-07    0.0000E+00    6.7549E-05    0.0000E+00
     366.00001    6.6311E-07    0.0000E+00    6.7549E-05    0.0000E+00
     366.10001    6.4956E-07    0.0000E+00    6.7549E-05    0.0000E+00
     366.20001    6.3620E-07    0.0000E+00    6.7549E-05    0.0000E+00
     366.30001    6.2304E-07    0.0000E+00    6.7549E-05    0.0000E+00
     366.40001    6.1009E-07    0.0000E+00    6.7549E-05    0.0000E+00
     366.50001    5.9737E-07    0.0000E+00    6.7549E-05    0.0000E+00
     366.60001    5.8489E-07    0.0000E+00    6.7549E-05    0.0000E+00
     366.70001    5.7265E-07    0.0000E+00    6.7549E-05    0.0000E+00
     366.80001    5.6065E-07    0.0000E+00    6.7549E-05    0.0000E+00
     366.90001    5.4891E-07    0.0000E+00    6.7549E-05    0.0000E+00
     367.00001    5.3744E-07    0.0000E+00    6.7549E-05    0.0000E+00
     367.10001    5.2622E-07    0.0000E+00    6.7549E-05    0.0000E+00
     367.20001    5.1526E-07    0.0000E+00    6.7549E-05    0.0000E+00
     367.30001    5.0457E-07    0.0000E+00    6.7549E-05    0.0000E+00
     367.40001    4.9413E-07    0.0000E+00    6.7549E-05    0.0000E+00
     367.50001    4.8397E-07    0.0000E+00    6.7549E-05    0.0000E+00
     367.60001    4.7406E-07    0.0000E+00    6.7549E-05    0.0000E+00
     367.70001    4.6440E-07    0.0000E+00    6.7549E-05    0.0000E+00
     367.80001    4.5542E-07    0.0000E+00    6.7549E-05    0.0000E+00
     367.90001    4.4998E-07    0.0000E+00    6.7549E-05    0.0000E+00
     368.00001    4.4846E-07    0.0000E+00    6.7549E-05    0.0000E+00
     368.10001    4.5081E-07    0.0000E+00    6.7549E-05    0.0000E+00
     368.20001    4.5712E-07    0.0000E+00    6.7549E-05    0.0000E+00
     368.30001    4.6649E-07    0.0000E+00    6.7549E-05    0.0000E+00
     368.40001    4.7623E-07    0.0000E+00    6.7549E-05    0.0000E+00
     368.50001    4.8624E-07    0.0000E+00    6.7549E-05    0.0000E+00
     368.60001    4.9651E-07    0.0000E+00    6.7549E-05    0.0000E+00
     368.70001    5.0704E-07    0.0000E+00    6.7549E-05    0.0000E+00
     368.80001    5.1784E-07    0.0000E+00    6.7549E-05    0.0000E+00
     368.90001    5.2890E-07    0.0000E+00    6.7549E-05    0.0000E+00
     369.00001    5.4023E-07    0.0000E+00    6.7549E-05    0.0000E+00
     369.10001    5.5183E-07    0.0000E+00    6.7549E-05    0.0000E+00
     369.20001    5.6368E-07    0.0000E+00    6.7549E-05    0.0000E+00
     369.30001    5.7579E-07    0.0000E+00    6.7549E-05    0.0000E+00
     369.40001    5.8815E-07    0.0000E+00    6.7549E-05    0.0000E+00
     369.50001    6.0075E-07    0.0000E+00    6.7549E-05    0.0000E+00
     369.60001    6.1360E-07    0.0000E+00    6.7549E-05    0.0000E+00
     369.70001    6.2666E-07    0.0000E+00    6.7549E-05    0.0000E+00
     369.80001    6.3995E-07    0.0000E+00    6.7549E-05    0.0000E+00
     369.90001    6.5343E-07    0.0000E+00    6.7549E-05    0.0000E+00
     370.00001    6.6710E-07    0.0000E+00    6.7549E-05    0.0000E+00
     370.10001    6.8094E-07    0.0000E+00    6.7549E-05    0.0000E+00
     370.20001    6.9493E-07    0.0000E+00    6.7549E-05    0.0000E+00
     370.30001    7.0904E-07    0.0000E+00    6.7549E-05    0.0000E+00
     370.40001    7.2325E-07    0.0000E+00    6.7549E-05    0.0000E+00
     370.50001    7.3753E-07    0.0000E+00    6.7549E-05    0.0000E+00
     370.60001    7.5185E-07    0.0000E+00    6.7549E-05    0.0000E+00
     370.70001    7.6617E-07    0.0000E+00    6.7549E-05    0.0000E+00
     370.80001    7.7726E-07    0.0000E+00    6.7549E-05    0.0000E+00
     370.90001    7.8224E-07    0.0000E+00    6.7549E-05    0.0000E+00
     371.00001    7.8090E-07    0.0000E+00    6.7549E-05    0.0000E+00
     371.10001    7.7330E-07    0.0000E+00    6.7549E-05    0.0000E+00
     371.20001    7.6009E-07    0.0000E+00    6.7549E-05    0.0000E+00
     371.30001    7.4566E-07    0.0000E+00    6.7549E-05    0.0000E+00
     371.40001    7.3127E-07    0.0000E+00    6.7549E-05    0.0000E+00
     371.50001    7.1693E-07    0.0000E+00    6.7549E-05    0.0000E+00
     371.60001    7.0268E-07    0.0000E+00    6.7549E-05    0.0000E+00
     371.70001    6.8855E-07    0.0000E+00    6.7549E-05    0.0000E+00
     371.80001    6.7456E-07    0.0000E+00    6.7549E-05    0.0000E+00
     371.90001    6.6073E-07    0.0000E+00    6.7549E-05    0.0000E+00
     372.00001    6.4708E-07    0.0000E+00    6.7549E-05    0.0000E+00
     372.10001    6.3363E-07    0.0000E+00    6.7549E-05    0.0000E+00
     372.20001    6.2038E-07    0.0000E+00    6.7549E-05    0.0000E+00
     372.30001    6.0737E-07    0.0000E+00    6.7549E-05    0.0000E+00
     372.40001    5.9459E-07    0.0000E+00    6.7549E-05    0.0000E+00
     372.50001    5.8205E-07    0.0000E+00    6.7549E-05    0.0000E+00
     372.60001    5.6976E-07    0.0000E+00    6.7549E-05    0.0000E+00
     372.70001    5.5773E-07    0.0000E+00    6.7549E-05    0.0000E+00
     372.80001    5.4596E-07    0.0000E+00    6.7549E-05    0.0000E+00
     372.90001    5.3446E-07    0.0000E+00    6.7549E-05    0.0000E+00
     373.00001    5.2322E-07    0.0000E+00    6.7549E-05    0.0000E+00
     373.10001    5.1226E-07    0.0000E+00    6.7549E-05    0.0000E+00
     373.20001    5.0156E-07    0.0000E+00    6.7549E-05    0.0000E+00
     373.30001    4.9112E-07    0.0000E+00    6.7549E-05    0.0000E+00
     373.40001    4.8095E-07    0.0000E+00    6.7549E-05    0.0000E+00
     373.50001    4.7105E-07    0.0000E+00    6.7549E-05    0.0000E+00
     373.60001    4.6141E-07    0.0000E+00    6.7549E-05    0.0000E+00
     373.70001    4.5287E-07    0.0000E+00    6.7549E-05    0.0000E+00
     373.80001    4.4818E-07    0.0000E+00    6.7549E-05    0.0000E+00
     373.90001    4.4738E-07    0.0000E+00    6.7549E-05    0.0000E+00
     374.00001    4.5044E-07    0.0000E+00    6.7549E-05    0.0000E+00
     374.10001    4.5749E-07    0.0000E+00    6.7549E-05    0.0000E+00
     374.20001    4.6694E-07    0.0000E+00    6.7549E-05    0.0000E+00
     374.30001    4.7664E-07    0.0000E+00    6.7549E-05    0.0000E+00
     374.40001    4.8660E-07    0.0000E+00    6.7549E-05    0.0000E+00
     374.50001    4.9682E-07    0.0000E+00    6.7549E-05    0.0000E+00
     374.60001    5.0730E-07    0.0000E+00    6.7549E-05    0.0000E+00
     374.70001    5.1804E-07    0.0000E+00    6.7549E-05    0.0000E+00
     374.80001    5.2904E-07    0.0000E+00    6.7549E-05    0.0000E+00
     374.90001    5.4031E-07    0.0000E+00    6.7549E-05    0.0000E+00
     375.00001    5.5183E-07    0.0000E+00    6.7549E-05    0.0000E+00
     375.10001    5.6360E-07    0.0000E+00    6.7549E-05    0.0000E+00
     375.20001    5.7563E-07    0.0000E+00    6.7549E-05    0.0000E+00
     375.30001    5.8790E-07    0.0000E+00    6.7549E-05    0.0000E+00
     375.40001    6.0041E-07    0.0000E+00    6.7549E-05    0.0000E+00
     375.50001    6.1314E-07    0.0000E+00    6.7549E-05    0.0000E+00
     375.60001    6.2610E-07    0.0000E+00    6.7549E-05    0.0000E+00
     375.70001    6.3927E-07    0.0000E+00    6.7549E-05    0.0000E+00
     375.80001    6.5263E-07    0.0000E+00    6.7549E-05    0.0000E+00
     375.90001    6.6617E-07    0.0000E+00    6.7549E-05    0.0000E+00
     376.00001    6.7987E-07    0.0000E+00    6.7549E-05    0.0000E+00
     376.10001    6.9371E-07    0.0000E+00    6.7549E-05    0.0000E+00
     376.20001    7.0767E-07    0.0000E+00    6.7549E-05    0.0000E+00
     376.30001    7.2172E-07    0.0000E+00    6.7549E-05    0.0000E+00
     376.40001    7.3583E-07    0.0000E+00    6.7549E-05    0.0000E+00
     376.50001    7.4997E-07    0.0000E+00    6.7549E-05    0.0000E+00
     376.60001    7.6394E-07    0.0000E+00    6.7549E-05    0.0000E+00
     376.70001    7.7368E-07    0.0000E+00    6.7549E-05    0.0000E+00
     376.80001    7.7729E-07    0.0000E+00    6.7549E-05    0.0000E+00
     376.90001    7.7462E-07    0.0000E+00    6.7549E-05    0.0000E+00
     377.00001    7.6579E-07    0.0000E+00    6.7549E-05    0.0000E+00
     377.10001    7.5196E-07    0.0000E+00    6.7549E-05    0.0000E+00
     377.20001    7.3758E-07    0.0000E+00    6.7549E-05    0.0000E+00
     377.30001    7.2325E-07    0.0000E+00    6.7549E-05    0.0000E+00
     377.40001    7.0898E-07    0.0000E+00    6.7549E-05    0.0000E+00
     377.50001    6.9482E-07    0.0000E+00    6.7549E-05    0.0000E+00
     377.60001    6.8078E-07    0.0000E+00    6.7549E-05    0.0000E+00
     377.70001    6.6689E-07    0.0000E+00    6.7549E-05    0.0000E+00
     377.80001    6.5317E-07    0.0000E+00    6.7549E-05    0.0000E+00
     377.90001    6.3963E-07    0.0000E+00    6.7549E-05    0.0000E+00
     378.00001    6.2631E-07    0.0000E+00    6.7549E-05    0.0000E+00
     378.10001    6.1319E-07    0.0000E+00    6.7549E-05    0.0000E+00
     378.20001    6.0031E-07    0.0000E+00    6.7549E-05    0.0000E+00
     378.30001    5.8766E-07    0.0000E+00    6.7549E-05    0.0000E+00
     378.40001    5.7526E-07    0.0000E+00    6.7549E-05    0.0000E+00
     378.50001    5.6312E-07    0.0000E+00    6.7549E-05    0.0000E+00
     378.60001    5.5123E-07    0.0000E+00    6.7549E-05    0.0000E+00
     378.70001    5.3961E-07    0.0000E+00    6.7549E-05    0.0000E+00
     378.80001    5.2825E-07    0.0000E+00    6.7549E-05    0.0000E+00
     378.90001    5.1715E-07    0.0000E+00    6.7549E-05    0.0000E+00
     379.00001    5.0633E-07    0.0000E+00    6.7549E-05    0.0000E+00
     379.10001    4.9577E-07    0.0000E+00    6.7549E-05    0.0000E+00
     379.20001    4.8548E-07    0.0000E+00    6.7549E-05    0.0000E+00
     379.30001    4.7545E-07    0.0000E+00    6.7549E-05    0.0000E+00
     379.40001    4.6568E-07    0.0000E+00    6.7549E-05    0.0000E+00
     379.50001    4.5617E-07    0.0000E+00    6.7549E-05    0.0000E+00
     379.60001    4.4835E-07    0.0000E+00    6.7549E-05    0.0000E+00
     379.70001    4.4449E-07    0.0000E+00    6.7549E-05    0.0000E+00
     379.80001    4.4447E-07    0.0000E+00    6.7549E-05    0.0000E+00
     379.90001    4.4830E-07    0.0000E+00    6.7549E-05    0.0000E+00
     380.00001    4.5610E-07    0.0000E+00    6.7549E-05    0.0000E+00
     380.10001    4.6555E-07    0.0000E+00    6.7549E-05    0.0000E+00
     380.20001    4.7526E-07    0.0000E+00    6.7549E-05    0.0000E+00
     380.30001    4.8523E-07    0.0000E+00    6.7549E-05    0.0000E+00
     380.40001    4.9545E-07    0.0000E+00    6.7549E-05    0.0000E+00
     380.50001    5.0594E-07    0.0000E+00    6.7549E-05    0.0000E+00
     380.60001    5.1670E-07    0.0000E+00    6.7549E-05    0.0000E+00
     380.70001    5.2771E-07    0.0000E+00    6.7549E-05    0.0000E+00
     380.80001    5.3899E-07    0.0000E+00    6.7549E-05    0.0000E+00
     380.90001    5.5052E-07    0.0000E+00    6.7549E-05    0.0000E+00
     381.00001    5.6232E-07    0.0000E+00    6.7549E-05    0.0000E+00
     381.10001    5.7436E-07    0.0000E+00    6.7549E-05    0.0000E+00
     381.20001    5.8666E-07    0.0000E+00    6.7549E-05    0.0000E+00
     381.30001    5.9920E-07    0.0000E+00    6.7549E-05    0.0000E+00
     381.40001    6.1196E-07    0.0000E+00    6.7549E-05    0.0000E+00
     381.50001    6.2496E-07    0.0000E+00    6.7549E-05    0.0000E+00
     381.60001    6.3816E-07    0.0000E+00    6.7549E-05    0.0000E+00
     381.70001    6.5156E-07    0.0000E+00    6.7549E-05    0.0000E+00
     381.80001    6.6514E-07    0.0000E+00    6.7549E-05    0.0000E+00
     381.90001    6.7889E-07    0.0000E+00    6.7549E-05    0.0000E+00
     382.00001    6.9278E-07    0.0000E+00    6.7549E-05    0.0000E+00
     382.10001    7.0679E-07    0.0000E+00    6.7549E-05    0.0000E+00
     382.20001    7.2089E-07    0.0000E+00    6.7549E-05    0.0000E+00
     382.30001    7.3507E-07    0.0000E+00    6.7549E-05    0.0000E+00
     382.40001    7.4928E-07    0.0000E+00    6.7549E-05    0.0000E+00
     382.50001    7.6291E-07    0.0000E+00    6.7549E-05    0.0000E+00
     382.60001    7.7156E-07    0.0000E+00    6.7549E-05    0.0000E+00
     382.70001    7.7406E-07    0.0000E+00    6.7549E-05    0.0000E+00
     382.80001    7.7031E-07    0.0000E+00    6.7549E-05    0.0000E+00
     382.90001    7.6047E-07    0.0000E+00    6.7549E-05    0.0000E+00
     383.00001    7.4645E-07    0.0000E+00    6.7549E-05    0.0000E+00
     383.10001    7.3228E-07    0.0000E+00    6.7549E-05    0.0000E+00
     383.20001    7.1814E-07    0.0000E+00    6.7549E-05    0.0000E+00
     383.30001    7.0408E-07    0.0000E+00    6.7549E-05    0.0000E+00
     383.40001    6.9012E-07    0.0000E+00    6.7549E-05    0.0000E+00
     383.50001    6.7628E-07    0.0000E+00    6.7549E-05    0.0000E+00
     383.60001    6.6259E-07    0.0000E+00    6.7549E-05    0.0000E+00
     383.70001    6.4906E-07    0.0000E+00    6.7549E-05    0.0000E+00
     383.80001    6.3572E-07    0.0000E+00    6.7549E-05    0.0000E+00
     383.90001    6.2257E-07    0.0000E+00    6.7549E-05    0.0000E+00
     384.00001    6.0964E-07    0.0000E+00    6.7549E-05    0.0000E+00
     384.10001    5.9694E-07    0.0000E+00    6.7549E-05    0.0000E+00
     384.20001    5.8446E-07    0.0000E+00    6.7549E-05    0.0000E+00
     384.30001    5.7223E-07    0.0000E+00    6.7549E-05    0.0000E+00
     384.40001    5.6025E-07    0.0000E+00    6.7549E-05    0.0000E+00
     384.50001    5.4851E-07    0.0000E+00    6.7549E-05    0.0000E+00
     384.60001    5.3704E-07    0.0000E+00    6.7549E-05    0.0000E+00
     384.70001    5.2583E-07    0.0000E+00    6.7549E-05    0.0000E+00
     384.80001    5.1487E-07    0.0000E+00    6.7549E-05    0.0000E+00
     384.90001    5.0418E-07    0.0000E+00    6.7549E-05    0.0000E+00
     385.00001    4.9375E-07    0.0000E+00    6.7549E-05    0.0000E+00
     385.10001    4.8359E-07    0.0000E+00    6.7549E-05    0.0000E+00
     385.20001    4.7368E-07    0.0000E+00    6.7549E-05    0.0000E+00
     385.30001    4.6402E-07    0.0000E+00    6.7549E-05    0.0000E+00
     385.40001    4.5463E-07    0.0000E+00    6.7549E-05    0.0000E+00
     385.50001    4.4765E-07    0.0000E+00    6.7549E-05    0.0000E+00
     385.60001    4.4462E-07    0.0000E+00    6.7549E-05    0.0000E+00
     385.70001    4.4543E-07    0.0000E+00    6.7549E-05    0.0000E+00
     385.80001    4.5011E-07    0.0000E+00    6.7549E-05    0.0000E+00
     385.90001    4.5861E-07    0.0000E+00    6.7549E-05    0.0000E+00
     386.00001    4.6820E-07    0.0000E+00    6.7549E-05    0.0000E+00
     386.10001    4.7804E-07    0.0000E+00    6.7549E-05    0.0000E+00
     386.20001    4.8815E-07    0.0000E+00    6.7549E-05    0.0000E+00
     386.30001    4.9852E-07    0.0000E+00    6.7549E-05    0.0000E+00
     386.40001    5.0916E-07    0.0000E+00    6.7549E-05    0.0000E+00
     386.50001    5.2007E-07    0.0000E+00    6.7549E-05    0.0000E+00
     386.60001    5.3125E-07    0.0000E+00    6.7549E-05    0.0000E+00
     386.70001    5.4269E-07    0.0000E+00    6.7549E-05    0.0000E+00
     386.80001    5.5440E-07    0.0000E+00    6.7549E-05    0.0000E+00
     386.90001    5.6637E-07    0.0000E+00    6.7549E-05    0.0000E+00
     387.00001    5.7860E-07    0.0000E+00    6.7549E-05    0.0000E+00
     387.10001    5.9108E-07    0.0000E+00    6.7549E-05    0.0000E+00
     387.20001    6.0380E-07    0.0000E+00    6.7549E-05    0.0000E+00
     387.30001    6.1677E-07    0.0000E+00    6.7549E-05    0.0000E+00
     387.40001    6.2996E-07    0.0000E+00    6.7549E-05    0.0000E+00
     387.50001    6.4337E-07    0.0000E+00    6.7549E-05    0.0000E+00
     387.60001    6.5697E-07    0.0000E+00    6.7549E-05    0.0000E+00
     387.70001    6.7076E-07    0.0000E+00    6.7549E-05    0.0000E+00
     387.80001    6.8472E-07    0.0000E+00    6.7549E-05    0.0000E+00
     387.90001    6.9882E-07    0.0000E+00    6.7549E-05    0.0000E+00
     388.00001    7.1304E-07    0.0000E+00    6.7549E-05    0.0000E+00
     388.10001    7.2736E-07    0.0000E+00    6.7549E-05    0.0000E+00
     388.20001    7.4175E-07    0.0000E+00    6.7549E-05    0.0000E+00
     388.30001    7.5617E-07    0.0000E+00    6.7549E-05    0.0000E+00
     388.40001    7.6937E-07    0.0000E+00    6.7549E-05    0.0000E+00
     388.50001    7.7698E-07    0.0000E+00    6.7549E-05    0.0000E+00
     388.60001    7.7837E-07    0.0000E+00    6.7549E-05    0.0000E+00
     388.70001    7.7347E-07    0.0000E+00    6.7549E-05    0.0000E+00
     388.80001    7.6250E-07    0.0000E+00    6.7549E-05    0.0000E+00
     388.90001    7.4834E-07    0.0000E+00    6.7549E-05    0.0000E+00
     389.00001    7.3418E-07    0.0000E+00    6.7549E-05    0.0000E+00
     389.10001    7.2006E-07    0.0000E+00    6.7549E-05    0.0000E+00
     389.20001    7.0601E-07    0.0000E+00    6.7549E-05    0.0000E+00
     389.30001    6.9205E-07    0.0000E+00    6.7549E-05    0.0000E+00
     389.40001    6.7822E-07    0.0000E+00    6.7549E-05    0.0000E+00
     389.50001    6.6453E-07    0.0000E+00    6.7549E-05    0.0000E+00
     389.60001    6.5100E-07    0.0000E+00    6.7549E-05    0.0000E+00
     389.70001    6.3766E-07    0.0000E+00    6.7549E-05    0.0000E+00
     389.80001    6.2451E-07    0.0000E+00    6.7549E-05    0.0000E+00
     389.90001    6.1157E-07    0.0000E+00    6.7549E-05    0.0000E+00
     390.00001    5.9886E-07    0.0000E+00    6.7549E-05    0.0000E+00
     390.10001    5.8637E-07    0.0000E+00    6.7549E-05    0.0000E+00
     390.20001    5.7413E-07    0.0000E+00    6.7549E-05    0.0000E+00
     390.30001    5.6213E-07    0.0000E+00    6.7549E-05    0.0000E+00
     390.40001    5.5039E-07    0.0000E+00    6.7549E-05    0.0000E+00
     390.50001    5.3890E-07    0.0000E+00    6.7549E-05    0.0000E+00
     390.60001    5.2767E-07    0.0000E+00    6.7549E-05    0.0000E+00
     390.70001    5.1670E-07    0.0000E+00    6.7549E-05    0.0000E+00
     390.80001    5.0600E-07    0.0000E+00    6.7549E-05    0.0000E+00
     390.90001    4.9555E-07    0.0000E+00    6.7549E-05    0.0000E+00
     391.00001    4.8537E-07    0.0000E+00    6.7549E-05    0.0000E+00
     391.10001    4.7544E-07    0.0000E+00    6.7549E-05    0.0000E+00
     391.20001    4.6577E-07    0.0000E+00    6.7549E-05    0.0000E+00
     391.30001    4.5648E-07    0.0000E+00    6.7549E-05    0.0000E+00
     391.40001    4.5026E-07    0.0000E+00    6.7549E-05    0.0000E+00
     391.50001    4.4800E-07    0.0000E+00    6.7549E-05    0.0000E+00
     391.60001    4.4959E-07    0.0000E+00    6.7549E-05    0.0000E+00
     391.70001    4.5510E-07    0.0000E+00    6.7549E-05    0.0000E+00
     391.80001    4.6415E-07    0.0000E+00    6.7549E-05    0.0000E+00
     391.90001    4.7386E-07    0.0000E+00    6.7549E-05    0.0000E+00
     392.00001    4.8383E-07    0.0000E+00    6.7549E-05    0.0000E+00
     392.10001    4.9407E-07    0.0000E+00    6.7549E-05    0.0000E+00
     392.20001    5.0457E-07    0.0000E+00    6.7549E-05    0.0000E+00
     392.30001    5.1534E-07    0.0000E+00    6.7549E-05    0.0000E+00
     392.40001    5.2637E-07    0.0000E+00    6.7549E-05    0.0000E+00
     392.50001    2.8803E-06    0.0000E+00    3.6185E-04    0.0000E+00
     392.60001    1.0742E-05    0.0000E+00    1.3211E-03    0.0000E+00
     392.70001    2.4628E-05    0.0000E+00    2.9648E-03    0.0000E+00
     392.80001    4.5084E-05    0.0000E+00    5.3125E-03    0.0000E+00
     392.90001    7.2690E-05    0.0000E+00    8.3843E-03    0.0000E+00
     393.00001    1.0806E-04    0.0000E+00    1.2200E-02    0.0000E+00
     393.10001    1.5183E-04    0.0000E+00    1.6780E-02    0.0000E+00
     393.20001    2.0468E-04    0.0000E+00    2.2145E-02    0.0000E+00
     393.30001    2.6732E-04    0.0000E+00    2.8315E-02    0.0000E+00
     393.40001    3.4048E-04    0.0000E+00    3.5312E-02    0.0000E+00
     393.50001    4.2493E-04    0.0000E+00    4.3155E-02    0.0000E+00
     393.60001    5.2146E-04    0.0000E+00    5.1867E-02    0.0000E+00
     393.70001    6.3088E-04    0.0000E+00    6.1468E-02    0.0000E+00
     393.80001    7.5403E-04    0.0000E+00    7.1981E-02    0.0000E+00
     393.90001    8.9176E-04    0.0000E+00    8.3427E-02    0.0000E+00
     394.00001    1.0449E-03    0.0000E+00    9.5827E-02    0.0000E+00
     394.10001    1.2144E-03    0.0000E+00    1.0920E-01    0.0000E+00
     394.20001    1.4011E-03    0.0000E+00    1.2358E-01    0.0000E+00
     394.30001    1.6057E-03    0.0000E+00    1.3898E-01    0.0000E+00
     394.40001    1.8293E-03    0.0000E+00    1.5542E-01    0.0000E+00
     394.50001    2.0725E-03    0.0000E+00    1.7293E-01    0.0000E+00
     394.60001    2.3362E-03    0.0000E+00    1.9153E-01    0.0000E+00
     394.70001    2.6211E-03    0.0000E+00    2.1124E-01    0.0000E+00
     394.80001    2.9278E-03    0.0000E+00    2.3208E-01    0.0000E+00
     394.90001    3.0785E-03    0.0000E+00    2.4017E-01    0.0000E+00
     395.00001    3.1261E-03    0.0000E+00    2.4017E-01    0.0000E+00
     395.10001    3.1721E-03    0.0000E+00    2.4017E-01    0.0000E+00
     395.20001    3.4075E-03    0.0000E+00    2.5442E-01    0.0000E+00
     395.30001    3.7752E-03    0.0000E+00    2.7819E-01    0.0000E+00
     395.40001    4.1659E-03    0.0000E+00    3.0320E-01    0.0000E+00
     395.50001    4.5799E-03    0.0000E+00    3.2950E-01    0.0000E+00
     395.60001    5.0169E-03    0.0000E+00    3.5711E-01    0.0000E+00
     395.70001    5.4767E-03    0.0000E+00    3.8604E-01    0.0000E+00
     395.80001    5.9589E-03    0.0000E+00    4.1633E-01    0.0000E+00
     395.90001    6.4628E-03    0.0000E+00    4.4799E-01    0.0000E+00
     396.00001    6.9877E-03    0.0000E+00    4.8107E-01    0.0000E+00
     396.10001    7.5325E-03    0.0000E+00    5.1557E-01    0.0000E+00
     396.20001    8.0962E-03    0.0000E+00    5.5153E-01    0.0000E+00
     396.30001    8.6773E-03    0.0000E+00    5.8897E-01    0.0000E+00
     396.40001    9.2744E-03    0.0000E+00    6.2791E-01    0.0000E+00
     396.50001    9.8857E-03    0.0000E+00    6.6839E-01    0.0000E+00
     396.60001    1.0509E-02    0.0000E+00    7.1043E-01    0.0000E+00
     396.70001    1.1143E-02    0.0000E+00    7.5406E-01    0.0000E+00
     396.80001    1.1786E-02    0.0000E+00    7.9929E-01    0.0000E+00
     396.90001    1.2434E-02    0.0000E+00    8.4616E-01    0.0000E+00
     397.00001    1.3086E-02    0.0000E+00    8.9470E-01    0.0000E+00
     397.10001    1.3739E-02    0.0000E+00    9.4493E-01    0.0000E+00
     397.20001    1.4391E-02    0.0000E+00    9.9687E-01    0.0000E+00
     397.30001    1.5040E-02    0.0000E+00    1.0506E+00    0.0000E+00
     397.40001    1.5682E-02    0.0000E+00    1.1060E+00    0.0000E+00
     397.50001    1.6316E-02    0.0000E+00    1.1633E+00    0.0000E+00
     397.60001    1.6650E-02    0.0000E+00    1.2015E+00    0.0000E+00
     397.70001    1.6430E-02    0.0000E+00    1.2015E+00    0.0000E+00
     397.80001    1.6194E-02    0.0000E+00    1.2015E+00    0.0000E+00
     397.90001    1.5943E-02    0.0000E+00    1.2015E+00    0.0000E+00
     398.00001    1.5677E-02    0.0000E+00    1.2015E+00    0.0000E+00
     398.10001    1.5398E-02    0.0000E+00    1.2015E+00    0.0000E+00
     398.20001    1.5108E-02    0.0000E+00    1.2015E+00    0.0000E+00
     398.30001    1.4780E-02    0.0000E+00    1.2015E+00    0.0000E+00
     398.40001    1.4342E-02    0.0000E+00    1.2015E+00    0.0000E+00
     398.50001    1.3804E-02    0.0000E+00    1.2015E+00    0.0000E+00
     398.60001    1.3184E-02    0.0000E+00    1.2015E+00    0.0000E+00
     398.70001    1.2500E-02    0.0000E+00    1.2015E+00    0.0000E+00
     398.80001    1.1815E-02    0.0000E+00    1.2015E+00    0.0000E+00
     398.90001    1.1177E-02    0.0000E+00    1.2015E+00    0.0000E+00
     399.00001    1.0583E-02    0.0000E+00    1.2015E+00    0.0000E+00
     399.10001    1.0030E-02    0.0000E+00    1.2015E+00    0.0000E+00
     399.20001    9.5141E-03    0.0000E+00    1.2015E+00    0.0000E+00
     399.30001    9.0337E-03    0.0000E+00    1.2015E+00    0.0000E+00
     399.40001    8.7269E-03    0.0000E+00    1.2212E+00    0.0000E+00
     399.50001    8.6884E-03    0.0000E+00    1.2780E+00    0.0000E+00
     399.60001    8.6452E-03    0.0000E+00    1.3353E+00    0.0000E+00
     399.70001    8.5982E-03    0.0000E+00    1.3931E+00    0.0000E+00
     399.80001    8.5481E-03    0.0000E+00    1.4513E+00    0.0000E+00
     399.90001    8.4953E-03    0.0000E+00    1.5100E+00    0.0000E+00
     400.00001    8.4407E-03    0.0000E+00    1.5690E+00    0.0000E+00
     400.10001    8.3845E-03    0.0000E+00    1.6283E+00    0.0000E+00
     400.20001    8.3273E-03    0.0000E+00    1.6879E+00    0.0000E+00
     400.30001    8.2695E-03    0.0000E+00    1.7477E+00    0.0000E+00
     400.40001    8.2114E-03    0.0000E+00    1.8077E+00    0.0000E+00
     400.50001    8.1533E-03    0.0000E+00    1.8677E+00    0.0000E+00
     400.60001    8.0955E-03    0.0000E+00    1.9279E+00    0.0000E+00
     400.70001    8.0383E-03    0.0000E+00    1.9881E+00    0.0000E+00
     400.80001    7.9818E-03    0.0000E+00    2.0483E+00    0.0000E+00
     400.90001    7.9263E-03    0.0000E+00    2.1084E+00    0.0000E+00
     401.00001    7.8720E-03    0.0000E+00    2.1685E+00    0.0000E+00
     401.10001    7.8190E-03    0.0000E+00    2.2284E+00    0.0000E+00
     401.20001    7.7674E-03    0.0000E+00    2.2881E+00    0.0000E+00
     401.30001    7.7175E-03    0.0000E+00    2.3476E+00    0.0000E+00
     401.40001    7.6692E-03    0.0000E+00    2.4069E+00    0.0000E+00
     401.50001    7.6228E-03    0.0000E+00    2.4659E+00    0.0000E+00
     401.60001    7.5782E-03    0.0000E+00    2.5245E+00    0.0000E+00
     401.70001    7.5357E-03    0.0000E+00    2.5828E+00    0.0000E+00
     401.80001    7.4832E-03    0.0000E+00    2.6364E+00    0.0000E+00
     401.90001    7.2864E-03    0.0000E+00    2.6364E+00    0.0000E+00
     402.00001    7.1011E-03    0.0000E+00    2.6364E+00    0.0000E+00
     402.10001    6.9373E-03    0.0000E+00    2.6404E+00    0.0000E+00
     402.20001    6.9118E-03    0.0000E+00    2.6946E+00    0.0000E+00
     402.30001    6.8885E-03    0.0000E+00    2.7482E+00    0.0000E+00
     402.40001    6.8674E-03    0.0000E+00    2.8013E+00    0.0000E+00
     402.50001    6.8486E-03    0.0000E+00    2.8537E+00    0.0000E+00
     402.60001    6.8322E-03    0.0000E+00    2.9055E+00    0.0000E+00
     402.70001    6.8183E-03    0.0000E+00    2.9566E+00    0.0000E+00
     402.80001    6.8069E-03    0.0000E+00    3.0071E+00    0.0000E+00
     402.90001    6.7982E-03    0.0000E+00    3.0568E+00    0.0000E+00
     403.00001    6.7923E-03    0.0000E+00    3.1057E+00    0.0000E+00
     403.10001    6.7892E-03    0.0000E+00    3.1539E+00    0.0000E+00
     403.20001    6.7891E-03    0.0000E+00    3.2013E+00    0.0000E+00
     403.30001    6.7920E-03    0.0000E+00    3.2478E+00    0.0000E+00
     403.40001    6.7981E-03    0.0000E+00    3.2935E+00    0.0000E+00
     403.50001    6.8074E-03    0.0000E+00    3.3382E+00    0.0000E+00
     403.60001    6.8202E-03    0.0000E+00    3.3821E+00    0.0000E+00
     403.70001    6.8365E-03    0.0000E+00    3.4250E+00    0.0000E+00
     403.80001    6.8565E-03    0.0000E+00    3.4670E+00    0.0000E+00
     403.90001    6.8803E-03    0.0000E+00    3.5080E+00    0.0000E+00
     404.00001    6.9079E-03    0.0000E+00    3.5480E+00    0.0000E+00
     404.10001    6.9397E-03    0.0000E+00    3.5869E+00    0.0000E+00
     404.20001    6.9756E-03    0.0000E+00    3.6248E+00    0.0000E+00
     404.30001    7.0159E-03    0.0000E+00    3.6617E+00    0.0000E+00
     404.40001    7.0607E-03    0.0000E+00    3.6975E+00    0.0000E+00
     404.50001    7.1100E-03    0.0000E+00    3.7321E+00    0.0000E+00
     404.60001    7.1132E-03    0.0000E+00    3.7390E+00    0.0000E+00
     404.70001    7.1101E-03    0.0000E+00    3.7390E+00    0.0000E+00
     404.80001    7.1136E-03    0.0000E+00    3.7390E+00    0.0000E+00
     404.90001    7.1237E-03    0.0000E+00    3.7390E+00    0.0000E+00
     405.00001    7.1400E-03    0.0000E+00    3.7390E+00    0.0000E+00
     405.10001    7.1622E-03    0.0000E+00    3.7390E+00    0.0000E+00
     405.20001    7.1906E-03    0.0000E+00    3.7390E+00    0.0000E+00
     405.30001    7.2639E-03    0.0000E+00    3.7390E+00    0.0000E+00
     405.40001    7.4032E-03    0.0000E+00    3.7390E+00    0.0000E+00
     405.50001    7.6089E-03    0.0000E+00    3.7390E+00    0.0000E+00
     405.60001    7.8842E-03    0.0000E+00    3.7390E+00    0.0000E+00
     405.70001    8.2279E-03    0.0000E+00    3.7390E+00    0.0000E+00
     405.80001    8.5907E-03    0.0000E+00    3.7390E+00    0.0000E+00
     405.90001    8.9610E-03    0.0000E+00    3.7390E+00    0.0000E+00
     406.00001    9.3376E-03    0.0000E+00    3.7390E+00    0.0000E+00
     406.10001    9.7196E-03    0.0000E+00    3.7390E+00    0.0000E+00
     406.20001    1.0106E-02    0.0000E+00    3.7390E+00    0.0000E+00
     406.30001    1.0495E-02    0.0000E+00    3.7390E+00    0.0000E+00
     406.40001    1.0919E-02    0.0000E+00    3.7505E+00    0.0000E+00
     406.50001    1.1354E-02    0.0000E+00    3.7643E+00    0.0000E+00
     406.60001    1.1790E-02    0.0000E+00    3.7774E+00    0.0000E+00
     406.70001    1.2225E-02    0.0000E+00    3.7897E+00    0.0000E+00
     406.80001    1.2660E-02    0.0000E+00    3.8012E+00    0.0000E+00
     406.90001    1.3092E-02    0.0000E+00    3.8120E+00    0.0000E+00
     407.00001    1.3523E-02    0.0000E+00    3.8220E+00    0.0000E+00
     407.10001    1.3952E-02    0.0000E+00    3.8314E+00    0.0000E+00
     407.20001    1.4379E-02    0.0000E+00    3.8399E+00    0.0000E+00
     407.30001    1.4805E-02    0.0000E+00    3.8477E+00    0.0000E+00
     407.40001    1.5229E-02    0.0000E+00    3.8548E+00    0.0000E+00
     407.50001    1.5653E-02    0.0000E+00    3.8612E+00    0.0000E+00
     407.60001    1.6079E-02    0.0000E+00    3.8668E+00    0.0000E+00
     407.70001    1.6506E-02    0.0000E+00    3.8717E+00    0.0000E+00
     407.80001    1.6937E-02    0.0000E+00    3.8759E+00    0.0000E+00
     407.90001    1.7372E-02    0.0000E+00    3.8794E+00    0.0000E+00
     408.00001    1.7814E-02    0.0000E+00    3.8821E+00    0.0000E+00
     408.10001    1.8263E-02    0.0000E+00    3.8842E+00    0.0000E+00
     408.20001    1.8723E-02    0.0000E+00    3.8855E+00    0.0000E+00
     408.30001    1.9194E-02    0.0000E+00    3.8862E+00    0.0000E+00
     408.40001    1.9678E-02    0.0000E+00    3.8861E+00    0.0000E+00
     408.50001    2.0178E-02    0.0000E+00    3.8854E+00    0.0000E+00
     408.60001    2.0695E-02    0.0000E+00    3.8840E+00    0.0000E+00
     408.70001    2.1232E-02    0.0000E+00    3.8820E+00    0.0000E+00
     408.80001    2.1798E-02    0.0000E+00    3.8808E+00    0.0000E+00
     408.90001    2.2400E-02    0.0000E+00    3.8808E+00    0.0000E+00
     409.00001    2.3032E-02    0.0000E+00    3.8808E+00    0.0000E+00
     409.10001    2.3681E-02    0.0000E+00    3.8780E+00    0.0000E+00
     409.20001    2.4348E-02    0.0000E+00    3.8723E+00    0.0000E+00
     409.30001    2.5049E-02    0.0000E+00    3.8660E+00    0.0000E+00
     409.40001    2.5786E-02    0.0000E+00    3.8590E+00    0.0000E+00
     409.50001    2.6564E-02    0.0000E+00    3.8515E+00    0.0000E+00
     409.60001    2.7385E-02    0.0000E+00    3.8434E+00    0.0000E+00
     409.70001    2.8252E-02    0.0000E+00    3.8347E+00    0.0000E+00
     409.80001    2.9171E-02    0.0000E+00    3.8254E+00    0.0000E+00
     409.90001    3.0144E-02    0.0000E+00    3.8156E+00    0.0000E+00
     410.00001    3.1176E-02    0.0000E+00    3.8053E+00    0.0000E+00
     410.10001    3.2271E-02    0.0000E+00    3.7945E+00    0.0000E+00
     410.20001    3.3435E-02    0.0000E+00    3.7831E+00    0.0000E+00
     410.30001    3.4674E-02    0.0000E+00    3.7713E+00    0.0000E+00
     410.40001    3.5992E-02    0.0000E+00    3.7590E+00    0.0000E+00
     410.50001    3.7397E-02    0.0000E+00    3.7462E+00    0.0000E+00
     410.60001    3.8896E-02    0.0000E+00    3.7330E+00    0.0000E+00
     410.70001    4.0495E-02    0.0000E+00    3.7193E+00    0.0000E+00
     410.80001    4.2204E-02    0.0000E+00    3.7052E+00    0.0000E+00
     410.90001    4.4031E-02    0.0000E+00    3.6908E+00    0.0000E+00
     411.00001    4.5985E-02    0.0000E+00    3.6759E+00    0.0000E+00
     411.10001    4.8078E-02    0.0000E+00    3.6607E+00    0.0000E+00
     411.20001    5.0319E-02    0.0000E+00    3.6452E+00    0.0000E+00
     411.30001    5.2722E-02    0.0000E+00    3.6293E+00    0.0000E+00
     411.40001    5.5300E-02    0.0000E+00    3.6131E+00    0.0000E+00
     411.50001    5.8131E-02    0.0000E+00    3.6007E+00    0.0000E+00
     411.60001    6.1388E-02    0.0000E+00    3.6007E+00    0.0000E+00
     411.70001    6.4900E-02    0.0000E+00    3.6007E+00    0.0000E+00
     411.80001    6.8687E-02    0.0000E+00    3.6007E+00    0.0000E+00
     411.90001    7.2773E-02    0.0000E+00    3.6007E+00    0.0000E+00
     412.00001    7.7179E-02    0.0000E+00    3.6007E+00    0.0000E+00
     412.10001    8.1928E-02    0.0000E+00    3.6007E+00    0.0000E+00
     412.20001    8.6863E-02    0.0000E+00    3.6007E+00    0.0000E+00
     412.30001    9.1134E-02    0.0000E+00    3.6007E+00    0.0000E+00
     412.40001    9.4447E-02    0.0000E+00    3.6007E+00    0.0000E+00
     412.50001    9.6631E-02    0.0000E+00    3.6007E+00    0.0000E+00
     412.60001    9.7580E-02    0.0000E+00    3.6007E+00    0.0000E+00
     412.70001    9.7718E-02    0.0000E+00    3.6007E+00    0.0000E+00
     412.80001    9.7722E-02    0.0000E+00    3.6007E+00    0.0000E+00
     412.90001    9.7604E-02    0.0000E+00    3.6007E+00    0.0000E+00
     413.00001    9.7367E-02    0.0000E+00    3.6007E+00    0.0000E+00
     413.10001    9.7017E-02    0.0000E+00    3.6007E+00    0.0000E+00
     413.20001    9.6558E-02    0.0000E+00    3.6007E+00    0.0000E+00
     413.30001    9.5847E-02    0.0000E+00    3.5950E+00    0.0000E+00
     413.40001    9.4584E-02    0.0000E+00    3.5720E+00    0.0000E+00
     413.50001    9.3253E-02    0.0000E+00    3.5492E+00    0.0000E+00
     413.60001    9.1861E-02    0.0000E+00    3.5268E+00    0.0000E+00
     413.70001    9.0417E-02    0.0000E+00    3.5047E+00    0.0000E+00
     413.80001    8.8926E-02    0.0000E+00    3.4829E+00    0.0000E+00
     413.90001    8.7398E-02    0.0000E+00    3.4613E+00    0.0000E+00
     414.00001    8.5838E-02    0.0000E+00    3.4400E+00    0.0000E+00
     414.10001    8.4253E-02    0.0000E+00    3.4189E+00    0.0000E+00
     414.20001    8.2650E-02    0.0000E+00    3.3980E+00    0.0000E+00
     414.30001    8.1034E-02    0.0000E+00    3.3773E+00    0.0000E+00
     414.40001    7.9411E-02    0.0000E+00    3.3568E+00    0.0000E+00
     414.50001    7.7786E-02    0.0000E+00    3.3365E+00    0.0000E+00
     414.60001    7.6163E-02    0.0000E+00    3.3163E+00    0.0000E+00
     414.70001    7.4545E-02    0.0000E+00    3.2963E+00    0.0000E+00
     414.80001    7.2938E-02    0.0000E+00    3.2765E+00    0.0000E+00
     414.90001    7.1343E-02    0.0000E+00    3.2567E+00    0.0000E+00
     415.00001    6.9764E-02    0.0000E+00    3.2371E+00    0.0000E+00
     415.10001    6.8203E-02    0.0000E+00    3.2175E+00    0.0000E+00
     415.20001    6.6663E-02    0.0000E+00    3.1981E+00    0.0000E+00
     415.30001    6.5143E-02    0.0000E+00    3.1787E+00    0.0000E+00
     415.40001    6.3647E-02    0.0000E+00    3.1594E+00    0.0000E+00
     415.50001    6.2175E-02    0.0000E+00    3.1402E+00    0.0000E+00
     415.60001    6.0727E-02    0.0000E+00    3.1210E+00    0.0000E+00
     415.70001    5.9305E-02    0.0000E+00    3.1018E+00    0.0000E+00
     415.80001    5.8256E-02    0.0000E+00    3.1012E+00    0.0000E+00
     415.90001    5.7229E-02    0.0000E+00    3.1012E+00    0.0000E+00
     416.00001    5.6214E-02    0.0000E+00    3.1012E+00    0.0000E+00
     416.10001    5.4872E-02    0.0000E+00    3.0821E+00    0.0000E+00
     416.20001    5.3543E-02    0.0000E+00    3.0625E+00    0.0000E+00
     416.30001    5.2238E-02    0.0000E+00    3.0428E+00    0.0000E+00
     416.40001    5.0956E-02    0.0000E+00    3.0231E+00    0.0000E+00
     416.50001    4.9697E-02    0.0000E+00    3.0034E+00    0.0000E+00
     416.60001    4.8458E-02    0.0000E+00    2.9837E+00    0.0000E+00
     416.70001    4.7238E-02    0.0000E+00    2.9639E+00    0.0000E+00
     416.80001    4.6037E-02    0.0000E+00    2.9441E+00    0.0000E+00
     416.90001    4.4854E-02    0.0000E+00    2.9242E+00    0.0000E+00
     417.00001    4.3686E-02    0.0000E+00    2.9043E+00    0.0000E+00
     417.10001    4.2532E-02    0.0000E+00    2.8843E+00    0.0000E+00
     417.20001    4.1392E-02    0.0000E+00    2.8643E+00    0.0000E+00
     417.30001    4.0264E-02    0.0000E+00    2.8442E+00    0.0000E+00
     417.40001    3.9148E-02    0.0000E+00    2.8240E+00    0.0000E+00
     417.50001    3.8041E-02    0.0000E+00    2.8037E+00    0.0000E+00
     417.60001    3.6943E-02    0.0000E+00    2.7834E+00    0.0000E+00
     417.70001    3.5853E-02    0.0000E+00    2.7629E+00    0.0000E+00
     417.80001    3.4772E-02    0.0000E+00    2.7424E+00    0.0000E+00
     417.90001    3.3697E-02    0.0000E+00    2.7218E+00    0.0000E+00
     418.00001    3.2630E-02    0.0000E+00    2.7011E+00    0.0000E+00
     418.10001    3.1571E-02    0.0000E+00    2.6802E+00    0.0000E+00
     418.20001    3.0519E-02    0.0000E+00    2.6593E+00    0.0000E+00
     418.30001    2.9475E-02    0.0000E+00    2.6383E+00    0.0000E+00
     418.40001    2.8440E-02    0.0000E+00    2.6172E+00    0.0000E+00
     418.50001    2.7569E-02    0.0000E+00    2.6107E+00    0.0000E+00
     418.60001    2.6768E-02    0.0000E+00    2.6107E+00    0.0000E+00
     418.70001    2.5966E-02    0.0000E+00    2.6107E+00    0.0000E+00
     418.80001    2.5165E-02    0.0000E+00    2.6107E+00    0.0000E+00
     418.90001    2.4367E-02    0.0000E+00    2.6107E+00    0.0000E+00
     419.00001    2.3572E-02    0.0000E+00    2.6107E+00    0.0000E+00
     419.10001    2.2783E-02    0.0000E+00    2.6107E+00    0.0000E+00
     419.20001    2.2107E-02    0.0000E+00    2.6107E+00    0.0000E+00
     419.30001    2.1620E-02    0.0000E+00    2.6107E+00    0.0000E+00
     419.40001    2.1314E-02    0.0000E+00    2.6107E+00    0.0000E+00
     419.50001    2.1187E-02    0.0000E+00    2.6107E+00    0.0000E+00
     419.60001    2.1234E-02    0.0000E+00    2.6107E+00    0.0000E+00
     419.70001    2.1326E-02    0.0000E+00    2.6107E+00    0.0000E+00
     419.80001    2.1425E-02    0.0000E+00    2.6107E+00    0.0000E+00
     419.90001    2.1532E-02    0.0000E+00    2.6107E+00    0.0000E+00
     420.00001    2.1650E-02    0.0000E+00    2.6107E+00    0.0000E+00
     420.10001    2.1778E-02    0.0000E+00    2.6107E+00    0.0000E+00
     420.20001    2.1919E-02    0.0000E+00    2.6107E+00    0.0000E+00
     420.30001    2.1900E-02    0.0000E+00    2.5904E+00    0.0000E+00
     420.40001    2.1812E-02    0.0000E+00    2.5605E+00    0.0000E+00
     420.50001    2.1730E-02    0.0000E+00    2.5302E+00    0.0000E+00
     420.60001    2.1654E-02    0.0000E+00    2.4995E+00    0.0000E+00
     420.70001    2.1584E-02    0.0000E+00    2.4682E+00    0.0000E+00
     420.80001    2.1519E-02    0.0000E+00    2.4365E+00    0.0000E+00
     420.90001    2.1460E-02    0.0000E+00    2.4044E+00    0.0000E+00
     421.00001    2.1407E-02    0.0000E+00    2.3718E+00    0.0000E+00
     421.10001    2.1358E-02    0.0000E+00    2.3389E+00    0.0000E+00
     421.20001    2.1315E-02    0.0000E+00    2.3055E+00    0.0000E+00
     421.30001    2.1275E-02    0.0000E+00    2.2718E+00    0.0000E+00
     421.40001    2.1240E-02    0.0000E+00    2.2378E+00    0.0000E+00
     421.50001    2.1209E-02    0.0000E+00    2.2034E+00    0.0000E+00
     421.60001    2.1180E-02    0.0000E+00    2.1688E+00    0.0000E+00
     421.70001    2.1155E-02    0.0000E+00    2.1338E+00    0.0000E+00
     421.80001    2.1131E-02    0.0000E+00    2.0986E+00    0.0000E+00
     421.90001    2.1110E-02    0.0000E+00    2.0632E+00    0.0000E+00
     422.00001    2.1089E-02    0.0000E+00    2.0275E+00    0.0000E+00
     422.10001    2.1069E-02    0.0000E+00    1.9917E+00    0.0000E+00
     422.20001    2.1050E-02    0.0000E+00    1.9556E+00    0.0000E+00
     422.30001    2.1029E-02    0.0000E+00    1.9195E+00    0.0000E+00
     422.40001    2.1008E-02    0.0000E+00    1.8832E+00    0.0000E+00
     422.50001    2.0984E-02    0.0000E+00    1.8468E+00    0.0000E+00
     422.60001    2.0959E-02    0.0000E+00    1.8104E+00    0.0000E+00
     422.70001    2.1109E-02    0.0000E+00    1.7890E+00    0.0000E+00
     422.80001    2.1518E-02    0.0000E+00    1.7890E+00    0.0000E+00
     422.90001    2.1940E-02    0.0000E+00    1.7890E+00    0.0000E+00
     423.00001    2.2176E-02    0.0000E+00    1.7732E+00    0.0000E+00
     423.10001    2.2133E-02    0.0000E+00    1.7352E+00    0.0000E+00
     423.20001    2.2083E-02    0.0000E+00    1.6973E+00    0.0000E+00
     423.30001    2.2024E-02    0.0000E+00    1.6594E+00    0.0000E+00
     423.40001    2.1956E-02    0.0000E+00    1.6217E+00    0.0000E+00
     423.50001    2.1878E-02    0.0000E+00    1.5841E+00    0.0000E+00
     423.60001    2.1790E-02    0.0000E+00    1.5467E+00    0.0000E+00
     423.70001    2.1689E-02    0.0000E+00    1.5096E+00    0.0000E+00
     423.80001    2.1576E-02    0.0000E+00    1.4727E+00    0.0000E+00
     423.90001    2.1450E-02    0.0000E+00    1.4360E+00    0.0000E+00
     424.00001    2.1309E-02    0.0000E+00    1.3997E+00    0.0000E+00
     424.10001    2.1154E-02    0.0000E+00    1.3637E+00    0.0000E+00
     424.20001    2.0983E-02    0.0000E+00    1.3281E+00    0.0000E+00
     424.30001    2.0795E-02    0.0000E+00    1.2929E+00    0.0000E+00
     424.40001    2.0591E-02    0.0000E+00    1.2582E+00    0.0000E+00
     424.50001    2.0369E-02    0.0000E+00    1.2240E+00    0.0000E+00
     424.60001    2.0130E-02    0.0000E+00    1.1902E+00    0.0000E+00
     424.70001    1.9873E-02    0.0000E+00    1.1571E+00    0.0000E+00
     424.80001    1.9599E-02    0.0000E+00    1.1245E+00    0.0000E+00
     424.90001    1.9306E-02    0.0000E+00    1.0925E+00    0.0000E+00
     425.00001    1.8997E-02    0.0000E+00    1.0612E+00    0.0000E+00
     425.10001    1.8670E-02    0.0000E+00    1.0307E+00    0.0000E+00
     425.20001    1.8328E-02    0.0000E+00    1.0008E+00    0.0000E+00
     425.30001    1.7970E-02    0.0000E+00    9.7176E-01    0.0000E+00
     425.40001    1.7670E-02    0.0000E+00    9.4741E-01    0.0000E+00
     425.50001    1.7799E-02    0.0000E+00    9.4741E-01    0.0000E+00
     425.60001    1.7905E-02    0.0000E+00    9.4741E-01    0.0000E+00
     425.70001    1.7988E-02    0.0000E+00    9.4741E-01    0.0000E+00
     425.80001    1.8044E-02    0.0000E+00    9.4741E-01    0.0000E+00
     425.90001    1.8074E-02    0.0000E+00    9.4741E-01    0.0000E+00
     426.00001    1.8076E-02    0.0000E+00    9.4741E-01    0.0000E+00
     426.10001    1.8034E-02    0.0000E+00    9.4741E-01    0.0000E+00
     426.20001    1.7845E-02    0.0000E+00    9.4741E-01    0.0000E+00
     426.30001    1.7498E-02    0.0000E+00    9.4741E-01    0.0000E+00
     426.40001    1.7003E-02    0.0000E+00    9.4741E-01    0.0000E+00
     426.50001    1.6380E-02    0.0000E+00    9.4741E-01    0.0000E+00
     426.60001    1.5685E-02    0.0000E+00    9.4741E-01    0.0000E+00
     426.70001    1.5009E-02    0.0000E+00    9.4741E-01    0.0000E+00
     426.80001    1.4355E-02    0.0000E+00    9.4741E-01    0.0000E+00
     426.90001    1.3724E-02    0.0000E+00    9.4741E-01    0.0000E+00
     427.00001    1.3118E-02    0.0000E+00    9.4741E-01    0.0000E+00
     427.10001    1.2537E-02    0.0000E+00    9.4741E-01    0.0000E+00
     427.20001    1.1931E-02    0.0000E+00    9.4361E-01    0.0000E+00
     427.30001    1.1082E-02    0.0000E+00    9.1715E-01    0.0000E+00
     427.40001    1.0301E-02    0.0000E+00    8.9214E-01    0.0000E+00
     427.50001    9.5847E-03    0.0000E+00    8.6856E-01    0.0000E+00
     427.60001    8.9280E-03    0.0000E+00    8.4639E-01    0.0000E+00
     427.70001    8.3263E-03    0.0000E+00    8.2559E-01    0.0000E+00
     427.80001    7.7754E-03    0.0000E+00    8.0615E-01    0.0000E+00
     427.90001    7.2713E-03    0.0000E+00    7.8804E-01    0.0000E+00
     428.00001    6.8101E-03    0.0000E+00    7.7125E-01    0.0000E+00
     428.10001    6.3883E-03    0.0000E+00    7.5574E-01    0.0000E+00
     428.20001    6.0028E-03    0.0000E+00    7.4150E-01    0.0000E+00
     428.30001    5.6505E-03    0.0000E+00    7.2851E-01    0.0000E+00
     428.40001    5.3285E-03    0.0000E+00    7.1674E-01    0.0000E+00
     428.50001    5.0344E-03    0.0000E+00    7.0617E-01    0.0000E+00
     428.60001    4.7657E-03    0.0000E+00    6.9678E-01    0.0000E+00
     428.70001    4.5203E-03    0.0000E+00    6.8854E-01    0.0000E+00
     428.80001    4.2961E-03    0.0000E+00    6.8144E-01    0.0000E+00
     428.90001    4.0914E-03    0.0000E+00    6.7546E-01    0.0000E+00
     429.00001    3.9045E-03    0.0000E+00    6.7057E-01    0.0000E+00
     429.10001    3.7339E-03    0.0000E+00    6.6675E-01    0.0000E+00
     429.20001    3.5780E-03    0.0000E+00    6.6398E-01    0.0000E+00
     429.30001    3.4358E-03    0.0000E+00    6.6224E-01    0.0000E+00
     429.40001    3.3059E-03    0.0000E+00    6.6150E-01    0.0000E+00
     429.50001    3.1873E-03    0.0000E+00    6.6176E-01    0.0000E+00
     429.60001    3.0791E-03    0.0000E+00    6.6298E-01    0.0000E+00
     429.70001    2.9716E-03    0.0000E+00    6.6322E-01    0.0000E+00
     429.80001    2.8683E-03    0.0000E+00    6.6322E-01    0.0000E+00
     429.90001    2.7700E-03    0.0000E+00    6.6322E-01    0.0000E+00
     430.00001    2.6854E-03    0.0000E+00    6.6544E-01    0.0000E+00
     430.10001    2.6092E-03    0.0000E+00    6.6883E-01    0.0000E+00
     430.20001    2.5396E-03    0.0000E+00    6.7309E-01    0.0000E+00
     430.30001    2.4762E-03    0.0000E+00    6.7820E-01    0.0000E+00
     430.40001    2.4184E-03    0.0000E+00    6.8413E-01    0.0000E+00
     430.50001    2.3656E-03    0.0000E+00    6.9088E-01    0.0000E+00
     430.60001    2.3176E-03    0.0000E+00    6.9842E-01    0.0000E+00
     430.70001    2.2739E-03    0.0000E+00    7.0674E-01    0.0000E+00
     430.80001    2.2341E-03    0.0000E+00    7.1581E-01    0.0000E+00
     430.90001    2.1980E-03    0.0000E+00    7.2561E-01    0.0000E+00
     431.00001    2.1651E-03    0.0000E+00    7.3613E-01    0.0000E+00
     431.10001    2.1354E-03    0.0000E+00    7.4736E-01    0.0000E+00
     431.20001    2.1084E-03    0.0000E+00    7.5926E-01    0.0000E+00
     431.30001    2.0840E-03    0.0000E+00    7.7183E-01    0.0000E+00
     431.40001    2.0620E-03    0.0000E+00    7.8505E-01    0.0000E+00
     431.50001    2.0422E-03    0.0000E+00    7.9889E-01    0.0000E+00
     431.60001    2.0243E-03    0.0000E+00    8.1335E-01    0.0000E+00
     431.70001    2.0083E-03    0.0000E+00    8.2841E-01    0.0000E+00
     431.80001    1.9940E-03    0.0000E+00    8.4404E-01    0.0000E+00
     431.90001    1.9813E-03    0.0000E+00    8.6024E-01    0.0000E+00
     432.00001    1.9700E-03    0.0000E+00    8.7698E-01    0.0000E+00
     432.10001    1.9601E-03    0.0000E+00    8.9425E-01    0.0000E+00
     432.20001    1.9514E-03    0.0000E+00    9.1203E-01    0.0000E+00
     432.30001    1.9438E-03    0.0000E+00    9.3031E-01    0.0000E+00
     432.40001    1.9146E-03    0.0000E+00    9.3801E-01    0.0000E+00
     432.50001    1.8711E-03    0.0000E+00    9.3801E-01    0.0000E+00
     432.60001    1.8293E-03    0.0000E+00    9.3801E-01    0.0000E+00
     432.70001    1.7891E-03    0.0000E+00    9.3801E-01    0.0000E+00
     432.80001    1.7504E-03    0.0000E+00    9.3801E-01    0.0000E+00
     432.90001    1.7132E-03    0.0000E+00    9.3801E-01    0.0000E+00
     433.00001    1.6774E-03    0.0000E+00    9.3801E-01    0.0000E+00
     433.10001    1.6491E-03    0.0000E+00    9.3801E-01    0.0000E+00
     433.20001    1.6359E-03    0.0000E+00    9.3801E-01    0.0000E+00
     433.30001    1.6371E-03    0.0000E+00    9.3801E-01    0.0000E+00
     433.40001    1.6528E-03    0.0000E+00    9.3801E-01    0.0000E+00
     433.50001    1.6833E-03    0.0000E+00    9.3801E-01    0.0000E+00
     433.60001    1.7194E-03    0.0000E+00    9.3801E-01    0.0000E+00
     433.70001    1.7568E-03    0.0000E+00    9.3801E-01    0.0000E+00
     433.80001    1.7957E-03    0.0000E+00    9.3801E-01    0.0000E+00
     433.90001    1.8361E-03    0.0000E+00    9.3801E-01    0.0000E+00
     434.00001    1.8781E-03    0.0000E+00    9.3801E-01    0.0000E+00
     434.10001    1.9218E-03    0.0000E+00    9.3801E-01    0.0000E+00
     434.20001    1.9942E-03    0.0000E+00    9.5088E-01    0.0000E+00
     434.30001    2.0908E-03    0.0000E+00    9.7351E-01    0.0000E+00
     434.40001    2.1937E-03    0.0000E+00    9.9703E-01    0.0000E+00
     434.50001    2.3035E-03    0.0000E+00    1.0215E+00    0.0000E+00
     434.60001    2.4204E-03    0.0000E+00    1.0468E+00    0.0000E+00
     434.70001    2.5451E-03    0.0000E+00    1.0731E+00    0.0000E+00
     434.80001    2.6781E-03    0.0000E+00    1.1003E+00    0.0000E+00
     434.90001    2.8199E-03    0.0000E+00    1.1285E+00    0.0000E+00
     435.00001    2.9712E-03    0.0000E+00    1.1577E+00    0.0000E+00
     435.10001    3.1327E-03    0.0000E+00    1.1879E+00    0.0000E+00
     435.20001    3.3051E-03    0.0000E+00    1.2191E+00    0.0000E+00
     435.30001    3.4891E-03    0.0000E+00    1.2513E+00    0.0000E+00
     435.40001    3.6856E-03    0.0000E+00    1.2846E+00    0.0000E+00
     435.50001    3.8955E-03    0.0000E+00    1.3189E+00    0.0000E+00
     435.60001    4.1198E-03    0.0000E+00    1.3544E+00    0.0000E+00
     435.70001    4.3595E-03    0.0000E+00    1.3909E+00    0.0000E+00
     435.80001    4.6159E-03    0.0000E+00    1.4285E+00    0.0000E+00
     435.90001    4.8900E-03    0.0000E+00    1.4673E+00    0.0000E+00
     436.00001    5.1833E-03    0.0000E+00    1.5073E+00    0.0000E+00
     436.10001    5.4972E-03    0.0000E+00    1.5484E+00    0.0000E+00
     436.20001    5.8333E-03    0.0000E+00    1.5907E+00    0.0000E+00
     436.30001    6.1932E-03    0.0000E+00    1.6342E+00    0.0000E+00
     436.40001    6.5787E-03    0.0000E+00    1.6789E+00    0.0000E+00
     436.50001    6.9919E-03    0.0000E+00    1.7249E+00    0.0000E+00
     436.60001    7.3727E-03    0.0000E+00    1.7574E+00    0.0000E+00
     436.70001    7.6345E-03    0.0000E+00    1.7574E+00    0.0000E+00
     436.80001    7.9096E-03    0.0000E+00    1.7574E+00    0.0000E+00
     436.90001    8.2698E-03    0.0000E+00    1.7726E+00    0.0000E+00
     437.00001    8.8185E-03    0.0000E+00    1.8227E+00    0.0000E+00
     437.10001    9.4082E-03    0.0000E+00    1.8740E+00    0.0000E+00
     437.20001    1.0042E-02    0.0000E+00    1.9268E+00    0.0000E+00
     437.30001    1.0723E-02    0.0000E+00    1.9809E+00    0.0000E+00
     437.40001    1.1456E-02    0.0000E+00    2.0364E+00    0.0000E+00
     437.50001    1.2245E-02    0.0000E+00    2.0933E+00    0.0000E+00
     437.60001    1.3094E-02    0.0000E+00    2.1517E+00    0.0000E+00
     437.70001    1.4007E-02    0.0000E+00    2.2115E+00    0.0000E+00
     437.80001    1.4990E-02    0.0000E+00    2.2729E+00    0.0000E+00
     437.90001    1.6049E-02    0.0000E+00    2.3357E+00    0.0000E+00
     438.00001    1.7189E-02    0.0000E+00    2.4001E+00    0.0000E+00
     438.10001    1.8417E-02    0.0000E+00    2.4659E+00    0.0000E+00
     438.20001    1.9739E-02    0.0000E+00    2.5334E+00    0.0000E+00
     438.30001    2.1164E-02    0.0000E+00    2.6025E+00    0.0000E+00
     438.40001    2.2698E-02    0.0000E+00    2.6731E+00    0.0000E+00
     438.50001    2.4351E-02    0.0000E+00    2.7454E+00    0.0000E+00
     438.60001    2.6130E-02    0.0000E+00    2.8193E+00    0.0000E+00
     438.70001    2.8046E-02    0.0000E+00    2.8950E+00    0.0000E+00
     438.80001    3.0107E-02    0.0000E+00    2.9723E+00    0.0000E+00
     438.90001    3.2325E-02    0.0000E+00    3.0513E+00    0.0000E+00
     439.00001    3.4709E-02    0.0000E+00    3.1321E+00    0.0000E+00
     439.10001    3.7271E-02    0.0000E+00    3.2146E+00    0.0000E+00
     439.20001    4.0022E-02    0.0000E+00    3.2989E+00    0.0000E+00
     439.30001    4.2935E-02    0.0000E+00    3.3820E+00    0.0000E+00
     439.40001    4.4926E-02    0.0000E+00    3.3820E+00    0.0000E+00
     439.50001    4.7005E-02    0.0000E+00    3.3820E+00    0.0000E+00
     439.60001    4.9171E-02    0.0000E+00    3.3820E+00    0.0000E+00
     439.70001    5.1422E-02    0.0000E+00    3.3820E+00    0.0000E+00
     439.80001    5.3757E-02    0.0000E+00    3.3820E+00    0.0000E+00
     439.90001    5.6170E-02    0.0000E+00    3.3820E+00    0.0000E+00
     440.00001    5.8623E-02    0.0000E+00    3.3820E+00    0.0000E+00
     440.10001    6.0762E-02    0.0000E+00    3.3820E+00    0.0000E+00
     440.20001    6.2429E-02    0.0000E+00    3.3820E+00    0.0000E+00
     440.30001    6.3566E-02    0.0000E+00    3.3820E+00    0.0000E+00
     440.40001    6.4134E-02    0.0000E+00    3.3820E+00    0.0000E+00
     440.50001    6.4232E-02    0.0000E+00    3.3820E+00    0.0000E+00
     440.60001    6.4207E-02    0.0000E+00    3.3820E+00    0.0000E+00
     440.70001    6.4084E-02    0.0000E+00    3.3820E+00    0.0000E+00
     440.80001    6.3867E-02    0.0000E+00    3.3820E+00    0.0000E+00
     440.90001    6.3561E-02    0.0000E+00    3.3820E+00    0.0000E+00
     441.00001    6.3170E-02    0.0000E+00    3.3820E+00    0.0000E+00
     441.10001    6.2753E-02    0.0000E+00    3.3849E+00    0.0000E+00
     441.20001    6.3754E-02    0.0000E+00    3.4690E+00    0.0000E+00
     441.30001    6.4659E-02    0.0000E+00    3.5531E+00    0.0000E+00
     441.40001    6.5468E-02    0.0000E+00    3.6373E+00    0.0000E+00
     441.50001    6.6184E-02    0.0000E+00    3.7215E+00    0.0000E+00
     441.60001    6.6808E-02    0.0000E+00    3.8056E+00    0.0000E+00
     441.70001    6.7344E-02    0.0000E+00    3.8897E+00    0.0000E+00
     441.80001    6.7794E-02    0.0000E+00    3.9737E+00    0.0000E+00
     441.90001    6.8161E-02    0.0000E+00    4.0575E+00    0.0000E+00
     442.00001    6.8451E-02    0.0000E+00    4.1411E+00    0.0000E+00
     442.10001    6.8667E-02    0.0000E+00    4.2244E+00    0.0000E+00
     442.20001    6.8814E-02    0.0000E+00    4.3075E+00    0.0000E+00
     442.30001    6.8897E-02    0.0000E+00    4.3903E+00    0.0000E+00
     442.40001    6.8919E-02    0.0000E+00    4.4728E+00    0.0000E+00
     442.50001    6.8887E-02    0.0000E+00    4.5549E+00    0.0000E+00
     442.60001    6.8804E-02    0.0000E+00    4.6366E+00    0.0000E+00
     442.70001    6.8675E-02    0.0000E+00    4.7178E+00    0.0000E+00
     442.80001    6.8505E-02    0.0000E+00    4.7986E+00    0.0000E+00
     442.90001    6.8299E-02    0.0000E+00    4.8789E+00    0.0000E+00
     443.00001    6.8059E-02    0.0000E+00    4.9586E+00    0.0000E+00
     443.10001    6.7792E-02    0.0000E+00    5.0377E+00    0.0000E+00
     443.20001    6.7499E-02    0.0000E+00    5.1163E+00    0.0000E+00
     443.30001    6.7186E-02    0.0000E+00    5.1942E+00    0.0000E+00
     443.40001    6.6856E-02    0.0000E+00    5.2715E+00    0.0000E+00
     443.50001    6.6512E-02    0.0000E+00    5.3480E+00    0.0000E+00
     443.60001    6.5457E-02    0.0000E+00    5.3665E+00    0.0000E+00
     443.70001    6.4207E-02    0.0000E+00    5.3665E+00    0.0000E+00
     443.80001    6.2995E-02    0.0000E+00    5.3665E+00    0.0000E+00
     443.90001    6.2448E-02    0.0000E+00    5.4210E+00    0.0000E+00
     444.00001    6.2105E-02    0.0000E+00    5.4922E+00    0.0000E+00
     444.10001    6.1765E-02    0.0000E+00    5.5626E+00    0.0000E+00
     444.20001    6.1428E-02    0.0000E+00    5.6321E+00    0.0000E+00
     444.30001    6.1096E-02    0.0000E+00    5.7008E+00    0.0000E+00
     444.40001    6.0771E-02    0.0000E+00    5.7685E+00    0.0000E+00
     444.50001    6.0455E-02    0.0000E+00    5.8353E+00    0.0000E+00
     444.60001    6.0150E-02    0.0000E+00    5.9012E+00    0.0000E+00
     444.70001    5.9856E-02    0.0000E+00    5.9661E+00    0.0000E+00
     444.80001    5.9576E-02    0.0000E+00    6.0300E+00    0.0000E+00
     444.90001    5.9309E-02    0.0000E+00    6.0928E+00    0.0000E+00
     445.00001    5.9058E-02    0.0000E+00    6.1546E+00    0.0000E+00
     445.10001    5.8823E-02    0.0000E+00    6.2154E+00    0.0000E+00
     445.20001    5.8606E-02    0.0000E+00    6.2750E+00    0.0000E+00
     445.30001    5.8406E-02    0.0000E+00    6.3336E+00    0.0000E+00
     445.40001    5.8226E-02    0.0000E+00    6.3910E+00    0.0000E+00
     445.50001    5.8064E-02    0.0000E+00    6.4473E+00    0.0000E+00
     445.60001    5.7923E-02    0.0000E+00    6.5024E+00    0.0000E+00
     445.70001    5.7802E-02    0.0000E+00    6.5563E+00    0.0000E+00
     445.80001    5.7701E-02    0.0000E+00    6.6091E+00    0.0000E+00
     445.90001    5.7621E-02    0.0000E+00    6.6606E+00    0.0000E+00
     446.00001    5.7562E-02    0.0000E+00    6.7108E+00    0.0000E+00
     446.10001    5.7523E-02    0.0000E+00    6.7599E+00    0.0000E+00
     446.20001    5.7503E-02    0.0000E+00    6.8076E+00    0.0000E+00
     446.30001    5.7317E-02    0.0000E+00    6.8319E+00    0.0000E+00
     446.40001    5.6959E-02    0.0000E+00    6.8319E+00    0.0000E+00
     446.50001    5.6631E-02    0.0000E+00    6.8319E+00    0.0000E+00
     446.60001    5.6331E-02    0.0000E+00    6.8319E+00    0.0000E+00
     446.70001    5.6057E-02    0.0000E+00    6.8319E+00    0.0000E+00
     446.80001    5.5805E-02    0.0000E+00    6.8319E+00    0.0000E+00
     446.90001    5.5570E-02    0.0000E+00    6.8319E+00    0.0000E+00
     447.00001    5.5515E-02    0.0000E+00    6.8319E+00    0.0000E+00
     447.10001    5.5934E-02    0.0000E+00    6.8319E+00    0.0000E+00
     447.20001    5.6819E-02    0.0000E+00    6.8319E+00    0.0000E+00
     447.30001    5.8180E-02    0.0000E+00    6.8319E+00    0.0000E+00
     447.40001    6.0041E-02    0.0000E+00    6.8319E+00    0.0000E+00
     447.50001    6.2114E-02    0.0000E+00    6.8319E+00    0.0000E+00
     447.60001    6.4202E-02    0.0000E+00    6.8319E+00    0.0000E+00
     447.70001    6.6299E-02    0.0000E+00    6.8319E+00    0.0000E+00
     447.80001    6.8402E-02    0.0000E+00    6.8319E+00    0.0000E+00
     447.90001    7.0507E-02    0.0000E+00    6.8319E+00    0.0000E+00
     448.00001    7.2610E-02    0.0000E+00    6.8319E+00    0.0000E+00
     448.10001    7.4849E-02    0.0000E+00    6.8447E+00    0.0000E+00
     448.20001    7.7239E-02    0.0000E+00    6.8708E+00    0.0000E+00
     448.30001    7.9630E-02    0.0000E+00    6.8962E+00    0.0000E+00
     448.40001    8.2020E-02    0.0000E+00    6.9210E+00    0.0000E+00
     448.50001    8.4408E-02    0.0000E+00    6.9451E+00    0.0000E+00
     448.60001    8.6792E-02    0.0000E+00    6.9686E+00    0.0000E+00
     448.70001    8.9172E-02    0.0000E+00    6.9915E+00    0.0000E+00
     448.80001    9.1549E-02    0.0000E+00    7.0137E+00    0.0000E+00
     448.90001    9.3923E-02    0.0000E+00    7.0353E+00    0.0000E+00
     449.00001    9.6296E-02    0.0000E+00    7.0562E+00    0.0000E+00
     449.10001    9.8669E-02    0.0000E+00    7.0766E+00    0.0000E+00
     449.20001    1.0104E-01    0.0000E+00    7.0963E+00    0.0000E+00
     449.30001    1.0342E-01    0.0000E+00    7.1153E+00    0.0000E+00
     449.40001    1.0581E-01    0.0000E+00    7.1338E+00    0.0000E+00
     449.50001    1.0820E-01    0.0000E+00    7.1517E+00    0.0000E+00
     449.60001    1.1061E-01    0.0000E+00    7.1689E+00    0.0000E+00
     449.70001    1.1302E-01    0.0000E+00    7.1856E+00    0.0000E+00
     449.80001    1.1546E-01    0.0000E+00    7.2016E+00    0.0000E+00
     449.90001    1.1791E-01    0.0000E+00    7.2171E+00    0.0000E+00
     450.00001    1.2039E-01    0.0000E+00    7.2320E+00    0.0000E+00
     450.10001    1.2288E-01    0.0000E+00    7.2463E+00    0.0000E+00
     450.20001    1.2541E-01    0.0000E+00    7.2601E+00    0.0000E+00
     450.30001    1.2795E-01    0.0000E+00    7.2733E+00    0.0000E+00
     450.40001    1.3053E-01    0.0000E+00    7.2859E+00    0.0000E+00
     450.50001    1.3308E-01    0.0000E+00    7.2956E+00    0.0000E+00
     450.60001    1.3549E-01    0.0000E+00    7.2956E+00    0.0000E+00
     450.70001    1.3793E-01    0.0000E+00    7.2956E+00    0.0000E+00
     450.80001    1.4044E-01    0.0000E+00    7.2976E+00    0.0000E+00
     450.90001    1.4312E-01    0.0000E+00    7.3070E+00    0.0000E+00
     451.00001    1.4582E-01    0.0000E+00    7.3160E+00    0.0000E+00
     451.10001    1.4854E-01    0.0000E+00    7.3244E+00    0.0000E+00
     451.20001    1.5128E-01    0.0000E+00    7.3324E+00    0.0000E+00
     451.30001    1.5404E-01    0.0000E+00    7.3398E+00    0.0000E+00
     451.40001    1.5680E-01    0.0000E+00    7.3468E+00    0.0000E+00
     451.50001    1.5957E-01    0.0000E+00    7.3534E+00    0.0000E+00
     451.60001    1.6233E-01    0.0000E+00    7.3595E+00    0.0000E+00
     451.70001    1.6509E-01    0.0000E+00    7.3652E+00    0.0000E+00
     451.80001    1.6784E-01    0.0000E+00    7.3705E+00    0.0000E+00
     451.90001    1.7056E-01    0.0000E+00    7.3753E+00    0.0000E+00
     452.00001    1.7324E-01    0.0000E+00    7.3798E+00    0.0000E+00
     452.10001    1.7589E-01    0.0000E+00    7.3839E+00    0.0000E+00
     452.20001    1.7848E-01    0.0000E+00    7.3876E+00    0.0000E+00
     452.30001    1.8100E-01    0.0000E+00    7.3910E+00    0.0000E+00
     452.40001    1.8345E-01    0.0000E+00    7.3941E+00    0.0000E+00
     452.50001    1.8581E-01    0.0000E+00    7.3968E+00    0.0000E+00
     452.60001    1.8807E-01    0.0000E+00    7.3992E+00    0.0000E+00
     452.70001    1.9020E-01    0.0000E+00    7.4013E+00    0.0000E+00
     452.80001    1.9221E-01    0.0000E+00    7.4032E+00    0.0000E+00
     452.90001    1.9408E-01    0.0000E+00    7.4048E+00    0.0000E+00
     453.00001    1.9578E-01    0.0000E+00    7.4061E+00    0.0000E+00
     453.10001    1.9731E-01    0.0000E+00    7.4073E+00    0.0000E+00
     453.20001    1.9865E-01    0.0000E+00    7.4082E+00    0.0000E+00
     453.30001    1.9977E-01    0.0000E+00    7.4082E+00    0.0000E+00
     453.40001    2.0067E-01    0.0000E+00    7.4082E+00    0.0000E+00
     453.50001    2.0135E-01    0.0000E+00    7.4082E+00    0.0000E+00
     453.60001    2.0179E-01    0.0000E+00    7.4082E+00    0.0000E+00
     453.70001    2.0198E-01    0.0000E+00    7.4082E+00    0.0000E+00
     453.80001    2.0191E-01    0.0000E+00    7.4082E+00    0.0000E+00
     453.90001    2.0149E-01    0.0000E+00    7.4082E+00    0.0000E+00
     454.00001    1.9906E-01    0.0000E+00    7.4082E+00    0.0000E+00
     454.10001    1.9410E-01    0.0000E+00    7.4082E+00    0.0000E+00
     454.20001    1.8687E-01    0.0000E+00    7.4082E+00    0.0000E+00
     454.30001    1.7773E-01    0.0000E+00    7.4082E+00    0.0000E+00
     454.40001    1.6746E-01    0.0000E+00    7.4082E+00    0.0000E+00
     454.50001    1.5776E-01    0.0000E+00    7.4082E+00    0.0000E+00
     454.60001    1.4877E-01    0.0000E+00    7.4082E+00    0.0000E+00
     454.70001    1.4043E-01    0.0000E+00    7.4082E+00    0.0000E+00
     454.80001    1.3269E-01    0.0000E+00    7.4082E+00    0.0000E+00
     454.90001    1.2552E-01    0.0000E+00    7.4082E+00    0.0000E+00
     455.00001    1.1887E-01    0.0000E+00    7.4082E+00    0.0000E+00
     455.10001    1.1258E-01    0.0000E+00    7.3998E+00    0.0000E+00
     455.20001    1.0673E-01    0.0000E+00    7.3906E+00    0.0000E+00
     455.30001    1.0131E-01    0.0000E+00    7.3813E+00    0.0000E+00
     455.40001    9.6272E-02    0.0000E+00    7.3719E+00    0.0000E+00
     455.50001    9.1593E-02    0.0000E+00    7.3623E+00    0.0000E+00
     455.60001    8.7242E-02    0.0000E+00    7.3526E+00    0.0000E+00
     455.70001    8.3193E-02    0.0000E+00    7.3426E+00    0.0000E+00
     455.80001    7.9423E-02    0.0000E+00    7.3325E+00    0.0000E+00
     455.90001    7.5908E-02    0.0000E+00    7.3222E+00    0.0000E+00
     456.00001    7.2629E-02    0.0000E+00    7.3116E+00    0.0000E+00
     456.10001    6.9568E-02    0.0000E+00    7.3007E+00    0.0000E+00
     456.20001    6.6707E-02    0.0000E+00    7.2897E+00    0.0000E+00
     456.30001    6.4030E-02    0.0000E+00    7.2783E+00    0.0000E+00
     456.40001    6.1524E-02    0.0000E+00    7.2666E+00    0.0000E+00
     456.50001    5.9175E-02    0.0000E+00    7.2546E+00    0.0000E+00
     456.60001    5.6971E-02    0.0000E+00    7.2423E+00    0.0000E+00
     456.70001    5.4901E-02    0.0000E+00    7.2297E+00    0.0000E+00
     456.80001    5.2955E-02    0.0000E+00    7.2167E+00    0.0000E+00
     456.90001    5.1123E-02    0.0000E+00    7.2034E+00    0.0000E+00
     457.00001    4.9396E-02    0.0000E+00    7.1897E+00    0.0000E+00
     457.10001    4.7767E-02    0.0000E+00    7.1756E+00    0.0000E+00
     457.20001    4.6228E-02    0.0000E+00    7.1611E+00    0.0000E+00
     457.30001    4.4772E-02    0.0000E+00    7.1463E+00    0.0000E+00
     457.40001    4.3393E-02    0.0000E+00    7.1310E+00    0.0000E+00
     457.50001    4.2144E-02    0.0000E+00    7.1255E+00    0.0000E+00
     457.60001    4.0990E-02    0.0000E+00    7.1255E+00    0.0000E+00
     457.70001    3.9891E-02    0.0000E+00    7.1255E+00    0.0000E+00
     457.80001    3.8781E-02    0.0000E+00    7.1141E+00    0.0000E+00
     457.90001    3.7688E-02    0.0000E+00    7.0961E+00    0.0000E+00
     458.00001    3.6639E-02    0.0000E+00    7.0777E+00    0.0000E+00
     458.10001    3.5630E-02    0.0000E+00    7.0588E+00    0.0000E+00
     458.20001    3.4658E-02    0.0000E+00    7.0395E+00    0.0000E+00
     458.30001    3.3718E-02    0.0000E+00    7.0196E+00    0.0000E+00
     458.40001    3.2806E-02    0.0000E+00    6.9993E+00    0.0000E+00
     458.50001    3.1919E-02    0.0000E+00    6.9785E+00    0.0000E+00
     458.60001    3.1053E-02    0.0000E+00    6.9572E+00    0.0000E+00
     458.70001    3.0205E-02    0.0000E+00    6.9353E+00    0.0000E+00
     458.80001    2.9372E-02    0.0000E+00    6.9130E+00    0.0000E+00
     458.90001    2.8551E-02    0.0000E+00    6.8902E+00    0.0000E+00
     459.00001    2.7739E-02    0.0000E+00    6.8668E+00    0.0000E+00
     459.10001    2.6934E-02    0.0000E+00    6.8429E+00    0.0000E+00
     459.20001    2.6134E-02    0.0000E+00    6.8185E+00    0.0000E+00
     459.30001    2.5338E-02    0.0000E+00    6.7935E+00    0.0000E+00
     459.40001    2.4544E-02    0.0000E+00    6.7681E+00    0.0000E+00
     459.50001    2.3751E-02    0.0000E+00    6.7421E+00    0.0000E+00
     459.60001    2.2960E-02    0.0000E+00    6.7155E+00    0.0000E+00
     459.70001    2.2169E-02    0.0000E+00    6.6884E+00    0.0000E+00
     459.80001    2.1381E-02    0.0000E+00    6.6608E+00    0.0000E+00
     459.90001    2.0594E-02    0.0000E+00    6.6327E+00    0.0000E+00
     460.00001    1.9811E-02    0.0000E+00    6.6040E+00    0.0000E+00
     460.10001    1.9034E-02    0.0000E+00    6.5747E+00    0.0000E+00
     460.20001    1.8294E-02    0.0000E+00    6.5562E+00    0.0000E+00
     460.30001    1.7612E-02    0.0000E+00    6.5562E+00    0.0000E+00
     460.40001    1.6935E-02    0.0000E+00    6.5562E+00    0.0000E+00
     460.50001    1.6266E-02    0.0000E+00    6.5562E+00    0.0000E+00
     460.60001    1.5607E-02    0.0000E+00    6.5562E+00    0.0000E+00
     460.70001    1.4959E-02    0.0000E+00    6.5562E+00    0.0000E+00
     460.80001    1.4325E-02    0.0000E+00    6.5562E+00    0.0000E+00
     460.90001    1.3738E-02    0.0000E+00    6.5562E+00    0.0000E+00
     461.00001    1.3276E-02    0.0000E+00    6.5562E+00    0.0000E+00
     461.10001    1.2936E-02    0.0000E+00    6.5562E+00    0.0000E+00
     461.20001    1.2711E-02    0.0000E+00    6.5562E+00    0.0000E+00
     461.30001    1.2603E-02    0.0000E+00    6.5562E+00    0.0000E+00
     461.40001    1.2555E-02    0.0000E+00    6.5562E+00    0.0000E+00
     461.50001    1.2518E-02    0.0000E+00    6.5562E+00    0.0000E+00
     461.60001    1.2491E-02    0.0000E+00    6.5562E+00    0.0000E+00
     461.70001    1.2475E-02    0.0000E+00    6.5562E+00    0.0000E+00
     461.80001    1.2470E-02    0.0000E+00    6.5562E+00    0.0000E+00
     461.90001    1.2477E-02    0.0000E+00    6.5562E+00    0.0000E+00
     462.00001    1.2462E-02    0.0000E+00    6.5382E+00    0.0000E+00
     462.10001    1.2400E-02    0.0000E+00    6.4895E+00    0.0000E+00
     462.20001    1.2348E-02    0.0000E+00    6.4397E+00    0.0000E+00
     462.30001    1.2306E-02    0.0000E+00    6.3887E+00    0.0000E+00
     462.40001    1.2273E-02    0.0000E+00    6.3365E+00    0.0000E+00
     462.50001    1.2249E-02    0.0000E+00    6.2833E+00    0.0000E+00
     462.60001    1.2234E-02    0.0000E+00    6.2290E+00    0.0000E+00
     462.70001    1.2227E-02    0.0000E+00    6.1736E+00    0.0000E+00
     462.80001    1.2230E-02    0.0000E+00    6.1171E+00    0.0000E+00
     462.90001    1.2241E-02    0.0000E+00    6.0597E+00    0.0000E+00
     463.00001    1.2261E-02    0.0000E+00    6.0012E+00    0.0000E+00
     463.10001    1.2289E-02    0.0000E+00    5.9418E+00    0.0000E+00
     463.20001    1.2326E-02    0.0000E+00    5.8814E+00    0.0000E+00
     463.30001    1.2371E-02    0.0000E+00    5.8201E+00    0.0000E+00
     463.40001    1.2424E-02    0.0000E+00    5.7579E+00    0.0000E+00
     463.50001    1.2486E-02    0.0000E+00    5.6948E+00    0.0000E+00
     463.60001    1.2556E-02    0.0000E+00    5.6309E+00    0.0000E+00
     463.70001    1.2635E-02    0.0000E+00    5.5662E+00    0.0000E+00
     463.80001    1.2722E-02    0.0000E+00    5.5007E+00    0.0000E+00
     463.90001    1.2817E-02    0.0000E+00    5.4344E+00    0.0000E+00
     464.00001    1.2921E-02    0.0000E+00    5.3674E+00    0.0000E+00
     464.10001    1.3034E-02    0.0000E+00    5.2997E+00    0.0000E+00
     464.20001    1.3156E-02    0.0000E+00    5.2314E+00    0.0000E+00
     464.30001    1.3288E-02    0.0000E+00    5.1624E+00    0.0000E+00
     464.40001    1.3446E-02    0.0000E+00    5.0998E+00    0.0000E+00
     464.50001    1.3787E-02    0.0000E+00    5.0998E+00    0.0000E+00
     464.60001    1.4148E-02    0.0000E+00    5.0998E+00    0.0000E+00
     464.70001    1.4510E-02    0.0000E+00    5.0925E+00    0.0000E+00
     464.80001    1.4702E-02    0.0000E+00    5.0190E+00    0.0000E+00
     464.90001    1.4905E-02    0.0000E+00    4.9450E+00    0.0000E+00
     465.00001    1.5120E-02    0.0000E+00    4.8706E+00    0.0000E+00
     465.10001    1.5347E-02    0.0000E+00    4.7958E+00    0.0000E+00
     465.20001    1.5587E-02    0.0000E+00    4.7207E+00    0.0000E+00
     465.30001    1.5840E-02    0.0000E+00    4.6452E+00    0.0000E+00
     465.40001    1.6108E-02    0.0000E+00    4.5695E+00    0.0000E+00
     465.50001    1.6390E-02    0.0000E+00    4.4936E+00    0.0000E+00
     465.60001    1.6687E-02    0.0000E+00    4.4175E+00    0.0000E+00
     465.70001    1.7000E-02    0.0000E+00    4.3412E+00    0.0000E+00
     465.80001    1.7330E-02    0.0000E+00    4.2649E+00    0.0000E+00
     465.90001    1.7678E-02    0.0000E+00    4.1884E+00    0.0000E+00
     466.00001    1.8044E-02    0.0000E+00    4.1120E+00    0.0000E+00
     466.10001    1.8429E-02    0.0000E+00    4.0356E+00    0.0000E+00
     466.20001    1.8835E-02    0.0000E+00    3.9593E+00    0.0000E+00
     466.30001    1.9262E-02    0.0000E+00    3.8830E+00    0.0000E+00
     466.40001    1.9712E-02    0.0000E+00    3.8070E+00    0.0000E+00
     466.50001    2.0186E-02    0.0000E+00    3.7311E+00    0.0000E+00
     466.60001    2.0685E-02    0.0000E+00    3.6555E+00    0.0000E+00
     466.70001    2.1210E-02    0.0000E+00    3.5803E+00    0.0000E+00
     466.80001    2.1763E-02    0.0000E+00    3.5053E+00    0.0000E+00
     466.90001    2.2346E-02    0.0000E+00    3.4308E+00    0.0000E+00
     467.00001    2.2960E-02    0.0000E+00    3.3567E+00    0.0000E+00
     467.10001    2.3606E-02    0.0000E+00    3.2831E+00    0.0000E+00
     467.20001    2.4741E-02    0.0000E+00    3.2702E+00    0.0000E+00
     467.30001    2.6059E-02    0.0000E+00    3.2702E+00    0.0000E+00
     467.40001    2.7472E-02    0.0000E+00    3.2702E+00    0.0000E+00
     467.50001    2.8990E-02    0.0000E+00    3.2702E+00    0.0000E+00
     467.60001    3.0618E-02    0.0000E+00    3.2702E+00    0.0000E+00
     467.70001    3.2366E-02    0.0000E+00    3.2702E+00    0.0000E+00
     467.80001    3.4239E-02    0.0000E+00    3.2702E+00    0.0000E+00
     467.90001    3.6064E-02    0.0000E+00    3.2702E+00    0.0000E+00
     468.00001    3.7708E-02    0.0000E+00    3.2702E+00    0.0000E+00
     468.10001    3.9118E-02    0.0000E+00    3.2702E+00    0.0000E+00
     468.20001    4.0249E-02    0.0000E+00    3.2702E+00    0.0000E+00
     468.30001    4.1098E-02    0.0000E+00    3.2702E+00    0.0000E+00
     468.40001    4.1876E-02    0.0000E+00    3.2702E+00    0.0000E+00
     468.50001    4.2622E-02    0.0000E+00    3.2702E+00    0.0000E+00
     468.60001    4.3332E-02    0.0000E+00    3.2702E+00    0.0000E+00
     468.70001    4.4003E-02    0.0000E+00    3.2702E+00    0.0000E+00
     468.80001    4.4632E-02    0.0000E+00    3.2702E+00    0.0000E+00
     468.90001    4.5216E-02    0.0000E+00    3.2702E+00    0.0000E+00
     469.00001    4.4903E-02    0.0000E+00    3.2095E+00    0.0000E+00
     469.10001    4.4364E-02    0.0000E+00    3.1376E+00    0.0000E+00
     469.20001    4.3785E-02    0.0000E+00    3.0678E+00    0.0000E+00
     469.30001    4.3167E-02    0.0000E+00    3.0001E+00    0.0000E+00
     469.40001    4.2513E-02    0.0000E+00    2.9343E+00    0.0000E+00
     469.50001    4.1824E-02    0.0000E+00    2.8704E+00    0.0000E+00
     469.60001    4.1104E-02    0.0000E+00    2.8085E+00    0.0000E+00
     469.70001    4.0356E-02    0.0000E+00    2.7485E+00    0.0000E+00
     469.80001    3.9582E-02    0.0000E+00    2.6904E+00    0.0000E+00
     469.90001    3.8786E-02    0.0000E+00    2.6341E+00    0.0000E+00
     470.00001    3.7970E-02    0.0000E+00    2.5797E+00    0.0000E+00
     470.10001    3.7139E-02    0.0000E+00    2.5271E+00    0.0000E+00
     470.20001    3.6294E-02    0.0000E+00    2.4762E+00    0.0000E+00
     470.30001    3.5440E-02    0.0000E+00    2.4271E+00    0.0000E+00
     470.40001    3.4579E-02    0.0000E+00    2.3798E+00    0.0000E+00
     470.50001    3.3714E-02    0.0000E+00    2.3341E+00    0.0000E+00
     470.60001    3.2849E-02    0.0000E+00    2.2901E+00    0.0000E+00
     470.70001    3.1985E-02    0.0000E+00    2.2478E+00    0.0000E+00
     470.80001    3.1127E-02    0.0000E+00    2.2071E+00    0.0000E+00
     470.90001    3.0275E-02    0.0000E+00    2.1679E+00    0.0000E+00
     471.00001    2.9432E-02    0.0000E+00    2.1304E+00    0.0000E+00
     471.10001    2.8601E-02    0.0000E+00    2.0944E+00    0.0000E+00
     471.20001    2.7783E-02    0.0000E+00    2.0600E+00    0.0000E+00
     471.30001    2.6980E-02    0.0000E+00    2.0270E+00    0.0000E+00
     471.40001    2.6417E-02    0.0000E+00    2.0126E+00    0.0000E+00
     471.50001    2.6033E-02    0.0000E+00    2.0126E+00    0.0000E+00
     471.60001    2.5637E-02    0.0000E+00    2.0126E+00    0.0000E+00
     471.70001    2.5026E-02    0.0000E+00    1.9962E+00    0.0000E+00
     471.80001    2.4260E-02    0.0000E+00    1.9674E+00    0.0000E+00
     471.90001    2.3517E-02    0.0000E+00    1.9400E+00    0.0000E+00
     472.00001    2.2797E-02    0.0000E+00    1.9140E+00    0.0000E+00
     472.10001    2.2100E-02    0.0000E+00    1.8893E+00    0.0000E+00
     472.20001    2.1426E-02    0.0000E+00    1.8659E+00    0.0000E+00
     472.30001    2.0776E-02    0.0000E+00    1.8438E+00    0.0000E+00
     472.40001    2.0150E-02    0.0000E+00    1.8229E+00    0.0000E+00
     472.50001    1.9547E-02    0.0000E+00    1.8033E+00    0.0000E+00
     472.60001    1.8968E-02    0.0000E+00    1.7850E+00    0.0000E+00
     472.70001    1.8411E-02    0.0000E+00    1.7678E+00    0.0000E+00
     472.80001    1.7877E-02    0.0000E+00    1.7519E+00    0.0000E+00
     472.90001    1.7365E-02    0.0000E+00    1.7370E+00    0.0000E+00
     473.00001    1.6875E-02    0.0000E+00    1.7234E+00    0.0000E+00
     473.10001    1.6406E-02    0.0000E+00    1.7108E+00    0.0000E+00
     473.20001    1.5957E-02    0.0000E+00    1.6993E+00    0.0000E+00
     473.30001    1.5528E-02    0.0000E+00    1.6890E+00    0.0000E+00
     473.40001    1.5119E-02    0.0000E+00    1.6796E+00    0.0000E+00
     473.50001    1.4728E-02    0.0000E+00    1.6713E+00    0.0000E+00
     473.60001    1.4355E-02    0.0000E+00    1.6641E+00    0.0000E+00
     473.70001    1.4000E-02    0.0000E+00    1.6578E+00    0.0000E+00
     473.80001    1.3661E-02    0.0000E+00    1.6525E+00    0.0000E+00
     473.90001    1.3339E-02    0.0000E+00    1.6481E+00    0.0000E+00
     474.00001    1.3032E-02    0.0000E+00    1.6447E+00    0.0000E+00
     474.10001    1.2744E-02    0.0000E+00    1.6428E+00    0.0000E+00
     474.20001    1.2479E-02    0.0000E+00    1.6428E+00    0.0000E+00
     474.30001    1.2219E-02    0.0000E+00    1.6428E+00    0.0000E+00
     474.40001    1.1966E-02    0.0000E+00    1.6428E+00    0.0000E+00
     474.50001    1.1720E-02    0.0000E+00    1.6428E+00    0.0000E+00
     474.60001    1.1479E-02    0.0000E+00    1.6428E+00    0.0000E+00
     474.70001    1.1245E-02    0.0000E+00    1.6428E+00    0.0000E+00
     474.80001    1.1036E-02    0.0000E+00    1.6428E+00    0.0000E+00
     474.90001    1.0920E-02    0.0000E+00    1.6428E+00    0.0000E+00
